{"type":"FeatureCollection","properties":{"region":"WC","generatedAt":"2026-08-04T16:20:20.067Z","attribution":"© OpenStreetMap contributors","license":"ODbL"},"features":[{"type":"Feature","properties":{"routeId":"ct-chrishani","source":"OpenStreetMap","license":"ODbL","stations":17},"geometry":{"type":"LineString","coordinates":[[18.4274124,-33.923851],[18.4275301,-33.9239402],[18.4277769,-33.9241089],[18.4278754,-33.9241718],[18.428098,-33.9242854],[18.4283364,-33.9244052],[18.4285362,-33.9244865],[18.4287039,-33.9245443],[18.4290718,-33.9246677],[18.4292416,-33.9247252],[18.4293683,-33.9247662],[18.4295762,-33.9248359],[18.4299019,-33.9249501],[18.429536,-33.9247986],[18.4293825,-33.9247185],[18.4292363,-33.9246311],[18.4290177,-33.9245004],[18.428893,-33.9244225],[18.4288322,-33.9243843],[18.4286603,-33.9242839],[18.4284625,-33.9241604],[18.4286824,-33.924265],[18.4289151,-33.9243635],[18.4291013,-33.9244411],[18.4293658,-33.9245521],[18.4295015,-33.9246086],[18.4296298,-33.9246559],[18.4294928,-33.9245841],[18.4293609,-33.9245092],[18.4295113,-33.9245712],[18.4296473,-33.9246291],[18.4297992,-33.9246932],[18.4299429,-33.9247513],[18.4301114,-33.924822],[18.4304975,-33.924976],[18.430677,-33.9250284],[18.431063,-33.9251093],[18.431361,-33.9251611],[18.431704,-33.9252265],[18.4320207,-33.9252832],[18.4322172,-33.9253005],[18.4323772,-33.9253051],[18.4334297,-33.9253455],[18.433909,-33.9253698],[18.4342782,-33.9253845],[18.4345253,-33.925367],[18.4345791,-33.925362],[18.4346245,-33.9253575],[18.434736,-33.9253477],[18.4349129,-33.9253347],[18.4350284,-33.9253231],[18.4356095,-33.9253473],[18.436033,-33.9253633],[18.4363143,-33.9253687],[18.4364806,-33.9253691],[18.4366372,-33.9253658],[18.4368,-33.9253602],[18.4383914,-33.9252739],[18.43883,-33.9252502],[18.439204,-33.9252292],[18.4394713,-33.925206],[18.4398833,-33.9251495],[18.440144,-33.9250986],[18.4403609,-33.9250512],[18.4406124,-33.9249817],[18.4407442,-33.9249434],[18.442352,-33.9244302],[18.4431658,-33.9241674],[18.4435428,-33.9240477],[18.4437915,-33.9239679],[18.4439591,-33.9239156],[18.4441462,-33.9238594],[18.4443252,-33.9238127],[18.4445459,-33.9237626],[18.444743,-33.9237264],[18.44504,-33.9236791],[18.4453666,-33.9236357],[18.4459614,-33.9235595],[18.4463054,-33.9235172],[18.4469489,-33.9234549],[18.4473085,-33.9234223],[18.4478305,-33.9233794],[18.448466,-33.9233256],[18.4487127,-33.9232964],[18.4489568,-33.9232558],[18.4495926,-33.9231259],[18.4500406,-33.9230213],[18.4514606,-33.9226866],[18.4520247,-33.9225505],[18.4523394,-33.9224757],[18.4526855,-33.9223961],[18.4529841,-33.9223266],[18.4532674,-33.9222661],[18.4535326,-33.9222136],[18.4537814,-33.9221729],[18.4540923,-33.9221296],[18.4543177,-33.9221061],[18.4545469,-33.9220823],[18.4547125,-33.9220711],[18.4548841,-33.9220622],[18.4551859,-33.9220481],[18.457072,-33.9220142],[18.4582245,-33.9219953],[18.458442,-33.9219943],[18.4591001,-33.9219843],[18.4593174,-33.9219882],[18.4594501,-33.9219932],[18.4596714,-33.9220088],[18.4599443,-33.9220371],[18.460293,-33.9220805],[18.4609452,-33.9221508],[18.4631066,-33.9224372],[18.4634772,-33.9224798],[18.4638931,-33.9225229],[18.4641398,-33.9225351],[18.4642987,-33.9225423],[18.464575,-33.9225457],[18.4647313,-33.9225468],[18.4649029,-33.922539],[18.4651155,-33.9225284],[18.4653917,-33.9225073],[18.4657237,-33.9224722],[18.4661367,-33.922426],[18.466871,-33.922342],[18.4669181,-33.9223366],[18.4683598,-33.9221702],[18.4686777,-33.9221272],[18.4690393,-33.9220732],[18.4721402,-33.9213808],[18.4733908,-33.9210924],[18.4736181,-33.9210336],[18.4738624,-33.9209666],[18.4741284,-33.9208867],[18.4743478,-33.920814],[18.4747865,-33.9206564],[18.4753535,-33.9204263],[18.4767132,-33.9198661],[18.4780289,-33.9193206],[18.4784633,-33.9191568],[18.4788024,-33.9190436],[18.478958,-33.9189974],[18.4792396,-33.9189179],[18.4796609,-33.9188173],[18.4799745,-33.9187436],[18.4804124,-33.9186468],[18.4806551,-33.9185939],[18.4810648,-33.9185016],[18.4814578,-33.9184125],[18.4820512,-33.9182589],[18.4835539,-33.9179002],[18.4855193,-33.9174315],[18.4864463,-33.9172118],[18.4868868,-33.9171045],[18.4873125,-33.9170082],[18.4874649,-33.9169721],[18.4879968,-33.9168829],[18.4882391,-33.9168222],[18.4885073,-33.9167587],[18.4890129,-33.916638],[18.4893266,-33.9165642],[18.489668,-33.9165],[18.4898406,-33.9164727],[18.4900053,-33.9164466],[18.4901944,-33.9164165],[18.4903795,-33.9163859],[18.4907355,-33.9163308],[18.4909736,-33.9162969],[18.4911131,-33.9162769],[18.4913947,-33.9162412],[18.4915509,-33.9162262],[18.4917715,-33.9162062],[18.4919613,-33.9161928],[18.4921417,-33.9161828],[18.4924293,-33.9161761],[18.4926862,-33.9161756],[18.4929168,-33.9161811],[18.4930932,-33.9161873],[18.4932126,-33.9161962],[18.4934211,-33.9162117],[18.4937634,-33.9162485],[18.493972,-33.9162758],[18.494271,-33.9163186],[18.4945748,-33.9163748],[18.4949651,-33.9164633],[18.495244,-33.9165367],[18.4955277,-33.9166213],[18.4958976,-33.9167334],[18.4959445,-33.916751],[18.4962996,-33.9168847],[18.4965622,-33.9169952],[18.4968093,-33.9171081],[18.4971588,-33.9172896],[18.4975714,-33.9174943],[18.4977908,-33.9176157],[18.4979784,-33.9177074],[18.4982461,-33.9178511],[18.4989968,-33.9182405],[18.4988415,-33.9181705],[18.498651,-33.9180958],[18.4988127,-33.9182022],[18.4989615,-33.9182898],[18.4992684,-33.9184524],[18.4993899,-33.9185168],[18.499734,-33.9186979],[18.4999504,-33.9188281],[18.5001439,-33.9189508],[18.5003206,-33.9190691],[18.5004817,-33.9191865],[18.5006515,-33.9193147],[18.5008197,-33.9194463],[18.5010401,-33.9196441],[18.501258,-33.9198449],[18.5013632,-33.9199377],[18.501691,-33.9202403],[18.5019246,-33.9204627],[18.502037,-33.9205717],[18.5021345,-33.9206666],[18.5022227,-33.9207595],[18.5022758,-33.9208183],[18.5023408,-33.9208987],[18.5023961,-33.9209733],[18.5024313,-33.9210261],[18.5024672,-33.9210795],[18.5025071,-33.921153],[18.50255,-33.9212437],[18.5025986,-33.9213522],[18.5026482,-33.9214804],[18.5027273,-33.9217091],[18.5027742,-33.9218382],[18.5028193,-33.9219398],[18.5028788,-33.9220582],[18.5029218,-33.9221267],[18.5029573,-33.9221868],[18.5030042,-33.922253],[18.5030552,-33.9223175],[18.5031282,-33.9224072],[18.5032175,-33.9224986],[18.5032926,-33.9225682],[18.5033945,-33.9226533],[18.5034294,-33.9226795],[18.5034797,-33.9227151],[18.5036178,-33.9228052],[18.5036996,-33.9228531],[18.5038176,-33.9229143],[18.5038967,-33.9229532],[18.5040858,-33.9230239],[18.5042481,-33.9230756],[18.5044292,-33.9231174],[18.5046149,-33.9231474],[18.5047946,-33.9231691],[18.5050233,-33.9231747],[18.5053727,-33.9231675],[18.5058413,-33.9231647],[18.505899,-33.9231631],[18.5061765,-33.9231553],[18.5063919,-33.9231477],[18.5066116,-33.9231374],[18.5067769,-33.9231269],[18.507033,-33.9231019],[18.5072778,-33.923069],[18.5076017,-33.9230156],[18.5078276,-33.9229711],[18.5081341,-33.9229082],[18.5084526,-33.9228431],[18.5086826,-33.9227975],[18.509158,-33.9226979],[18.5095127,-33.9226267],[18.5097716,-33.9225805],[18.5099385,-33.9225571],[18.5115825,-33.9223027],[18.5137064,-33.9220604],[18.5142717,-33.9219903],[18.5144246,-33.9219764],[18.5146244,-33.9219664],[18.51479,-33.9219636],[18.5148933,-33.9219642],[18.5149899,-33.9219703],[18.5151669,-33.9219831],[18.5152909,-33.9219976],[18.5154385,-33.9220204],[18.5156007,-33.922051],[18.5157422,-33.9220871],[18.5158569,-33.9221183],[18.5160178,-33.9221673],[18.5161586,-33.9222207],[18.5163108,-33.9222836],[18.516451,-33.9223509],[18.5165791,-33.9224177],[18.5166931,-33.9224861],[18.516801,-33.9225523],[18.5169076,-33.9226285],[18.5169935,-33.9226914],[18.51709,-33.922771],[18.5171725,-33.9228428],[18.5172583,-33.9229234],[18.5173572,-33.9230262],[18.517481,-33.9231599],[18.517603,-33.9233079],[18.517776,-33.9235136],[18.518054,-33.9238604],[18.5181808,-33.9240411],[18.5183297,-33.9242624],[18.5184667,-33.924455],[18.5190673,-33.925181],[18.5197864,-33.9260651],[18.5201499,-33.9265097],[18.5205101,-33.9269489],[18.5207484,-33.927242],[18.5209309,-33.9274725],[18.5211378,-33.9277527],[18.521271,-33.9279387],[18.5213932,-33.928136],[18.5214935,-33.9282991],[18.5215768,-33.9284454],[18.52167,-33.9286236],[18.5217617,-33.9288087],[18.5218883,-33.9290757],[18.5225001,-33.9303912],[18.5225922,-33.9306021],[18.5226739,-33.9308009],[18.5227109,-33.9308961],[18.5227614,-33.9310297],[18.5227999,-33.9311488],[18.5228262,-33.9312457],[18.5228601,-33.9313788],[18.5228817,-33.9314847],[18.5229008,-33.9315991],[18.5229141,-33.9316926],[18.5229219,-33.931789],[18.5229301,-33.9318778],[18.5229327,-33.9319785],[18.5229337,-33.9320729],[18.5229311,-33.9322312],[18.52291,-33.9325753],[18.5228761,-33.9330537],[18.5228426,-33.9334922],[18.5228273,-33.9337218],[18.5228181,-33.9340018],[18.5228176,-33.9341196],[18.5228212,-33.9342298],[18.5228248,-33.9343166],[18.522836,-33.9344352],[18.5228508,-33.9345416],[18.5228672,-33.9346411],[18.5228917,-33.9347606],[18.5229177,-33.9348699],[18.522956,-33.9350008],[18.5230035,-33.935141],[18.5230397,-33.9352363],[18.5230898,-33.935352],[18.5231281,-33.9354346],[18.5231735,-33.935527],[18.5232419,-33.9356507],[18.5233078,-33.9357612],[18.5234089,-33.9359142],[18.5235269,-33.9360709],[18.5236372,-33.9362048],[18.5237597,-33.9363391],[18.5239479,-33.9365226],[18.5240894,-33.9366431],[18.5241853,-33.9367239],[18.5243357,-33.9368344],[18.524461,-33.9369218],[18.5246689,-33.93705],[18.5247333,-33.9370846],[18.5247845,-33.9371121],[18.5249572,-33.9371997],[18.5252415,-33.9373265],[18.5255471,-33.9374409],[18.5259015,-33.9375642],[18.5260293,-33.9376071],[18.5262001,-33.9376742],[18.5263774,-33.9377524],[18.5265396,-33.9378177],[18.5266256,-33.9378445],[18.5268673,-33.9379235],[18.5271802,-33.9380313],[18.5273309,-33.9380857],[18.5274705,-33.9381409],[18.5276262,-33.9382058],[18.5278945,-33.9383183],[18.5280959,-33.9383979],[18.5283633,-33.9384933],[18.5286231,-33.9385789],[18.5299805,-33.9390251],[18.530296,-33.9391293],[18.5313898,-33.9394875],[18.5318555,-33.9396288],[18.5322318,-33.9397245],[18.5326738,-33.9398512],[18.533132,-33.9399786],[18.5334927,-33.9400694],[18.5339424,-33.9401816],[18.534106,-33.9402224],[18.5346529,-33.9402926],[18.535135,-33.9403926],[18.5363638,-33.9405904],[18.5372596,-33.9407336],[18.5374218,-33.9407595],[18.537629,-33.9407889],[18.5385067,-33.9409256],[18.5398086,-33.9411253],[18.5403496,-33.9412059],[18.5416971,-33.9413846],[18.5426634,-33.9414631],[18.5433001,-33.9415065],[18.5444583,-33.9415855],[18.546226,-33.941706],[18.5465728,-33.9417296],[18.5468585,-33.9417462],[18.5471603,-33.9417548],[18.5473702,-33.9417608],[18.547541,-33.9417641],[18.547824,-33.9417695],[18.5481707,-33.941777],[18.5484813,-33.9417879],[18.5487416,-33.9417977],[18.5501826,-33.9418963],[18.5487416,-33.9417977],[18.5484813,-33.9417879],[18.5481707,-33.941777],[18.547824,-33.9417695],[18.547541,-33.9417641],[18.5473702,-33.9417608],[18.5471603,-33.9417548],[18.5468585,-33.9417462],[18.5465728,-33.9417296],[18.546226,-33.941706],[18.5444583,-33.9415855],[18.5433001,-33.9415065],[18.5426634,-33.9414631],[18.5416971,-33.9413846],[18.5403496,-33.9412059],[18.5398086,-33.9411253],[18.5385067,-33.9409256],[18.537629,-33.9407889],[18.5374218,-33.9407595],[18.5372596,-33.9407336],[18.5363638,-33.9405904],[18.535135,-33.9403926],[18.5346529,-33.9402926],[18.534106,-33.9402224],[18.5339194,-33.9402013],[18.5336,-33.9401653],[18.5338803,-33.9402354],[18.5340825,-33.9402859],[18.5343937,-33.9403612],[18.5351225,-33.9404989],[18.5363442,-33.9406839],[18.5372525,-33.9408294],[18.5374108,-33.9408548],[18.5384735,-33.9410171],[18.5402528,-33.9412928],[18.5416894,-33.9414822],[18.5426601,-33.9415522],[18.5432153,-33.9415879],[18.543423,-33.9416012],[18.5444705,-33.9416736],[18.5462084,-33.9417937],[18.5465681,-33.9418186],[18.5472551,-33.9418633],[18.5474426,-33.9418755],[18.5480925,-33.9419221],[18.5487292,-33.9419649],[18.5501704,-33.942064],[18.5516687,-33.9421671],[18.5526306,-33.9422338],[18.553129,-33.9422679],[18.5535842,-33.9422964],[18.5544217,-33.9423647],[18.5553214,-33.9424535],[18.5581826,-33.9427105],[18.5585573,-33.942757],[18.5587102,-33.9427803],[18.5589506,-33.9428195],[18.5591195,-33.9428554],[18.5592833,-33.9429017],[18.5594816,-33.9429599],[18.5597122,-33.9430391],[18.559984,-33.9431497],[18.5601141,-33.9432118],[18.5602628,-33.9432863],[18.5605149,-33.943432],[18.560754,-33.9435876],[18.5609651,-33.9437491],[18.5610772,-33.9438432],[18.5611726,-33.9439324],[18.5612938,-33.9440523],[18.5613801,-33.9441381],[18.5614856,-33.9442611],[18.5616002,-33.9444024],[18.5616671,-33.9444916],[18.5617592,-33.9446278],[18.561828,-33.944738],[18.5618949,-33.9448568],[18.5619421,-33.944946],[18.5620193,-33.9451032],[18.5621194,-33.9453442],[18.5622299,-33.945628],[18.562394,-33.9460813],[18.5626452,-33.9467733],[18.5629666,-33.9476714],[18.5632415,-33.9484201],[18.5633095,-33.9486088],[18.5635473,-33.9492671],[18.5636224,-33.9494771],[18.5636975,-33.9497857],[18.5637368,-33.9500066],[18.563755,-33.9501514],[18.5637635,-33.9503402],[18.5637624,-33.9505313],[18.5637567,-33.9506544],[18.5637061,-33.9511305],[18.5636765,-33.951425],[18.5636711,-33.9514782],[18.5635499,-33.9527108],[18.5636711,-33.9514782],[18.5636765,-33.951425],[18.5637061,-33.9511305],[18.5637567,-33.9506544],[18.5637624,-33.9505313],[18.5637635,-33.9503402],[18.563755,-33.9501514],[18.5637368,-33.9500066],[18.5636975,-33.9497857],[18.5636224,-33.9494771],[18.5635473,-33.9492671],[18.5633095,-33.9486088],[18.5632415,-33.9484201],[18.5629666,-33.9476714],[18.5626452,-33.9467733],[18.562394,-33.9460813],[18.5622299,-33.945628],[18.5621194,-33.9453442],[18.5620193,-33.9451032],[18.5619421,-33.944946],[18.5618949,-33.9448568],[18.561828,-33.944738],[18.5617592,-33.9446278],[18.5616671,-33.9444916],[18.5616002,-33.9444024],[18.5614856,-33.9442611],[18.5613801,-33.9441381],[18.5612938,-33.9440523],[18.5611726,-33.9439324],[18.5610772,-33.9438432],[18.5609651,-33.9437491],[18.560754,-33.9435876],[18.5605149,-33.943432],[18.5602628,-33.9432863],[18.5601141,-33.9432118],[18.559984,-33.9431497],[18.5597122,-33.9430391],[18.5594816,-33.9429599],[18.5592833,-33.9429017],[18.5591195,-33.9428554],[18.5589506,-33.9428195],[18.5587102,-33.9427803],[18.5585573,-33.942757],[18.5581826,-33.9427105],[18.5553214,-33.9424535],[18.5544217,-33.9423647],[18.5535842,-33.9422964],[18.553129,-33.9422679],[18.5526306,-33.9422338],[18.5516687,-33.9421671],[18.5501704,-33.942064],[18.5487292,-33.9419649],[18.5480925,-33.9419221],[18.5474426,-33.9418755],[18.5472551,-33.9418633],[18.5465681,-33.9418186],[18.5462084,-33.9417937],[18.5444705,-33.9416736],[18.543423,-33.9416012],[18.5432153,-33.9415879],[18.5426601,-33.9415522],[18.5416894,-33.9414822],[18.5402528,-33.9412928],[18.5384735,-33.9410171],[18.5374108,-33.9408548],[18.5372525,-33.9408294],[18.5363442,-33.9406839],[18.5351225,-33.9404989],[18.5343937,-33.9403612],[18.5340825,-33.9402859],[18.5338803,-33.9402354],[18.5336,-33.9401653],[18.5339194,-33.9402013],[18.534106,-33.9402224],[18.5344093,-33.9402923],[18.5351303,-33.9404279],[18.536352,-33.9406258],[18.536928,-33.9407216],[18.5372571,-33.9407668],[18.5384788,-33.9409572],[18.5402811,-33.9412366],[18.5416979,-33.9414296],[18.542662,-33.9415001],[18.5427962,-33.9415116],[18.5432778,-33.9415431],[18.5434276,-33.9415529],[18.5444613,-33.9416226],[18.5462183,-33.9417411],[18.546575,-33.9417651],[18.5469565,-33.9417844],[18.5472045,-33.9417939],[18.5473763,-33.9418005],[18.5475132,-33.941803],[18.5478168,-33.9418086],[18.5481712,-33.9418148],[18.5484841,-33.9418223],[18.5487604,-33.9418336],[18.5501787,-33.9419331],[18.5516794,-33.9420337],[18.5522421,-33.9420797],[18.5531193,-33.9421623],[18.5536111,-33.9422038],[18.5552278,-33.9423537],[18.55554,-33.9424019],[18.5557603,-33.9424398],[18.5559162,-33.9424659],[18.5560968,-33.9424865],[18.5581831,-33.9426751],[18.5583926,-33.9426988],[18.5585489,-33.9427186],[18.5587065,-33.9427415],[18.5588688,-33.942769],[18.5591397,-33.9428249],[18.5594058,-33.9428963],[18.5596028,-33.9429599],[18.5598156,-33.9430387],[18.5599831,-33.9431078],[18.5600818,-33.943152],[18.5601898,-33.9432025],[18.5602862,-33.9432549],[18.5605318,-33.9433926],[18.56079,-33.9435574],[18.561022,-33.9437396],[18.5610987,-33.9438009],[18.5612339,-33.9439274],[18.5614341,-33.944128],[18.5616395,-33.9443717],[18.5616895,-33.9444365],[18.5618135,-33.9446146],[18.5619005,-33.944759],[18.5619702,-33.9448805],[18.562074,-33.9450943],[18.5621809,-33.9453398],[18.5623007,-33.9456544],[18.5626996,-33.9467535],[18.5630227,-33.947658],[18.5632711,-33.9483446],[18.5633626,-33.9485895],[18.5633976,-33.9486918],[18.5635064,-33.9489814],[18.5635835,-33.9491933],[18.5636753,-33.949446],[18.5637345,-33.9496149],[18.5637774,-33.94974],[18.5638215,-33.9498848],[18.5638682,-33.9500545],[18.5638929,-33.9501644],[18.5639231,-33.9503185],[18.5639467,-33.9505553],[18.5639512,-33.9507629],[18.5639501,-33.9509168],[18.5639273,-33.9511895],[18.5638966,-33.9514787],[18.5638716,-33.9517185],[18.5637711,-33.952738],[18.5636174,-33.9541795],[18.563593,-33.9543517],[18.5635644,-33.9545122],[18.5634313,-33.9551426],[18.5633841,-33.9553516],[18.5633374,-33.9555891],[18.5633198,-33.9556838],[18.5632885,-33.9558966],[18.563259,-33.956125],[18.5632288,-33.9564076],[18.5631947,-33.956736],[18.5631349,-33.9573257],[18.563065,-33.9580052],[18.563061,-33.9580599],[18.5629927,-33.9587402],[18.5628448,-33.9602085],[18.5627208,-33.961422],[18.5626503,-33.9621278],[18.5626128,-33.962492],[18.5624603,-33.9639791],[18.5623852,-33.9647556],[18.5623033,-33.9655426],[18.5622328,-33.9662115],[18.5621975,-33.9666484],[18.5621759,-33.9669654],[18.5621662,-33.9671961],[18.5621412,-33.9678802],[18.5621253,-33.9682217],[18.5620957,-33.9686057],[18.5620666,-33.9688907],[18.5619956,-33.969586],[18.5620666,-33.9688907],[18.5620957,-33.9686057],[18.5621253,-33.9682217],[18.5621412,-33.9678802],[18.5621662,-33.9671961],[18.5621759,-33.9669654],[18.5621975,-33.9666484],[18.5622328,-33.9662115],[18.5623033,-33.9655426],[18.5623852,-33.9647556],[18.5624603,-33.9639791],[18.5626128,-33.962492],[18.5626503,-33.9621278],[18.5627208,-33.961422],[18.5628448,-33.9602085],[18.5629927,-33.9587402],[18.563061,-33.9580599],[18.563065,-33.9580052],[18.5631349,-33.9573257],[18.5631947,-33.956736],[18.5632288,-33.9564076],[18.563259,-33.956125],[18.5632885,-33.9558966],[18.5633198,-33.9556838],[18.5633374,-33.9555891],[18.5633841,-33.9553516],[18.5634313,-33.9551426],[18.5635644,-33.9545122],[18.563593,-33.9543517],[18.5636174,-33.9541795],[18.5637711,-33.952738],[18.5638716,-33.9517185],[18.5638966,-33.9514787],[18.5639273,-33.9511895],[18.5639501,-33.9509168],[18.5639512,-33.9507629],[18.5639467,-33.9505553],[18.5639231,-33.9503185],[18.5638929,-33.9501644],[18.5638682,-33.9500545],[18.5638215,-33.9498848],[18.5637774,-33.94974],[18.5637345,-33.9496149],[18.5636753,-33.949446],[18.5635835,-33.9491933],[18.5635064,-33.9489814],[18.5633976,-33.9486918],[18.5633626,-33.9485895],[18.5632711,-33.9483446],[18.5630227,-33.947658],[18.5626996,-33.9467535],[18.5623007,-33.9456544],[18.5621809,-33.9453398],[18.562074,-33.9450943],[18.5619702,-33.9448805],[18.5619005,-33.944759],[18.5618135,-33.9446146],[18.5616895,-33.9444365],[18.5616395,-33.9443717],[18.5614341,-33.944128],[18.5612339,-33.9439274],[18.5610987,-33.9438009],[18.561022,-33.9437396],[18.56079,-33.9435574],[18.5605318,-33.9433926],[18.5602862,-33.9432549],[18.5601898,-33.9432025],[18.5600818,-33.943152],[18.5599831,-33.9431078],[18.5598156,-33.9430387],[18.5596028,-33.9429599],[18.5594058,-33.9428963],[18.5591397,-33.9428249],[18.5588688,-33.942769],[18.5587065,-33.9427415],[18.5585489,-33.9427186],[18.5583926,-33.9426988],[18.5581831,-33.9426751],[18.5560968,-33.9424865],[18.5559162,-33.9424659],[18.5557603,-33.9424398],[18.55554,-33.9424019],[18.5552278,-33.9423537],[18.5536111,-33.9422038],[18.5531193,-33.9421623],[18.5522421,-33.9420797],[18.5516794,-33.9420337],[18.5501787,-33.9419331],[18.5487604,-33.9418336],[18.5484841,-33.9418223],[18.5481712,-33.9418148],[18.5478168,-33.9418086],[18.5475132,-33.941803],[18.5473763,-33.9418005],[18.5472045,-33.9417939],[18.5469565,-33.9417844],[18.546575,-33.9417651],[18.5462183,-33.9417411],[18.5444613,-33.9416226],[18.5434276,-33.9415529],[18.5432778,-33.9415431],[18.5427962,-33.9415116],[18.542662,-33.9415001],[18.5416979,-33.9414296],[18.5402811,-33.9412366],[18.5384788,-33.9409572],[18.5372571,-33.9407668],[18.536928,-33.9407216],[18.536352,-33.9406258],[18.5351303,-33.9404279],[18.5344093,-33.9402923],[18.534106,-33.9402224],[18.5339194,-33.9402013],[18.5336,-33.9401653],[18.5338803,-33.9402354],[18.5340825,-33.9402859],[18.5343937,-33.9403612],[18.5351225,-33.9404989],[18.5363442,-33.9406839],[18.5372525,-33.9408294],[18.5374108,-33.9408548],[18.5384735,-33.9410171],[18.5402528,-33.9412928],[18.5416894,-33.9414822],[18.5426601,-33.9415522],[18.5432153,-33.9415879],[18.543423,-33.9416012],[18.5444705,-33.9416736],[18.5462084,-33.9417937],[18.5465681,-33.9418186],[18.5472551,-33.9418633],[18.5474426,-33.9418755],[18.5480925,-33.9419221],[18.5487292,-33.9419649],[18.5501704,-33.942064],[18.5516687,-33.9421671],[18.5526306,-33.9422338],[18.553129,-33.9422679],[18.5535842,-33.9422964],[18.5544217,-33.9423647],[18.5553214,-33.9424535],[18.5581826,-33.9427105],[18.5585573,-33.942757],[18.5587102,-33.9427803],[18.5589506,-33.9428195],[18.5591195,-33.9428554],[18.5592833,-33.9429017],[18.5594816,-33.9429599],[18.5597122,-33.9430391],[18.559984,-33.9431497],[18.5601141,-33.9432118],[18.5602628,-33.9432863],[18.5605149,-33.943432],[18.560754,-33.9435876],[18.5609651,-33.9437491],[18.5610772,-33.9438432],[18.5611726,-33.9439324],[18.5612938,-33.9440523],[18.5613801,-33.9441381],[18.5614856,-33.9442611],[18.5616002,-33.9444024],[18.5616671,-33.9444916],[18.5617592,-33.9446278],[18.561828,-33.944738],[18.5618949,-33.9448568],[18.5619421,-33.944946],[18.5620193,-33.9451032],[18.5621194,-33.9453442],[18.5622299,-33.945628],[18.562394,-33.9460813],[18.5626452,-33.9467733],[18.5629666,-33.9476714],[18.5632415,-33.9484201],[18.5633095,-33.9486088],[18.5635473,-33.9492671],[18.5636224,-33.9494771],[18.5636975,-33.9497857],[18.5637368,-33.9500066],[18.563755,-33.9501514],[18.5637635,-33.9503402],[18.5637624,-33.9505313],[18.5637567,-33.9506544],[18.5637061,-33.9511305],[18.5636765,-33.951425],[18.5636711,-33.9514782],[18.5635499,-33.9527108],[18.563399,-33.9541704],[18.5633846,-33.9543158],[18.5633682,-33.9544603],[18.5633557,-33.9545618],[18.5633312,-33.9546896],[18.5633045,-33.9548156],[18.5632692,-33.9550086],[18.563234,-33.9553517],[18.563181,-33.9558673],[18.5631421,-33.9562469],[18.5631275,-33.9563892],[18.5630798,-33.9569157],[18.5629586,-33.9580712],[18.5627436,-33.9601859],[18.5625934,-33.9616598],[18.5625502,-33.9620919],[18.5625343,-33.9622807],[18.5621611,-33.9659228],[18.5620951,-33.9665512],[18.56202,-33.9673306],[18.5619313,-33.9682052],[18.561863,-33.9688855],[18.5617515,-33.96993],[18.5617055,-33.9704239],[18.5616395,-33.971057],[18.5616135,-33.9713167],[18.5615932,-33.9715187],[18.5615775,-33.9716756],[18.5615434,-33.9720292],[18.5614467,-33.9729747],[18.561385,-33.9735796],[18.5613003,-33.97438],[18.5612349,-33.9750604],[18.5611087,-33.9762816],[18.5608837,-33.9784664],[18.5608,-33.9794253],[18.5606885,-33.9808727],[18.5605709,-33.9824131],[18.5605138,-33.9831371],[18.5604622,-33.9837854],[18.560395,-33.9846918],[18.5603213,-33.9856326],[18.5602789,-33.9862084],[18.5602541,-33.9865046],[18.5602136,-33.9869926],[18.560185,-33.9873973],[18.5601583,-33.9877455],[18.5601117,-33.9883193],[18.5600699,-33.988871],[18.560046,-33.9892124],[18.5600091,-33.9896423],[18.5599805,-33.9900431],[18.5599739,-33.9901399],[18.5599528,-33.9904223],[18.5599416,-33.9905793],[18.5599151,-33.9909192],[18.5598891,-33.9912488],[18.5598561,-33.9917193],[18.5598036,-33.9924113],[18.5597704,-33.9928105],[18.5598036,-33.9924113],[18.5598561,-33.9917193],[18.5598891,-33.9912488],[18.5599151,-33.9909192],[18.5599416,-33.9905793],[18.5599528,-33.9904223],[18.5599739,-33.9901399],[18.5599805,-33.9900431],[18.5600091,-33.9896423],[18.560046,-33.9892124],[18.5600699,-33.988871],[18.5601117,-33.9883193],[18.5601583,-33.9877455],[18.560185,-33.9873973],[18.5602136,-33.9869926],[18.5602541,-33.9865046],[18.5602789,-33.9862084],[18.5603213,-33.9856326],[18.560395,-33.9846918],[18.5604622,-33.9837854],[18.5605138,-33.9831371],[18.5605709,-33.9824131],[18.5606885,-33.9808727],[18.5608,-33.9794253],[18.5608837,-33.9784664],[18.5611087,-33.9762816],[18.5612349,-33.9750604],[18.5613003,-33.97438],[18.561385,-33.9735796],[18.5614467,-33.9729747],[18.5615434,-33.9720292],[18.5615775,-33.9716756],[18.5615932,-33.9715187],[18.5616135,-33.9713167],[18.5616395,-33.971057],[18.5617055,-33.9704239],[18.5617515,-33.96993],[18.561863,-33.9688855],[18.5619313,-33.9682052],[18.56202,-33.9673306],[18.5620951,-33.9665512],[18.5621611,-33.9659228],[18.5625343,-33.9622807],[18.5625502,-33.9620919],[18.5625934,-33.9616598],[18.5627436,-33.9601859],[18.5629586,-33.9580712],[18.5630798,-33.9569157],[18.5631275,-33.9563892],[18.5631421,-33.9562469],[18.563181,-33.9558673],[18.563234,-33.9553517],[18.5632692,-33.9550086],[18.5633045,-33.9548156],[18.5633312,-33.9546896],[18.5633557,-33.9545618],[18.5633682,-33.9544603],[18.5633846,-33.9543158],[18.563399,-33.9541704],[18.5635499,-33.9527108],[18.5636711,-33.9514782],[18.5636765,-33.951425],[18.5637061,-33.9511305],[18.5637567,-33.9506544],[18.5637624,-33.9505313],[18.5637635,-33.9503402],[18.563755,-33.9501514],[18.5637368,-33.9500066],[18.5636975,-33.9497857],[18.5636224,-33.9494771],[18.5635473,-33.9492671],[18.5633095,-33.9486088],[18.5632415,-33.9484201],[18.5629666,-33.9476714],[18.5626452,-33.9467733],[18.562394,-33.9460813],[18.5622299,-33.945628],[18.5621194,-33.9453442],[18.5620193,-33.9451032],[18.5619421,-33.944946],[18.5618949,-33.9448568],[18.561828,-33.944738],[18.5617592,-33.9446278],[18.5616671,-33.9444916],[18.5616002,-33.9444024],[18.5614856,-33.9442611],[18.5613801,-33.9441381],[18.5612938,-33.9440523],[18.5611726,-33.9439324],[18.5610772,-33.9438432],[18.5609651,-33.9437491],[18.560754,-33.9435876],[18.5605149,-33.943432],[18.5602628,-33.9432863],[18.5601141,-33.9432118],[18.559984,-33.9431497],[18.5597122,-33.9430391],[18.5594816,-33.9429599],[18.5592833,-33.9429017],[18.5591195,-33.9428554],[18.5589506,-33.9428195],[18.5587102,-33.9427803],[18.5585573,-33.942757],[18.5581826,-33.9427105],[18.5553214,-33.9424535],[18.5544217,-33.9423647],[18.5535842,-33.9422964],[18.553129,-33.9422679],[18.5526306,-33.9422338],[18.5516687,-33.9421671],[18.5501704,-33.942064],[18.5487292,-33.9419649],[18.5480925,-33.9419221],[18.5474426,-33.9418755],[18.5472551,-33.9418633],[18.5465681,-33.9418186],[18.5462084,-33.9417937],[18.5444705,-33.9416736],[18.543423,-33.9416012],[18.5432153,-33.9415879],[18.5426601,-33.9415522],[18.5416894,-33.9414822],[18.5402528,-33.9412928],[18.5384735,-33.9410171],[18.5374108,-33.9408548],[18.5372525,-33.9408294],[18.5363442,-33.9406839],[18.5351225,-33.9404989],[18.5343937,-33.9403612],[18.5340825,-33.9402859],[18.5338803,-33.9402354],[18.5336,-33.9401653],[18.5339194,-33.9402013],[18.534106,-33.9402224],[18.5344093,-33.9402923],[18.5351303,-33.9404279],[18.536352,-33.9406258],[18.536928,-33.9407216],[18.5372571,-33.9407668],[18.5384788,-33.9409572],[18.5402811,-33.9412366],[18.5416979,-33.9414296],[18.542662,-33.9415001],[18.5427962,-33.9415116],[18.5432778,-33.9415431],[18.5434276,-33.9415529],[18.5444613,-33.9416226],[18.5462183,-33.9417411],[18.546575,-33.9417651],[18.5469565,-33.9417844],[18.5472045,-33.9417939],[18.5473763,-33.9418005],[18.5475132,-33.941803],[18.5478168,-33.9418086],[18.5481712,-33.9418148],[18.5484841,-33.9418223],[18.5487604,-33.9418336],[18.5501787,-33.9419331],[18.5516794,-33.9420337],[18.5522421,-33.9420797],[18.5531193,-33.9421623],[18.5536111,-33.9422038],[18.5552278,-33.9423537],[18.55554,-33.9424019],[18.5557603,-33.9424398],[18.5559162,-33.9424659],[18.5560968,-33.9424865],[18.5581831,-33.9426751],[18.5583926,-33.9426988],[18.5585489,-33.9427186],[18.5587065,-33.9427415],[18.5588688,-33.942769],[18.5591397,-33.9428249],[18.5594058,-33.9428963],[18.5596028,-33.9429599],[18.5598156,-33.9430387],[18.5599831,-33.9431078],[18.5600818,-33.943152],[18.5601898,-33.9432025],[18.5602862,-33.9432549],[18.5605318,-33.9433926],[18.56079,-33.9435574],[18.561022,-33.9437396],[18.5610987,-33.9438009],[18.5612339,-33.9439274],[18.5614341,-33.944128],[18.5616395,-33.9443717],[18.5616895,-33.9444365],[18.5618135,-33.9446146],[18.5619005,-33.944759],[18.5619702,-33.9448805],[18.562074,-33.9450943],[18.5621809,-33.9453398],[18.5623007,-33.9456544],[18.5626996,-33.9467535],[18.5630227,-33.947658],[18.5632711,-33.9483446],[18.5633626,-33.9485895],[18.5633976,-33.9486918],[18.5635064,-33.9489814],[18.5635835,-33.9491933],[18.5636753,-33.949446],[18.5637345,-33.9496149],[18.5637774,-33.94974],[18.5638215,-33.9498848],[18.5638682,-33.9500545],[18.5638929,-33.9501644],[18.5639231,-33.9503185],[18.5639467,-33.9505553],[18.5639512,-33.9507629],[18.5639501,-33.9509168],[18.5639273,-33.9511895],[18.5638966,-33.9514787],[18.5638716,-33.9517185],[18.5637711,-33.952738],[18.5636174,-33.9541795],[18.563593,-33.9543517],[18.5635644,-33.9545122],[18.5634313,-33.9551426],[18.5633841,-33.9553516],[18.5633374,-33.9555891],[18.5633198,-33.9556838],[18.5632885,-33.9558966],[18.563259,-33.956125],[18.5632288,-33.9564076],[18.5631947,-33.956736],[18.5631349,-33.9573257],[18.563065,-33.9580052],[18.563061,-33.9580599],[18.5629927,-33.9587402],[18.5628448,-33.9602085],[18.5627208,-33.961422],[18.5626503,-33.9621278],[18.5626128,-33.962492],[18.5624603,-33.9639791],[18.5623852,-33.9647556],[18.5623033,-33.9655426],[18.5622328,-33.9662115],[18.5621975,-33.9666484],[18.5621759,-33.9669654],[18.5621662,-33.9671961],[18.5621412,-33.9678802],[18.5621253,-33.9682217],[18.5620957,-33.9686057],[18.5620666,-33.9688907],[18.5619956,-33.969586],[18.5619091,-33.9704343],[18.5618318,-33.9710749],[18.561801,-33.9712853],[18.5617936,-33.9713306],[18.5617624,-33.9715203],[18.5617475,-33.9716315],[18.5616679,-33.9721137],[18.5616088,-33.9724986],[18.5615166,-33.9732732],[18.5614302,-33.9741166],[18.5613353,-33.9750719],[18.5612653,-33.9757722],[18.5611796,-33.9766039],[18.5611308,-33.9770926],[18.561059,-33.9777838],[18.5610046,-33.9783168],[18.5609439,-33.9789339],[18.5609015,-33.979428],[18.5608287,-33.9803368],[18.5607873,-33.9808898],[18.5607486,-33.9814059],[18.5606749,-33.9824078],[18.560616,-33.9831317],[18.560569,-33.9837526],[18.5605165,-33.9844612],[18.5604516,-33.985297],[18.5604134,-33.9857861],[18.5603761,-33.9862874],[18.5603185,-33.9870376],[18.5602789,-33.9875557],[18.5602412,-33.9880635],[18.5602196,-33.9883404],[18.5601974,-33.9886252],[18.5601763,-33.9889302],[18.5601519,-33.9892528],[18.5601261,-33.9896297],[18.5601196,-33.9898324],[18.5601132,-33.9900897],[18.5601138,-33.9903465],[18.5601239,-33.9904927],[18.5601357,-33.9905979],[18.5601587,-33.9907901],[18.5601799,-33.9909133],[18.5602113,-33.9911795],[18.5602182,-33.991261],[18.5602283,-33.9914694],[18.560233,-33.9916689],[18.5602312,-33.9917956],[18.5602241,-33.9919795],[18.5602124,-33.992137],[18.5601899,-33.9924446],[18.5601522,-33.9929439],[18.560059,-33.994103],[18.5600401,-33.9942805],[18.5600171,-33.9944551],[18.5599894,-33.9946399],[18.5599605,-33.9948131],[18.5599378,-33.9949311],[18.5599162,-33.9951564],[18.5599039,-33.9952835],[18.5598787,-33.9955172],[18.5598107,-33.9958836],[18.559754,-33.9962073],[18.559708,-33.9964734],[18.5596868,-33.9966132],[18.5596661,-33.9967614],[18.5596479,-33.9969218],[18.5596378,-33.9970411],[18.5596307,-33.9971507],[18.559626,-33.9973121],[18.559626,-33.9974539],[18.5596337,-33.997603],[18.559642,-33.9977493],[18.5596585,-33.9979033],[18.5596779,-33.9980622],[18.5597068,-33.9982246],[18.5597434,-33.9983899],[18.5598012,-33.9986163],[18.5599009,-33.9989707],[18.5600333,-33.9992998],[18.5602099,-33.9996249],[18.5604186,-33.999954],[18.560543,-34.0001266],[18.560696,-34.0003405],[18.5609089,-34.0005962],[18.5612446,-34.0009649],[18.5616651,-34.0014157],[18.5621324,-34.0019263],[18.5625574,-34.0024245],[18.5628852,-34.0028194],[18.5630643,-34.003034],[18.5634961,-34.0035661],[18.5637963,-34.0039913],[18.5639352,-34.0042208],[18.5640358,-34.004407],[18.5640955,-34.0045248],[18.5641993,-34.0047535],[18.5642869,-34.0049816],[18.5644122,-34.0053651],[18.5644907,-34.0056185],[18.5647496,-34.0064911],[18.5649579,-34.0071959],[18.5650605,-34.0075348],[18.5651345,-34.0077629],[18.5651694,-34.0078607],[18.5652247,-34.0080157],[18.5653207,-34.0082626],[18.5654012,-34.0084359],[18.5655478,-34.0087366],[18.5656381,-34.0088964],[18.5657549,-34.0090949],[18.5658665,-34.0092681],[18.5659463,-34.0093918],[18.5660787,-34.0095715],[18.56625,-34.0097931],[18.5663158,-34.009871],[18.5664149,-34.0099884],[18.5665609,-34.0101546],[18.5667212,-34.0103198],[18.5668644,-34.0104585],[18.566984,-34.0105742],[18.5672176,-34.0107743],[18.5674454,-34.0109642],[18.567729,-34.011167],[18.567925,-34.0113026],[18.5682728,-34.0115285],[18.5688219,-34.0118766],[18.5691645,-34.0120907],[18.5696406,-34.0123962],[18.5696472,-34.0124004],[18.5702301,-34.0127556],[18.5705689,-34.0129535],[18.5708586,-34.0131017],[18.571014,-34.01318],[18.5711106,-34.0132233],[18.5714722,-34.013378],[18.5716461,-34.0134447],[18.5719323,-34.0135453],[18.5721536,-34.013613],[18.5723496,-34.0136717],[18.5725339,-34.0137179],[18.572702,-34.013761],[18.5729051,-34.0138051],[18.5730466,-34.0138336],[18.5732737,-34.0138718],[18.573508,-34.0139078],[18.5737027,-34.0139326],[18.5739512,-34.0139573],[18.5741966,-34.0139751],[18.574412,-34.0139858],[18.5746372,-34.0139912],[18.5748565,-34.0139901],[18.5750175,-34.0139869],[18.5752615,-34.0139767],[18.5755302,-34.0139616],[18.5759371,-34.0139342],[18.5765445,-34.0138906],[18.5770578,-34.0138556],[18.5776023,-34.0138174],[18.578198,-34.0137717],[18.5796316,-34.0136672],[18.5799509,-34.0136661],[18.5803482,-34.0136661],[18.580596,-34.0136523],[18.580971,-34.0136211],[18.5812845,-34.0135978],[18.5814751,-34.0135832],[18.5820454,-34.0135482],[18.5821943,-34.0135381],[18.5833151,-34.0134547],[18.5837711,-34.0134214],[18.5839586,-34.0134099],[18.5845005,-34.0133733],[18.5850211,-34.0133368],[18.5868658,-34.0132064],[18.5873519,-34.0131701],[18.5875082,-34.0131593],[18.5880683,-34.0131182],[18.5884489,-34.0130893],[18.5890678,-34.0130491],[18.5893646,-34.013028],[18.5898909,-34.0129855],[18.5903495,-34.012957],[18.5906047,-34.0129259],[18.5907212,-34.012911],[18.5909898,-34.0128766],[18.5911519,-34.0128597],[18.591479,-34.0128417],[18.5917968,-34.0128182],[18.59244,-34.0127686],[18.5928806,-34.0127374],[18.5932152,-34.0127158],[18.5934298,-34.012704],[18.5936243,-34.0127002],[18.5938027,-34.0126974],[18.5941781,-34.0127057],[18.5943585,-34.0127152],[18.5945349,-34.0127258],[18.5946226,-34.012733],[18.5947696,-34.0127452],[18.5949902,-34.012768],[18.5951853,-34.0127925],[18.5954797,-34.0128375],[18.5957023,-34.0128769],[18.5959383,-34.0129259],[18.5961502,-34.0129742],[18.596405,-34.0130404],[18.5966203,-34.0130949],[18.5968369,-34.0131587],[18.5971882,-34.0132811],[18.597502,-34.0134017],[18.5978086,-34.0135313],[18.5981093,-34.0136636],[18.5986181,-34.0138905],[18.5989801,-34.0140459],[18.5991841,-34.0141211],[18.5993828,-34.0141926],[18.59959,-34.0142598],[18.5998019,-34.0143209],[18.5999957,-34.0143722],[18.6001767,-34.0144146],[18.6003512,-34.0144502],[18.6005076,-34.0144792],[18.6007484,-34.0145181],[18.6009314,-34.014542],[18.6011601,-34.0145648],[18.6014726,-34.0145865],[18.6017099,-34.0145949],[18.6020258,-34.0145937],[18.6023329,-34.014581],[18.6028003,-34.0145515],[18.6032871,-34.014512],[18.6037149,-34.0144765],[18.604018,-34.0144525],[18.6042916,-34.0144308],[18.6045537,-34.0144059],[18.6048951,-34.014362],[18.6050487,-34.0143381],[18.6055866,-34.014253],[18.6059398,-34.0141924],[18.6061045,-34.0141647],[18.6069156,-34.0140287],[18.6075952,-34.0139147],[18.6079017,-34.0138663],[18.608131,-34.0138396],[18.6082772,-34.0138235],[18.6084763,-34.013808],[18.6086721,-34.0138002],[18.6088887,-34.0137952],[18.6090584,-34.0137963],[18.6092629,-34.0138052],[18.6095251,-34.0138241],[18.6097363,-34.013848],[18.6099261,-34.0138758],[18.6101051,-34.0139052],[18.6103043,-34.0139441],[18.6104732,-34.0139841],[18.6106518,-34.0140285],[18.6109267,-34.0141113],[18.6112398,-34.0142208],[18.611547,-34.0143486],[18.6116992,-34.0144187],[18.6119607,-34.0145471],[18.6122463,-34.0147144],[18.6123731,-34.0147905],[18.6124854,-34.0148579],[18.6127219,-34.0150139],[18.6129769,-34.0151686],[18.613102,-34.0152457],[18.6132977,-34.0153574],[18.6134014,-34.0154153],[18.6135967,-34.0155432],[18.613651,-34.0155771],[18.6137301,-34.0156327],[18.6138656,-34.0157294],[18.6141067,-34.0158816],[18.6141809,-34.0159235],[18.614555,-34.0161361],[18.6149969,-34.0163929],[18.6154227,-34.0166347],[18.6157386,-34.0168156],[18.6163984,-34.0171908],[18.6168557,-34.0174531],[18.6172973,-34.0177067],[18.617507,-34.0178271],[18.6179792,-34.0180966],[18.6183342,-34.01829],[18.6186095,-34.0184267],[18.6188301,-34.0185251],[18.6189503,-34.0185765],[18.6191369,-34.0186516],[18.6193468,-34.0187305],[18.6197005,-34.0188452],[18.6198635,-34.0188903],[18.6199905,-34.0189253],[18.6201356,-34.018962],[18.6203326,-34.0190043],[18.6205672,-34.0190537],[18.6207665,-34.019085],[18.6209476,-34.0191142],[18.6211385,-34.0191373],[18.6213488,-34.0191585],[18.6215481,-34.0191706],[18.621818,-34.0191837],[18.6220477,-34.0191847],[18.6221863,-34.0191867],[18.6224598,-34.0191817],[18.623019,-34.0191484],[18.6245613,-34.0190526],[18.6253395,-34.0190043],[18.6261673,-34.018952],[18.6265903,-34.0189147],[18.6271774,-34.0188421],[18.6277645,-34.0187686],[18.6281304,-34.0187263],[18.6284586,-34.018693],[18.6290275,-34.0186406],[18.6321559,-34.018385],[18.6326547,-34.0183395],[18.6355294,-34.0180962],[18.6381236,-34.0178816],[18.6406689,-34.0176679],[18.6455948,-34.0172585],[18.6469062,-34.0171483],[18.6479027,-34.0170633],[18.6482708,-34.0170319],[18.6491494,-34.016961],[18.6502444,-34.0168692],[18.6506457,-34.0168346],[18.6508734,-34.0168178],[18.6510847,-34.0168101],[18.6513245,-34.016799],[18.6515234,-34.0167977],[18.6518997,-34.0168025],[18.6522585,-34.0168144],[18.6524825,-34.016831],[18.6527746,-34.0168598],[18.6528399,-34.0168656],[18.6529648,-34.0168786],[18.6531341,-34.0169053],[18.6534212,-34.0169489],[18.6538947,-34.0170356],[18.6541294,-34.0170834],[18.6543332,-34.0171334],[18.654761,-34.0172312],[18.6551902,-34.017339],[18.6558916,-34.0175091],[18.6562496,-34.017588],[18.6566386,-34.0176859],[18.6569258,-34.0177503],[18.6570495,-34.017778],[18.6573107,-34.0178456],[18.6576831,-34.0179542],[18.6579635,-34.0180537],[18.6581187,-34.0181161],[18.6582049,-34.0181508],[18.6584019,-34.0182406],[18.6585999,-34.0183377],[18.6588054,-34.0184519],[18.6589464,-34.0185343],[18.6590921,-34.0186292],[18.6592513,-34.0187414],[18.6593474,-34.0188132],[18.6594136,-34.0188626],[18.6595492,-34.0189717],[18.6597127,-34.0191092],[18.6598495,-34.0192351],[18.6600657,-34.0194638],[18.6601475,-34.019558],[18.6602605,-34.0197025],[18.6603282,-34.0197931],[18.6604238,-34.0199295],[18.6605153,-34.0200726],[18.6605992,-34.020218],[18.6606885,-34.0203844],[18.6607938,-34.020609],[18.6608349,-34.0207027],[18.6608779,-34.0208081],[18.660947,-34.0209859],[18.6610289,-34.0212138],[18.6611675,-34.0215972],[18.6612492,-34.0218295],[18.661314,-34.022007],[18.6614823,-34.0224419],[18.6615657,-34.0226789],[18.6616309,-34.0228173],[18.661672,-34.0229047],[18.6617468,-34.0230543],[18.6618615,-34.0233787],[18.6620924,-34.024009],[18.6622547,-34.024456],[18.6624939,-34.025124],[18.6628973,-34.0262135],[18.6631089,-34.0268206],[18.6632955,-34.0273067],[18.6634085,-34.0276222],[18.6635078,-34.0279154],[18.6635504,-34.0280185],[18.6638015,-34.0287165],[18.6642197,-34.0298567],[18.6643135,-34.0301145],[18.6645986,-34.0308984],[18.6646447,-34.0310389],[18.6647904,-34.0314346],[18.6651485,-34.0324249],[18.6654614,-34.0332737],[18.6657372,-34.0340314],[18.6660208,-34.0348178],[18.666296,-34.0355857],[18.6664515,-34.0360011],[18.6665729,-34.0363355],[18.66671,-34.0367125],[18.6668172,-34.0370107],[18.6668529,-34.037107],[18.6669271,-34.0373075],[18.6669734,-34.0374382],[18.6671892,-34.0380479],[18.6673846,-34.0385664],[18.6674099,-34.0386334],[18.6675632,-34.0390726],[18.667573,-34.0391007],[18.6676245,-34.0392437],[18.6678602,-34.0398975],[18.6678839,-34.0399432],[18.6680932,-34.0405174],[18.6681765,-34.0407605],[18.6683012,-34.0410849],[18.66838,-34.0413262],[18.668787,-34.0424414],[18.6690682,-34.0432144],[18.669253,-34.043709],[18.6692963,-34.0438707],[18.669325,-34.0439886],[18.6693435,-34.0440557],[18.6693746,-34.0441654],[18.6694541,-34.0443817],[18.6696791,-34.0450096],[18.6698031,-34.0453499],[18.6702022,-34.0464457],[18.6704443,-34.0471215],[18.6705489,-34.0474032],[18.6707667,-34.0480055],[18.6712587,-34.0493513],[18.6715965,-34.0502829],[18.6716216,-34.0503501],[18.671746,-34.0506854],[18.6718425,-34.0509287],[18.6719228,-34.0511248],[18.6720197,-34.0513152],[18.6721628,-34.0515733],[18.6723429,-34.0518672],[18.672506,-34.0521019],[18.6726486,-34.0522875],[18.6727973,-34.0524693],[18.6729472,-34.052637],[18.67323,-34.0529301],[18.6734546,-34.053131],[18.6737198,-34.0533514],[18.6740413,-34.0535896],[18.6742728,-34.0537442],[18.6746625,-34.0539795],[18.6749225,-34.0541187],[18.6752602,-34.0542829],[18.6755173,-34.0543912],[18.675698,-34.0544642],[18.6758952,-34.0545354],[18.6760739,-34.054598],[18.6761506,-34.0546222],[18.6764123,-34.0547021],[18.6767692,-34.054794],[18.6770696,-34.054858],[18.677255,-34.0548936],[18.6773759,-34.0549136],[18.6775467,-34.0549381],[18.6777248,-34.054961],[18.6779587,-34.054991],[18.678107,-34.0550049],[18.6782931,-34.0550146],[18.6785463,-34.0550238],[18.6787406,-34.0550279],[18.678978,-34.0550294],[18.6799679,-34.0550177],[18.680856,-34.0550116],[18.6820894,-34.0550011],[18.6830955,-34.0549948],[18.6837725,-34.0549905],[18.6838538,-34.05499],[18.6842351,-34.0549876],[18.6849832,-34.0549838],[18.6859904,-34.0549759],[18.686802,-34.0549687],[18.6882875,-34.0549605],[18.6893462,-34.0549546],[18.6903848,-34.054953],[18.6908443,-34.0549618],[18.6912691,-34.0549684],[18.6917294,-34.054972],[18.6922191,-34.0549765],[18.6931293,-34.0549692],[18.6934329,-34.054968],[18.6937355,-34.0549668],[18.6944144,-34.0549634],[18.6952036,-34.0549575],[18.6962038,-34.0549505],[18.6966078,-34.0549475],[18.6971736,-34.054942],[18.6977024,-34.0549301],[18.6979055,-34.0549216],[18.6986159,-34.0549032],[18.6988266,-34.0548983],[18.6990015,-34.0548907],[18.6993646,-34.0548852],[18.7001358,-34.0548838],[18.7008791,-34.0548814],[18.7020745,-34.0548632],[18.7022704,-34.0548497],[18.7023736,-34.0548422],[18.7026348,-34.0548251],[18.7028682,-34.0548239],[18.7033639,-34.0548183],[18.70347,-34.0548178],[18.7040168,-34.0548151],[18.7044431,-34.0548099],[18.7048567,-34.0547992],[18.7050394,-34.054794],[18.7051678,-34.0547903],[18.7052641,-34.0547875],[18.7058993,-34.0547718],[18.7064801,-34.0547622],[18.7070408,-34.0547568],[18.7071726,-34.0547562],[18.7074635,-34.0547549],[18.7082928,-34.0547496],[18.7095653,-34.054742],[18.7101291,-34.0547401],[18.7103855,-34.05474],[18.7106063,-34.0547392]]}},{"type":"Feature","properties":{"routeId":"ct-kapteinsklip","source":"OpenStreetMap","license":"ODbL","stations":16},"geometry":{"type":"LineString","coordinates":[[18.4274124,-33.923851],[18.4275301,-33.9239402],[18.4277769,-33.9241089],[18.4278754,-33.9241718],[18.428098,-33.9242854],[18.4283364,-33.9244052],[18.4285362,-33.9244865],[18.4287039,-33.9245443],[18.4290718,-33.9246677],[18.4292416,-33.9247252],[18.4293683,-33.9247662],[18.4295762,-33.9248359],[18.4299019,-33.9249501],[18.429536,-33.9247986],[18.4293825,-33.9247185],[18.4292363,-33.9246311],[18.4290177,-33.9245004],[18.428893,-33.9244225],[18.4288322,-33.9243843],[18.4286603,-33.9242839],[18.4284625,-33.9241604],[18.4286824,-33.924265],[18.4289151,-33.9243635],[18.4291013,-33.9244411],[18.4293658,-33.9245521],[18.4295015,-33.9246086],[18.4296298,-33.9246559],[18.4297536,-33.9247127],[18.4299293,-33.9247833],[18.4300234,-33.9248266],[18.4302709,-33.9249306],[18.4306761,-33.9250962],[18.4308835,-33.9251792],[18.4310498,-33.9252359],[18.43121,-33.925286],[18.4313137,-33.9253149],[18.4315111,-33.9253606],[18.4316667,-33.9253917],[18.4318142,-33.9254129],[18.4319899,-33.925434],[18.4321996,-33.9254511],[18.4326182,-33.9254735],[18.4329454,-33.9254874],[18.4334445,-33.9255088],[18.4336484,-33.9255063],[18.4338107,-33.9254956],[18.4340069,-33.9254949],[18.4352232,-33.9255434],[18.4357199,-33.9255646],[18.436231,-33.9255841],[18.4366424,-33.9255962],[18.4368862,-33.9255856],[18.4369875,-33.9255813],[18.437066,-33.9255783],[18.43725,-33.9255753],[18.4374128,-33.9255693],[18.4395377,-33.9254544],[18.4402738,-33.9254143],[18.4410418,-33.9253719],[18.4417611,-33.9253332],[18.4419409,-33.9253209],[18.4421286,-33.9253043],[18.4423694,-33.9252883],[18.4424333,-33.9252857],[18.4426233,-33.9252753],[18.4430013,-33.9252325],[18.4431731,-33.9252168],[18.4432628,-33.9252145],[18.4442828,-33.9251945],[18.445012,-33.9251774],[18.4460104,-33.9251596],[18.4463249,-33.925149],[18.446681,-33.9251468],[18.4468989,-33.925154],[18.4470843,-33.9251655],[18.4473764,-33.9251846],[18.4475654,-33.9252052],[18.4478733,-33.9252434],[18.4483639,-33.9253005],[18.4488777,-33.9253663],[18.4498145,-33.9254767],[18.4507278,-33.9255852],[18.4510448,-33.9256249],[18.4511893,-33.9256468],[18.4512721,-33.9256606],[18.4514862,-33.9257034],[18.4515671,-33.9257178],[18.4517236,-33.9257421],[18.452192,-33.9257962],[18.4523377,-33.9258193],[18.4524391,-33.9258374],[18.4526292,-33.9258742],[18.4527243,-33.9258919],[18.4528782,-33.9259159],[18.4533863,-33.9259768],[18.4536632,-33.92601],[18.4538184,-33.9260342],[18.4539189,-33.9260522],[18.4541242,-33.9260925],[18.4542188,-33.9261084],[18.4543514,-33.9261285],[18.4553172,-33.9262442],[18.4565068,-33.9263944],[18.4570848,-33.9264679],[18.4576714,-33.9265376],[18.4578184,-33.9265589],[18.457928,-33.9265778],[18.4583041,-33.9266511],[18.4584089,-33.926669],[18.4585476,-33.9266902],[18.4588016,-33.9267212],[18.4589352,-33.9267422],[18.4590234,-33.9267566],[18.4593171,-33.926813],[18.4594123,-33.9268292],[18.459553,-33.9268506],[18.4596755,-33.9268648],[18.4608331,-33.9270031],[18.461025,-33.9270243],[18.4611878,-33.927039],[18.4613608,-33.9270534],[18.4615406,-33.9270649],[18.4617965,-33.9270755],[18.4619787,-33.9270847],[18.4621807,-33.9270931],[18.4623661,-33.9271016],[18.4625407,-33.927113],[18.4627076,-33.9271254],[18.462856,-33.9271394],[18.4631687,-33.9271724],[18.4635204,-33.9272232],[18.4646692,-33.927416],[18.4635204,-33.9272232],[18.4631687,-33.9271724],[18.462856,-33.9271394],[18.4627076,-33.9271254],[18.4625407,-33.927113],[18.4623661,-33.9271016],[18.4621807,-33.9270931],[18.4619787,-33.9270847],[18.4617965,-33.9270755],[18.4615406,-33.9270649],[18.4613608,-33.9270534],[18.4611878,-33.927039],[18.461025,-33.9270243],[18.4608331,-33.9270031],[18.4596755,-33.9268648],[18.459553,-33.9268506],[18.4594123,-33.9268292],[18.4593171,-33.926813],[18.4590234,-33.9267566],[18.4589352,-33.9267422],[18.4588016,-33.9267212],[18.4585476,-33.9266902],[18.4584089,-33.926669],[18.4583041,-33.9266511],[18.457928,-33.9265778],[18.4578184,-33.9265589],[18.4576714,-33.9265376],[18.4579686,-33.9265706],[18.4583105,-33.9266138],[18.4597093,-33.9267786],[18.4606012,-33.9268869],[18.4607494,-33.9269047],[18.4610893,-33.9269458],[18.4613254,-33.9269703],[18.4615628,-33.9269881],[18.4619523,-33.9270059],[18.4622038,-33.9270104],[18.4625813,-33.9270226],[18.4628006,-33.9270371],[18.4629609,-33.9270499],[18.4631171,-33.9270638],[18.463736,-33.9271606],[18.4638822,-33.9271806],[18.4641257,-33.9272054],[18.4638956,-33.9271684],[18.4636336,-33.9271169],[18.4638894,-33.9271443],[18.4641754,-33.927174],[18.4642931,-33.9271861],[18.4662048,-33.9273831],[18.4664729,-33.9274047],[18.466832,-33.9274199],[18.4670577,-33.9274187],[18.4672434,-33.9274098],[18.4674567,-33.9273876],[18.4675988,-33.9273703],[18.4677846,-33.9273408],[18.4679623,-33.9273085],[18.468156,-33.927269],[18.4685919,-33.9271734],[18.469124,-33.9270546],[18.4694156,-33.9269944],[18.4696905,-33.9269387],[18.4698887,-33.9269052],[18.4701221,-33.9268673],[18.470332,-33.9268362],[18.4708134,-33.9267733],[18.4726584,-33.926544],[18.4738634,-33.9263927],[18.4742426,-33.926346],[18.4747469,-33.9262959],[18.4751063,-33.9262653],[18.4754188,-33.926238],[18.4757997,-33.9261991],[18.4764075,-33.9261119],[18.4770595,-33.9260496],[18.4774623,-33.9259962],[18.4789721,-33.9258076],[18.4793733,-33.9257575],[18.4797794,-33.9256911],[18.480163,-33.9256293],[18.4806142,-33.9255576],[18.4809267,-33.9255125],[18.4812332,-33.9254747],[18.4815824,-33.9254339],[18.4824764,-33.9253239],[18.483296,-33.9252158],[18.4834473,-33.9252004],[18.4835638,-33.9251864],[18.4838671,-33.925147],[18.4841095,-33.9251125],[18.4838315,-33.9251297],[18.4835358,-33.9251497],[18.4832932,-33.925168],[18.4835606,-33.9251236],[18.4838112,-33.925082],[18.4835452,-33.9251074],[18.483275,-33.9251247],[18.4831167,-33.9251325],[18.4834574,-33.9250846],[18.4836143,-33.9250618],[18.4837947,-33.9250385],[18.4834138,-33.9250613],[18.483163,-33.9250841],[18.482933,-33.9251019],[18.4836351,-33.9249928],[18.4843197,-33.924886],[18.4856427,-33.9246836],[18.4871302,-33.9244955],[18.4886177,-33.9243074],[18.4894746,-33.9241976],[18.4899595,-33.9241318],[18.4901542,-33.9241026],[18.4903289,-33.9240681],[18.4906982,-33.9239894],[18.49093,-33.923939],[18.4913982,-33.9238343],[18.4922234,-33.9236564],[18.4919935,-33.9237206],[18.4917051,-33.9238074],[18.4921642,-33.9237071],[18.4919439,-33.9237779],[18.4916972,-33.9238451],[18.4923679,-33.9236999],[18.4926696,-33.9236379],[18.4928303,-33.9236119],[18.4930583,-33.9235832],[18.4931831,-33.9235765],[18.4932977,-33.9235759],[18.4934191,-33.9235821],[18.4935901,-33.9235993],[18.493806,-33.9236339],[18.4939258,-33.9236576],[18.494036,-33.9236824],[18.4950166,-33.9239212],[18.4952221,-33.9239805],[18.4953768,-33.924036],[18.4955216,-33.9240931],[18.4956142,-33.9241395],[18.4956985,-33.9241859],[18.4957737,-33.92423],[18.4958534,-33.9242779],[18.4959167,-33.9243266],[18.4959927,-33.9243829],[18.4960679,-33.9244437],[18.496143,-33.9245175],[18.4961953,-33.9245722],[18.4962576,-33.9246445],[18.4963062,-33.9247084],[18.4963658,-33.924792],[18.4964144,-33.9248658],[18.4964565,-33.9249449],[18.4964923,-33.9250248],[18.4965234,-33.9251016],[18.49655,-33.9251685],[18.4965757,-33.9252598],[18.4965986,-33.9253411],[18.4966096,-33.9254271],[18.4966197,-33.9255077],[18.4966224,-33.925599],[18.4966233,-33.9256689],[18.4966215,-33.9257549],[18.4966132,-33.9258325],[18.4965931,-33.9259358],[18.4965794,-33.9260009],[18.4965592,-33.9260786],[18.4964938,-33.9262661],[18.4964178,-33.9264354],[18.4963438,-33.9265728],[18.4961394,-33.9269158],[18.4958445,-33.9273972],[18.4955812,-33.9278361],[18.4954245,-33.9281068],[18.4952357,-33.9284236],[18.4946426,-33.9293928],[18.4940349,-33.9303929],[18.4937621,-33.930839],[18.4930803,-33.9319591],[18.4928806,-33.9322897],[18.4925928,-33.9327542],[18.4922505,-33.9333162],[18.4919555,-33.9338033],[18.4916548,-33.9342881],[18.4913854,-33.9347456],[18.4912506,-33.9350011],[18.4911698,-33.9351743],[18.491097,-33.9353473],[18.4910192,-33.9355525],[18.4909599,-33.9357313],[18.4909194,-33.9358734],[18.490873,-33.9360511],[18.4908194,-33.9362868],[18.4907149,-33.9368411],[18.490606,-33.9374245],[18.4905696,-33.9376649],[18.490554,-33.9377792],[18.4905419,-33.9379179],[18.4905314,-33.9381772],[18.490537,-33.9384007],[18.4905472,-33.9385697],[18.4906456,-33.9397347],[18.4906889,-33.9402],[18.4907429,-33.9408005],[18.490803,-33.941527],[18.4908291,-33.9417417],[18.4908546,-33.9419503],[18.4909169,-33.9423685],[18.4910474,-33.9432123],[18.4911099,-33.9435775],[18.4911459,-33.9437443],[18.4911728,-33.9438559],[18.491233,-33.9440553],[18.4912888,-33.9442113],[18.491333,-33.9443212],[18.4913934,-33.9444564],[18.4914679,-33.944609],[18.4915687,-33.9447855],[18.4916442,-33.94491],[18.4917883,-33.9451144],[18.4919165,-33.9452741],[18.4920664,-33.9454439],[18.4922759,-33.9456561],[18.4924854,-33.9458415],[18.4925933,-33.9459258],[18.4926914,-33.9459984],[18.4928288,-33.9460974],[18.4929743,-33.946197],[18.4932248,-33.9463568],[18.4943862,-33.9470989],[18.4944625,-33.9471426],[18.4946685,-33.9472771],[18.4948534,-33.947401],[18.4951096,-33.9475372],[18.4953173,-33.947649],[18.4956625,-33.9478673],[18.4958915,-33.9479903],[18.4960805,-33.9480843],[18.4966134,-33.948429],[18.4973654,-33.9489095],[18.4976676,-33.9491022],[18.497972,-33.9492862],[18.4982164,-33.9494218],[18.4983999,-33.9495142],[18.4985614,-33.9495785],[18.4986946,-33.9496295],[18.4988526,-33.9496827],[18.4990524,-33.9497414],[18.4992385,-33.9497825],[18.4994255,-33.9498208],[18.4996706,-33.9498541],[18.4998618,-33.9498718],[18.5000488,-33.9498789],[18.5002563,-33.9498817],[18.5004723,-33.9498739],[18.5006952,-33.9498555],[18.5008292,-33.9498378],[18.5009957,-33.9498087],[18.5011571,-33.9497776],[18.5013091,-33.94974],[18.501651,-33.9496476],[18.5019857,-33.9495558],[18.5029639,-33.9492803],[18.5047665,-33.9487727],[18.5068932,-33.9481721],[18.5087009,-33.9476623],[18.5089714,-33.9475874],[18.5099958,-33.947296],[18.5102603,-33.9472159],[18.5105508,-33.9471247],[18.5107212,-33.9470618],[18.5108696,-33.947004],[18.511173,-33.9468738],[18.5113446,-33.9467909],[18.5115006,-33.9467094],[18.5116458,-33.9466302],[18.5118023,-33.9465388],[18.5119496,-33.9464497],[18.5120376,-33.9463889],[18.5122924,-33.9462227],[18.5193739,-33.9413031],[18.5227133,-33.9389882],[18.5233259,-33.9385615],[18.5235498,-33.9384141],[18.5236823,-33.9383329],[18.5238285,-33.9382544],[18.5239956,-33.9381688],[18.5241183,-33.938113],[18.5242776,-33.9380518],[18.5244552,-33.9379917],[18.5246243,-33.9379467],[18.524747,-33.937917],[18.524914,-33.9378833],[18.5251184,-33.9378531],[18.5254659,-33.9378265],[18.5256628,-33.9378265],[18.5257869,-33.9378314],[18.5260865,-33.9378606],[18.526357,-33.9379048],[18.5265723,-33.9379582],[18.5265914,-33.9379636],[18.5267704,-33.9380143],[18.5268826,-33.9380456],[18.527066,-33.9381061],[18.5273223,-33.9381885],[18.5274619,-33.9382329],[18.5273314,-33.9381717],[18.5269807,-33.9379978],[18.5268397,-33.937931],[18.5266256,-33.9378445],[18.5268673,-33.9379235],[18.5271802,-33.9380313],[18.5273309,-33.9380857],[18.5274705,-33.9381409],[18.5276262,-33.9382058],[18.5278945,-33.9383183],[18.5280959,-33.9383979],[18.5283633,-33.9384933],[18.5286231,-33.9385789],[18.5299805,-33.9390251],[18.530296,-33.9391293],[18.5313898,-33.9394875],[18.5318555,-33.9396288],[18.5322318,-33.9397245],[18.5326738,-33.9398512],[18.533132,-33.9399786],[18.5334927,-33.9400694],[18.5339424,-33.9401816],[18.534106,-33.9402224],[18.5346529,-33.9402926],[18.535135,-33.9403926],[18.5363638,-33.9405904],[18.5372596,-33.9407336],[18.5374218,-33.9407595],[18.537629,-33.9407889],[18.5385067,-33.9409256],[18.5398086,-33.9411253],[18.5403496,-33.9412059],[18.5416971,-33.9413846],[18.5426634,-33.9414631],[18.5433001,-33.9415065],[18.5444583,-33.9415855],[18.546226,-33.941706],[18.5465728,-33.9417296],[18.5468585,-33.9417462],[18.5471603,-33.9417548],[18.5473702,-33.9417608],[18.547541,-33.9417641],[18.547824,-33.9417695],[18.5481707,-33.941777],[18.5484813,-33.9417879],[18.5487416,-33.9417977],[18.5501826,-33.9418963],[18.5487416,-33.9417977],[18.5484813,-33.9417879],[18.5481707,-33.941777],[18.547824,-33.9417695],[18.547541,-33.9417641],[18.5473702,-33.9417608],[18.5471603,-33.9417548],[18.5468585,-33.9417462],[18.5465728,-33.9417296],[18.546226,-33.941706],[18.5444583,-33.9415855],[18.5433001,-33.9415065],[18.5426634,-33.9414631],[18.5416971,-33.9413846],[18.5403496,-33.9412059],[18.5398086,-33.9411253],[18.5385067,-33.9409256],[18.537629,-33.9407889],[18.5374218,-33.9407595],[18.5372596,-33.9407336],[18.5363638,-33.9405904],[18.535135,-33.9403926],[18.5346529,-33.9402926],[18.534106,-33.9402224],[18.5339194,-33.9402013],[18.5336,-33.9401653],[18.5338803,-33.9402354],[18.5340825,-33.9402859],[18.5343937,-33.9403612],[18.5351225,-33.9404989],[18.5363442,-33.9406839],[18.5372525,-33.9408294],[18.5374108,-33.9408548],[18.5384735,-33.9410171],[18.5402528,-33.9412928],[18.5416894,-33.9414822],[18.5426601,-33.9415522],[18.5432153,-33.9415879],[18.543423,-33.9416012],[18.5444705,-33.9416736],[18.5462084,-33.9417937],[18.5465681,-33.9418186],[18.5472551,-33.9418633],[18.5474426,-33.9418755],[18.5480925,-33.9419221],[18.5487292,-33.9419649],[18.5501704,-33.942064],[18.5516687,-33.9421671],[18.5526306,-33.9422338],[18.553129,-33.9422679],[18.5535842,-33.9422964],[18.5544217,-33.9423647],[18.5553214,-33.9424535],[18.5581826,-33.9427105],[18.5585573,-33.942757],[18.5587102,-33.9427803],[18.5589506,-33.9428195],[18.5591195,-33.9428554],[18.5592833,-33.9429017],[18.5594816,-33.9429599],[18.5597122,-33.9430391],[18.559984,-33.9431497],[18.5601141,-33.9432118],[18.5602628,-33.9432863],[18.5605149,-33.943432],[18.560754,-33.9435876],[18.5609651,-33.9437491],[18.5610772,-33.9438432],[18.5611726,-33.9439324],[18.5612938,-33.9440523],[18.5613801,-33.9441381],[18.5614856,-33.9442611],[18.5616002,-33.9444024],[18.5616671,-33.9444916],[18.5617592,-33.9446278],[18.561828,-33.944738],[18.5618949,-33.9448568],[18.5619421,-33.944946],[18.5620193,-33.9451032],[18.5621194,-33.9453442],[18.5622299,-33.945628],[18.562394,-33.9460813],[18.5626452,-33.9467733],[18.5629666,-33.9476714],[18.5632415,-33.9484201],[18.5633095,-33.9486088],[18.5635473,-33.9492671],[18.5636224,-33.9494771],[18.5636975,-33.9497857],[18.5637368,-33.9500066],[18.563755,-33.9501514],[18.5637635,-33.9503402],[18.5637624,-33.9505313],[18.5637567,-33.9506544],[18.5637061,-33.9511305],[18.5636765,-33.951425],[18.5636711,-33.9514782],[18.5635499,-33.9527108],[18.5636711,-33.9514782],[18.5636765,-33.951425],[18.5637061,-33.9511305],[18.5637567,-33.9506544],[18.5637624,-33.9505313],[18.5637635,-33.9503402],[18.563755,-33.9501514],[18.5637368,-33.9500066],[18.5636975,-33.9497857],[18.5636224,-33.9494771],[18.5635473,-33.9492671],[18.5633095,-33.9486088],[18.5632415,-33.9484201],[18.5629666,-33.9476714],[18.5626452,-33.9467733],[18.562394,-33.9460813],[18.5622299,-33.945628],[18.5621194,-33.9453442],[18.5620193,-33.9451032],[18.5619421,-33.944946],[18.5618949,-33.9448568],[18.561828,-33.944738],[18.5617592,-33.9446278],[18.5616671,-33.9444916],[18.5616002,-33.9444024],[18.5614856,-33.9442611],[18.5613801,-33.9441381],[18.5612938,-33.9440523],[18.5611726,-33.9439324],[18.5610772,-33.9438432],[18.5609651,-33.9437491],[18.560754,-33.9435876],[18.5605149,-33.943432],[18.5602628,-33.9432863],[18.5601141,-33.9432118],[18.559984,-33.9431497],[18.5597122,-33.9430391],[18.5594816,-33.9429599],[18.5592833,-33.9429017],[18.5591195,-33.9428554],[18.5589506,-33.9428195],[18.5587102,-33.9427803],[18.5585573,-33.942757],[18.5581826,-33.9427105],[18.5553214,-33.9424535],[18.5544217,-33.9423647],[18.5535842,-33.9422964],[18.553129,-33.9422679],[18.5526306,-33.9422338],[18.5516687,-33.9421671],[18.5501704,-33.942064],[18.5487292,-33.9419649],[18.5480925,-33.9419221],[18.5474426,-33.9418755],[18.5472551,-33.9418633],[18.5465681,-33.9418186],[18.5462084,-33.9417937],[18.5444705,-33.9416736],[18.543423,-33.9416012],[18.5432153,-33.9415879],[18.5426601,-33.9415522],[18.5416894,-33.9414822],[18.5402528,-33.9412928],[18.5384735,-33.9410171],[18.5374108,-33.9408548],[18.5372525,-33.9408294],[18.5363442,-33.9406839],[18.5351225,-33.9404989],[18.5343937,-33.9403612],[18.5340825,-33.9402859],[18.5338803,-33.9402354],[18.5336,-33.9401653],[18.5339194,-33.9402013],[18.534106,-33.9402224],[18.5344093,-33.9402923],[18.5351303,-33.9404279],[18.536352,-33.9406258],[18.536928,-33.9407216],[18.5372571,-33.9407668],[18.5384788,-33.9409572],[18.5402811,-33.9412366],[18.5416979,-33.9414296],[18.542662,-33.9415001],[18.5427962,-33.9415116],[18.5432778,-33.9415431],[18.5434276,-33.9415529],[18.5444613,-33.9416226],[18.5462183,-33.9417411],[18.546575,-33.9417651],[18.5469565,-33.9417844],[18.5472045,-33.9417939],[18.5473763,-33.9418005],[18.5475132,-33.941803],[18.5478168,-33.9418086],[18.5481712,-33.9418148],[18.5484841,-33.9418223],[18.5487604,-33.9418336],[18.5501787,-33.9419331],[18.5516794,-33.9420337],[18.5522421,-33.9420797],[18.5531193,-33.9421623],[18.5536111,-33.9422038],[18.5552278,-33.9423537],[18.55554,-33.9424019],[18.5557603,-33.9424398],[18.5559162,-33.9424659],[18.5560968,-33.9424865],[18.5581831,-33.9426751],[18.5583926,-33.9426988],[18.5585489,-33.9427186],[18.5587065,-33.9427415],[18.5588688,-33.942769],[18.5591397,-33.9428249],[18.5594058,-33.9428963],[18.5596028,-33.9429599],[18.5598156,-33.9430387],[18.5599831,-33.9431078],[18.5600818,-33.943152],[18.5601898,-33.9432025],[18.5602862,-33.9432549],[18.5605318,-33.9433926],[18.56079,-33.9435574],[18.561022,-33.9437396],[18.5610987,-33.9438009],[18.5612339,-33.9439274],[18.5614341,-33.944128],[18.5616395,-33.9443717],[18.5616895,-33.9444365],[18.5618135,-33.9446146],[18.5619005,-33.944759],[18.5619702,-33.9448805],[18.562074,-33.9450943],[18.5621809,-33.9453398],[18.5623007,-33.9456544],[18.5626996,-33.9467535],[18.5630227,-33.947658],[18.5632711,-33.9483446],[18.5633626,-33.9485895],[18.5633976,-33.9486918],[18.5635064,-33.9489814],[18.5635835,-33.9491933],[18.5636753,-33.949446],[18.5637345,-33.9496149],[18.5637774,-33.94974],[18.5638215,-33.9498848],[18.5638682,-33.9500545],[18.5638929,-33.9501644],[18.5639231,-33.9503185],[18.5639467,-33.9505553],[18.5639512,-33.9507629],[18.5639501,-33.9509168],[18.5639273,-33.9511895],[18.5638966,-33.9514787],[18.5638716,-33.9517185],[18.5637711,-33.952738],[18.5636174,-33.9541795],[18.563593,-33.9543517],[18.5635644,-33.9545122],[18.5634313,-33.9551426],[18.5633841,-33.9553516],[18.5633374,-33.9555891],[18.5633198,-33.9556838],[18.5632885,-33.9558966],[18.563259,-33.956125],[18.5632288,-33.9564076],[18.5631947,-33.956736],[18.5631349,-33.9573257],[18.563065,-33.9580052],[18.563061,-33.9580599],[18.5629927,-33.9587402],[18.5628448,-33.9602085],[18.5627208,-33.961422],[18.5626503,-33.9621278],[18.5626128,-33.962492],[18.5624603,-33.9639791],[18.5623852,-33.9647556],[18.5623033,-33.9655426],[18.5622328,-33.9662115],[18.5621975,-33.9666484],[18.5621759,-33.9669654],[18.5621662,-33.9671961],[18.5621412,-33.9678802],[18.5621253,-33.9682217],[18.5620957,-33.9686057],[18.5620666,-33.9688907],[18.5619956,-33.969586],[18.5620666,-33.9688907],[18.5620957,-33.9686057],[18.5621253,-33.9682217],[18.5621412,-33.9678802],[18.5621662,-33.9671961],[18.5621759,-33.9669654],[18.5621975,-33.9666484],[18.5622328,-33.9662115],[18.5623033,-33.9655426],[18.5623852,-33.9647556],[18.5624603,-33.9639791],[18.5626128,-33.962492],[18.5626503,-33.9621278],[18.5627208,-33.961422],[18.5628448,-33.9602085],[18.5629927,-33.9587402],[18.563061,-33.9580599],[18.563065,-33.9580052],[18.5631349,-33.9573257],[18.5631947,-33.956736],[18.5632288,-33.9564076],[18.563259,-33.956125],[18.5632885,-33.9558966],[18.5633198,-33.9556838],[18.5633374,-33.9555891],[18.5633841,-33.9553516],[18.5634313,-33.9551426],[18.5635644,-33.9545122],[18.563593,-33.9543517],[18.5636174,-33.9541795],[18.5637711,-33.952738],[18.5638716,-33.9517185],[18.5638966,-33.9514787],[18.5639273,-33.9511895],[18.5639501,-33.9509168],[18.5639512,-33.9507629],[18.5639467,-33.9505553],[18.5639231,-33.9503185],[18.5638929,-33.9501644],[18.5638682,-33.9500545],[18.5638215,-33.9498848],[18.5637774,-33.94974],[18.5637345,-33.9496149],[18.5636753,-33.949446],[18.5635835,-33.9491933],[18.5635064,-33.9489814],[18.5633976,-33.9486918],[18.5633626,-33.9485895],[18.5632711,-33.9483446],[18.5630227,-33.947658],[18.5626996,-33.9467535],[18.5623007,-33.9456544],[18.5621809,-33.9453398],[18.562074,-33.9450943],[18.5619702,-33.9448805],[18.5619005,-33.944759],[18.5618135,-33.9446146],[18.5616895,-33.9444365],[18.5616395,-33.9443717],[18.5614341,-33.944128],[18.5612339,-33.9439274],[18.5610987,-33.9438009],[18.561022,-33.9437396],[18.56079,-33.9435574],[18.5605318,-33.9433926],[18.5602862,-33.9432549],[18.5601898,-33.9432025],[18.5600818,-33.943152],[18.5599831,-33.9431078],[18.5598156,-33.9430387],[18.5596028,-33.9429599],[18.5594058,-33.9428963],[18.5591397,-33.9428249],[18.5588688,-33.942769],[18.5587065,-33.9427415],[18.5585489,-33.9427186],[18.5583926,-33.9426988],[18.5581831,-33.9426751],[18.5560968,-33.9424865],[18.5559162,-33.9424659],[18.5557603,-33.9424398],[18.55554,-33.9424019],[18.5552278,-33.9423537],[18.5536111,-33.9422038],[18.5531193,-33.9421623],[18.5522421,-33.9420797],[18.5516794,-33.9420337],[18.5501787,-33.9419331],[18.5487604,-33.9418336],[18.5484841,-33.9418223],[18.5481712,-33.9418148],[18.5478168,-33.9418086],[18.5475132,-33.941803],[18.5473763,-33.9418005],[18.5472045,-33.9417939],[18.5469565,-33.9417844],[18.546575,-33.9417651],[18.5462183,-33.9417411],[18.5444613,-33.9416226],[18.5434276,-33.9415529],[18.5432778,-33.9415431],[18.5427962,-33.9415116],[18.542662,-33.9415001],[18.5416979,-33.9414296],[18.5402811,-33.9412366],[18.5384788,-33.9409572],[18.5372571,-33.9407668],[18.536928,-33.9407216],[18.536352,-33.9406258],[18.5351303,-33.9404279],[18.5344093,-33.9402923],[18.534106,-33.9402224],[18.5339194,-33.9402013],[18.5336,-33.9401653],[18.5338803,-33.9402354],[18.5340825,-33.9402859],[18.5343937,-33.9403612],[18.5351225,-33.9404989],[18.5363442,-33.9406839],[18.5372525,-33.9408294],[18.5374108,-33.9408548],[18.5384735,-33.9410171],[18.5402528,-33.9412928],[18.5416894,-33.9414822],[18.5426601,-33.9415522],[18.5432153,-33.9415879],[18.543423,-33.9416012],[18.5444705,-33.9416736],[18.5462084,-33.9417937],[18.5465681,-33.9418186],[18.5472551,-33.9418633],[18.5474426,-33.9418755],[18.5480925,-33.9419221],[18.5487292,-33.9419649],[18.5501704,-33.942064],[18.5516687,-33.9421671],[18.5526306,-33.9422338],[18.553129,-33.9422679],[18.5535842,-33.9422964],[18.5544217,-33.9423647],[18.5553214,-33.9424535],[18.5581826,-33.9427105],[18.5585573,-33.942757],[18.5587102,-33.9427803],[18.5589506,-33.9428195],[18.5591195,-33.9428554],[18.5592833,-33.9429017],[18.5594816,-33.9429599],[18.5597122,-33.9430391],[18.559984,-33.9431497],[18.5601141,-33.9432118],[18.5602628,-33.9432863],[18.5605149,-33.943432],[18.560754,-33.9435876],[18.5609651,-33.9437491],[18.5610772,-33.9438432],[18.5611726,-33.9439324],[18.5612938,-33.9440523],[18.5613801,-33.9441381],[18.5614856,-33.9442611],[18.5616002,-33.9444024],[18.5616671,-33.9444916],[18.5617592,-33.9446278],[18.561828,-33.944738],[18.5618949,-33.9448568],[18.5619421,-33.944946],[18.5620193,-33.9451032],[18.5621194,-33.9453442],[18.5622299,-33.945628],[18.562394,-33.9460813],[18.5626452,-33.9467733],[18.5629666,-33.9476714],[18.5632415,-33.9484201],[18.5633095,-33.9486088],[18.5635473,-33.9492671],[18.5636224,-33.9494771],[18.5636975,-33.9497857],[18.5637368,-33.9500066],[18.563755,-33.9501514],[18.5637635,-33.9503402],[18.5637624,-33.9505313],[18.5637567,-33.9506544],[18.5637061,-33.9511305],[18.5636765,-33.951425],[18.5636711,-33.9514782],[18.5635499,-33.9527108],[18.563399,-33.9541704],[18.5633846,-33.9543158],[18.5633682,-33.9544603],[18.5633557,-33.9545618],[18.5633312,-33.9546896],[18.5633045,-33.9548156],[18.5632692,-33.9550086],[18.563234,-33.9553517],[18.563181,-33.9558673],[18.5631421,-33.9562469],[18.5631275,-33.9563892],[18.5630798,-33.9569157],[18.5629586,-33.9580712],[18.5627436,-33.9601859],[18.5625934,-33.9616598],[18.5625502,-33.9620919],[18.5625343,-33.9622807],[18.5621611,-33.9659228],[18.5620951,-33.9665512],[18.56202,-33.9673306],[18.5619313,-33.9682052],[18.561863,-33.9688855],[18.5617515,-33.96993],[18.5617055,-33.9704239],[18.5616395,-33.971057],[18.5616135,-33.9713167],[18.5615932,-33.9715187],[18.5615775,-33.9716756],[18.5615434,-33.9720292],[18.5614467,-33.9729747],[18.561385,-33.9735796],[18.5613003,-33.97438],[18.5612349,-33.9750604],[18.5611087,-33.9762816],[18.5608837,-33.9784664],[18.5608,-33.9794253],[18.5606885,-33.9808727],[18.5605709,-33.9824131],[18.5605138,-33.9831371],[18.5604622,-33.9837854],[18.560395,-33.9846918],[18.5603213,-33.9856326],[18.5602789,-33.9862084],[18.5602541,-33.9865046],[18.5602136,-33.9869926],[18.560185,-33.9873973],[18.5601583,-33.9877455],[18.5601117,-33.9883193],[18.5600699,-33.988871],[18.560046,-33.9892124],[18.5600091,-33.9896423],[18.5599805,-33.9900431],[18.5599739,-33.9901399],[18.5599528,-33.9904223],[18.5599416,-33.9905793],[18.5599151,-33.9909192],[18.5598891,-33.9912488],[18.5598561,-33.9917193],[18.5598036,-33.9924113],[18.5597704,-33.9928105],[18.5598036,-33.9924113],[18.5598561,-33.9917193],[18.5598891,-33.9912488],[18.5599151,-33.9909192],[18.5599416,-33.9905793],[18.5599528,-33.9904223],[18.5599739,-33.9901399],[18.5599805,-33.9900431],[18.5600091,-33.9896423],[18.560046,-33.9892124],[18.5600699,-33.988871],[18.5601117,-33.9883193],[18.5601583,-33.9877455],[18.560185,-33.9873973],[18.5602136,-33.9869926],[18.5602541,-33.9865046],[18.5602789,-33.9862084],[18.5603213,-33.9856326],[18.560395,-33.9846918],[18.5604622,-33.9837854],[18.5605138,-33.9831371],[18.5605709,-33.9824131],[18.5606885,-33.9808727],[18.5608,-33.9794253],[18.5608837,-33.9784664],[18.5611087,-33.9762816],[18.5612349,-33.9750604],[18.5613003,-33.97438],[18.561385,-33.9735796],[18.5614467,-33.9729747],[18.5615434,-33.9720292],[18.5615775,-33.9716756],[18.5615932,-33.9715187],[18.5616135,-33.9713167],[18.5616395,-33.971057],[18.5617055,-33.9704239],[18.5617515,-33.96993],[18.561863,-33.9688855],[18.5619313,-33.9682052],[18.56202,-33.9673306],[18.5620951,-33.9665512],[18.5621611,-33.9659228],[18.5625343,-33.9622807],[18.5625502,-33.9620919],[18.5625934,-33.9616598],[18.5627436,-33.9601859],[18.5629586,-33.9580712],[18.5630798,-33.9569157],[18.5631275,-33.9563892],[18.5631421,-33.9562469],[18.563181,-33.9558673],[18.563234,-33.9553517],[18.5632692,-33.9550086],[18.5633045,-33.9548156],[18.5633312,-33.9546896],[18.5633557,-33.9545618],[18.5633682,-33.9544603],[18.5633846,-33.9543158],[18.563399,-33.9541704],[18.5635499,-33.9527108],[18.5636711,-33.9514782],[18.5636765,-33.951425],[18.5637061,-33.9511305],[18.5637567,-33.9506544],[18.5637624,-33.9505313],[18.5637635,-33.9503402],[18.563755,-33.9501514],[18.5637368,-33.9500066],[18.5636975,-33.9497857],[18.5636224,-33.9494771],[18.5635473,-33.9492671],[18.5633095,-33.9486088],[18.5632415,-33.9484201],[18.5629666,-33.9476714],[18.5626452,-33.9467733],[18.562394,-33.9460813],[18.5622299,-33.945628],[18.5621194,-33.9453442],[18.5620193,-33.9451032],[18.5619421,-33.944946],[18.5618949,-33.9448568],[18.561828,-33.944738],[18.5617592,-33.9446278],[18.5616671,-33.9444916],[18.5616002,-33.9444024],[18.5614856,-33.9442611],[18.5613801,-33.9441381],[18.5612938,-33.9440523],[18.5611726,-33.9439324],[18.5610772,-33.9438432],[18.5609651,-33.9437491],[18.560754,-33.9435876],[18.5605149,-33.943432],[18.5602628,-33.9432863],[18.5601141,-33.9432118],[18.559984,-33.9431497],[18.5597122,-33.9430391],[18.5594816,-33.9429599],[18.5592833,-33.9429017],[18.5591195,-33.9428554],[18.5589506,-33.9428195],[18.5587102,-33.9427803],[18.5585573,-33.942757],[18.5581826,-33.9427105],[18.5553214,-33.9424535],[18.5544217,-33.9423647],[18.5535842,-33.9422964],[18.553129,-33.9422679],[18.5526306,-33.9422338],[18.5516687,-33.9421671],[18.5501704,-33.942064],[18.5487292,-33.9419649],[18.5480925,-33.9419221],[18.5474426,-33.9418755],[18.5472551,-33.9418633],[18.5465681,-33.9418186],[18.5462084,-33.9417937],[18.5444705,-33.9416736],[18.543423,-33.9416012],[18.5432153,-33.9415879],[18.5426601,-33.9415522],[18.5416894,-33.9414822],[18.5402528,-33.9412928],[18.5384735,-33.9410171],[18.5374108,-33.9408548],[18.5372525,-33.9408294],[18.5363442,-33.9406839],[18.5351225,-33.9404989],[18.5343937,-33.9403612],[18.5340825,-33.9402859],[18.5338803,-33.9402354],[18.5336,-33.9401653],[18.5339194,-33.9402013],[18.534106,-33.9402224],[18.5344093,-33.9402923],[18.5351303,-33.9404279],[18.536352,-33.9406258],[18.536928,-33.9407216],[18.5372571,-33.9407668],[18.5384788,-33.9409572],[18.5402811,-33.9412366],[18.5416979,-33.9414296],[18.542662,-33.9415001],[18.5427962,-33.9415116],[18.5432778,-33.9415431],[18.5434276,-33.9415529],[18.5444613,-33.9416226],[18.5462183,-33.9417411],[18.546575,-33.9417651],[18.5469565,-33.9417844],[18.5472045,-33.9417939],[18.5473763,-33.9418005],[18.5475132,-33.941803],[18.5478168,-33.9418086],[18.5481712,-33.9418148],[18.5484841,-33.9418223],[18.5487604,-33.9418336],[18.5501787,-33.9419331],[18.5516794,-33.9420337],[18.5522421,-33.9420797],[18.5531193,-33.9421623],[18.5536111,-33.9422038],[18.5552278,-33.9423537],[18.55554,-33.9424019],[18.5557603,-33.9424398],[18.5559162,-33.9424659],[18.5560968,-33.9424865],[18.5581831,-33.9426751],[18.5583926,-33.9426988],[18.5585489,-33.9427186],[18.5587065,-33.9427415],[18.5588688,-33.942769],[18.5591397,-33.9428249],[18.5594058,-33.9428963],[18.5596028,-33.9429599],[18.5598156,-33.9430387],[18.5599831,-33.9431078],[18.5600818,-33.943152],[18.5601898,-33.9432025],[18.5602862,-33.9432549],[18.5605318,-33.9433926],[18.56079,-33.9435574],[18.561022,-33.9437396],[18.5610987,-33.9438009],[18.5612339,-33.9439274],[18.5614341,-33.944128],[18.5616395,-33.9443717],[18.5616895,-33.9444365],[18.5618135,-33.9446146],[18.5619005,-33.944759],[18.5619702,-33.9448805],[18.562074,-33.9450943],[18.5621809,-33.9453398],[18.5623007,-33.9456544],[18.5626996,-33.9467535],[18.5630227,-33.947658],[18.5632711,-33.9483446],[18.5633626,-33.9485895],[18.5633976,-33.9486918],[18.5635064,-33.9489814],[18.5635835,-33.9491933],[18.5636753,-33.949446],[18.5637345,-33.9496149],[18.5637774,-33.94974],[18.5638215,-33.9498848],[18.5638682,-33.9500545],[18.5638929,-33.9501644],[18.5639231,-33.9503185],[18.5639467,-33.9505553],[18.5639512,-33.9507629],[18.5639501,-33.9509168],[18.5639273,-33.9511895],[18.5638966,-33.9514787],[18.5638716,-33.9517185],[18.5637711,-33.952738],[18.5636174,-33.9541795],[18.563593,-33.9543517],[18.5635644,-33.9545122],[18.5634313,-33.9551426],[18.5633841,-33.9553516],[18.5633374,-33.9555891],[18.5633198,-33.9556838],[18.5632885,-33.9558966],[18.563259,-33.956125],[18.5632288,-33.9564076],[18.5631947,-33.956736],[18.5631349,-33.9573257],[18.563065,-33.9580052],[18.563061,-33.9580599],[18.5629927,-33.9587402],[18.5628448,-33.9602085],[18.5627208,-33.961422],[18.5626503,-33.9621278],[18.5626128,-33.962492],[18.5624603,-33.9639791],[18.5623852,-33.9647556],[18.5623033,-33.9655426],[18.5622328,-33.9662115],[18.5621975,-33.9666484],[18.5621759,-33.9669654],[18.5621662,-33.9671961],[18.5621412,-33.9678802],[18.5621253,-33.9682217],[18.5620957,-33.9686057],[18.5620666,-33.9688907],[18.5619956,-33.969586],[18.5619091,-33.9704343],[18.5618318,-33.9710749],[18.561801,-33.9712853],[18.5617936,-33.9713306],[18.5617624,-33.9715203],[18.5617475,-33.9716315],[18.5616679,-33.9721137],[18.5616088,-33.9724986],[18.5615166,-33.9732732],[18.5614302,-33.9741166],[18.5613353,-33.9750719],[18.5612653,-33.9757722],[18.5611796,-33.9766039],[18.5611308,-33.9770926],[18.561059,-33.9777838],[18.5610046,-33.9783168],[18.5609439,-33.9789339],[18.5609015,-33.979428],[18.5608287,-33.9803368],[18.5607873,-33.9808898],[18.5607486,-33.9814059],[18.5606749,-33.9824078],[18.560616,-33.9831317],[18.560569,-33.9837526],[18.5605165,-33.9844612],[18.5604516,-33.985297],[18.5604134,-33.9857861],[18.5603761,-33.9862874],[18.5603185,-33.9870376],[18.5602789,-33.9875557],[18.5602412,-33.9880635],[18.5602196,-33.9883404],[18.5601974,-33.9886252],[18.5601763,-33.9889302],[18.5601519,-33.9892528],[18.5601261,-33.9896297],[18.5601196,-33.9898324],[18.5601132,-33.9900897],[18.5601138,-33.9903465],[18.5601239,-33.9904927],[18.5601357,-33.9905979],[18.5601587,-33.9907901],[18.5601799,-33.9909133],[18.5602113,-33.9911795],[18.5602182,-33.991261],[18.5602283,-33.9914694],[18.560233,-33.9916689],[18.5602312,-33.9917956],[18.5602241,-33.9919795],[18.5602124,-33.992137],[18.5601899,-33.9924446],[18.5601522,-33.9929439],[18.560059,-33.994103],[18.5600401,-33.9942805],[18.5600171,-33.9944551],[18.5599894,-33.9946399],[18.5599605,-33.9948131],[18.5599378,-33.9949311],[18.5599162,-33.9951564],[18.5599039,-33.9952835],[18.5598787,-33.9955172],[18.5598107,-33.9958836],[18.559754,-33.9962073],[18.559708,-33.9964734],[18.5596868,-33.9966132],[18.5596661,-33.9967614],[18.5596479,-33.9969218],[18.5596378,-33.9970411],[18.5596307,-33.9971507],[18.559626,-33.9973121],[18.559626,-33.9974539],[18.5596337,-33.997603],[18.559642,-33.9977493],[18.5596585,-33.9979033],[18.5596779,-33.9980622],[18.5597068,-33.9982246],[18.5597434,-33.9983899],[18.5598012,-33.9986163],[18.5599009,-33.9989707],[18.5600333,-33.9992998],[18.5602099,-33.9996249],[18.5604186,-33.999954],[18.560543,-34.0001266],[18.560696,-34.0003405],[18.5609089,-34.0005962],[18.5612446,-34.0009649],[18.5616651,-34.0014157],[18.5621324,-34.0019263],[18.5625574,-34.0024245],[18.5628852,-34.0028194],[18.5630643,-34.003034],[18.5634961,-34.0035661],[18.5637963,-34.0039913],[18.5639352,-34.0042208],[18.5640358,-34.004407],[18.5640955,-34.0045248],[18.5641993,-34.0047535],[18.5642869,-34.0049816],[18.5644122,-34.0053651],[18.5644907,-34.0056185],[18.5647496,-34.0064911],[18.5649579,-34.0071959],[18.5650605,-34.0075348],[18.5651345,-34.0077629],[18.5651694,-34.0078607],[18.5652247,-34.0080157],[18.5653207,-34.0082626],[18.5654012,-34.0084359],[18.5655478,-34.0087366],[18.5656381,-34.0088964],[18.5657549,-34.0090949],[18.5658665,-34.0092681],[18.5659463,-34.0093918],[18.5660787,-34.0095715],[18.56625,-34.0097931],[18.5663158,-34.009871],[18.5664149,-34.0099884],[18.5665609,-34.0101546],[18.5667212,-34.0103198],[18.5668644,-34.0104585],[18.566984,-34.0105742],[18.5672176,-34.0107743],[18.5674454,-34.0109642],[18.567729,-34.011167],[18.567925,-34.0113026],[18.5682728,-34.0115285],[18.5688219,-34.0118766],[18.5691645,-34.0120907],[18.5696406,-34.0123962],[18.5696472,-34.0124004],[18.5702301,-34.0127556],[18.5705689,-34.0129535],[18.5708586,-34.0131017],[18.571014,-34.01318],[18.5711106,-34.0132233],[18.5714722,-34.013378],[18.5716461,-34.0134447],[18.5719323,-34.0135453],[18.5721536,-34.013613],[18.5723496,-34.0136717],[18.5725339,-34.0137179],[18.572702,-34.013761],[18.5729051,-34.0138051],[18.5730466,-34.0138336],[18.5732737,-34.0138718],[18.573508,-34.0139078],[18.5737027,-34.0139326],[18.5739512,-34.0139573],[18.5741966,-34.0139751],[18.574412,-34.0139858],[18.5746372,-34.0139912],[18.5748565,-34.0139901],[18.5750175,-34.0139869],[18.5752615,-34.0139767],[18.5755302,-34.0139616],[18.5759371,-34.0139342],[18.5765445,-34.0138906],[18.5770578,-34.0138556],[18.5776023,-34.0138174],[18.578198,-34.0137717],[18.5796316,-34.0136672],[18.5799509,-34.0136661],[18.5803482,-34.0136661],[18.580596,-34.0136523],[18.580971,-34.0136211],[18.5812845,-34.0135978],[18.5814751,-34.0135832],[18.5820454,-34.0135482],[18.5821943,-34.0135381],[18.5833151,-34.0134547],[18.5837711,-34.0134214],[18.5839586,-34.0134099],[18.5845005,-34.0133733],[18.5850211,-34.0133368],[18.5868658,-34.0132064],[18.5873519,-34.0131701],[18.5875082,-34.0131593],[18.5880683,-34.0131182],[18.5884489,-34.0130893],[18.5890678,-34.0130491],[18.5893646,-34.013028],[18.5895936,-34.0130212],[18.5897539,-34.0130194],[18.589924,-34.013017],[18.5900519,-34.0130181],[18.590221,-34.0130145],[18.5903257,-34.0130071],[18.5905332,-34.0129971],[18.5906187,-34.012996],[18.5907394,-34.0129965],[18.5910075,-34.0129967],[18.5912041,-34.0129835],[18.591791,-34.0129359],[18.5924622,-34.0128903],[18.5928954,-34.012858],[18.5932206,-34.012838],[18.5934352,-34.0128269],[18.5936216,-34.0128236],[18.5938087,-34.0128224],[18.5941996,-34.0128347],[18.5944142,-34.0128458],[18.5945716,-34.012857],[18.5945858,-34.012858],[18.5948239,-34.0128808],[18.5949835,-34.0128986],[18.5952309,-34.012932],[18.5953992,-34.0129598],[18.5956399,-34.0130031],[18.5959276,-34.0130615],[18.5961234,-34.0131049],[18.5964493,-34.0131916],[18.5967738,-34.0132916],[18.5969717,-34.0133588],[18.5971279,-34.0134166],[18.5972948,-34.0134806],[18.5974397,-34.01354],[18.5975913,-34.0136056],[18.597779,-34.0136885],[18.597971,-34.0137868],[18.5981552,-34.0138808],[18.598336,-34.0139785],[18.5984752,-34.0140581],[18.5985797,-34.0141196],[18.5986617,-34.0141717],[18.5987701,-34.0142365],[18.5988995,-34.0143243],[18.5990336,-34.014411],[18.5992052,-34.0145361],[18.5994426,-34.0147245],[18.59959,-34.014847],[18.5997652,-34.0150001],[18.5999083,-34.0151336],[18.6000086,-34.0152319],[18.6001332,-34.0153587],[18.600247,-34.0154796],[18.6003465,-34.0155921],[18.6004579,-34.0157183],[18.6005598,-34.0158369],[18.6006697,-34.0159773],[18.6007455,-34.0160801],[18.6008682,-34.0162502],[18.6010252,-34.0164908],[18.6011674,-34.0167076],[18.6013135,-34.0169483],[18.6015925,-34.0173785],[18.6017274,-34.0175916],[18.6018519,-34.0177992],[18.6019903,-34.0180045],[18.6021208,-34.0182188],[18.6022784,-34.0184673],[18.6023902,-34.0186346],[18.602457,-34.0187403],[18.6026566,-34.0190559],[18.602772,-34.019237],[18.6028804,-34.0194061],[18.6029998,-34.0196018],[18.6031481,-34.0198279],[18.6034378,-34.0202925],[18.6036926,-34.0206843],[18.6039011,-34.0210166],[18.6041928,-34.0214707],[18.6047499,-34.0223504],[18.6048687,-34.0225381],[18.6050692,-34.0228546],[18.6051647,-34.0230043],[18.605768,-34.0239506],[18.6061374,-34.0245302],[18.6065257,-34.0251354],[18.6065981,-34.0252482],[18.6069448,-34.0257973],[18.6073511,-34.026437],[18.6073918,-34.0265023],[18.6075463,-34.0267498],[18.6076844,-34.0269838],[18.6078225,-34.0272345],[18.6079337,-34.0274357],[18.608029,-34.027637],[18.6081861,-34.0279687],[18.6086651,-34.0289571],[18.6094755,-34.0305996],[18.6098169,-34.0313011],[18.6100233,-34.031725],[18.6104026,-34.0325048],[18.6104914,-34.0326874],[18.6107368,-34.0331909],[18.6111914,-34.0341211],[18.6114135,-34.0345965],[18.6116488,-34.035068],[18.612223,-34.0362472],[18.6129349,-34.0376974],[18.6131964,-34.0382464],[18.6134217,-34.0386966],[18.6140265,-34.0399456],[18.6143605,-34.0406302],[18.6148963,-34.0417143],[18.6153381,-34.0426255],[18.6159765,-34.0439312],[18.6164895,-34.0449858],[18.6169756,-34.0459942],[18.6173042,-34.0466566],[18.6178876,-34.0478533],[18.6186185,-34.0493512],[18.6190719,-34.0502869],[18.6194768,-34.0511224],[18.6197822,-34.051756],[18.6203686,-34.0529407],[18.62066,-34.0535523],[18.6209033,-34.0540506],[18.6211535,-34.0545536],[18.6214321,-34.0551369],[18.6217077,-34.0556897],[18.6222153,-34.0567413],[18.6223198,-34.0569528],[18.6224179,-34.0571729],[18.6224909,-34.0573496],[18.6225553,-34.0575207],[18.6226103,-34.0576607],[18.6227081,-34.0579825],[18.6227757,-34.0582454],[18.6228022,-34.0583827],[18.6228401,-34.0585876],[18.6228788,-34.0589373],[18.6228896,-34.0591048],[18.6228909,-34.059312],[18.6228862,-34.0594765],[18.6228741,-34.0596642],[18.6228585,-34.0598163],[18.6228103,-34.0601303],[18.6227627,-34.0603595],[18.6227097,-34.0605617],[18.6225883,-34.0609717],[18.6224777,-34.0613277],[18.6221866,-34.0622722],[18.6221055,-34.0625399],[18.6219774,-34.0629509],[18.6218252,-34.0634403],[18.6217257,-34.0637637],[18.6216875,-34.0638893],[18.6216245,-34.0640987],[18.6215265,-34.0644085],[18.6214873,-34.0645809],[18.6214603,-34.0647152],[18.6214228,-34.0648884],[18.6217279,-34.0639055],[18.6217666,-34.0637793],[18.6218669,-34.0634532],[18.621954,-34.0631738],[18.6220566,-34.0628394],[18.622147,-34.0625456],[18.6221763,-34.0624503],[18.6222273,-34.0622831],[18.6223245,-34.0619706],[18.6223936,-34.061747],[18.622519,-34.0613434],[18.6226387,-34.0609529],[18.6227329,-34.0606404],[18.6227775,-34.0604715],[18.6228244,-34.0602788],[18.6228432,-34.0601918],[18.6228593,-34.0601046],[18.6228744,-34.0600093],[18.6228978,-34.0598546],[18.6229119,-34.0597141],[18.622922,-34.0595852],[18.6229304,-34.0594513],[18.6229324,-34.0593449],[18.622932,-34.0592175],[18.6229317,-34.0591014],[18.622921,-34.0589039],[18.6229089,-34.0588111],[18.6228835,-34.0585872],[18.6228411,-34.0583386],[18.622801,-34.0581494],[18.6227436,-34.0579264],[18.6227181,-34.0578436],[18.6226722,-34.0576823],[18.6226306,-34.057552],[18.6225797,-34.0574075],[18.6225243,-34.0572586],[18.6224623,-34.0571056],[18.6223809,-34.0569242],[18.6222826,-34.056717],[18.6221599,-34.0564595],[18.6217766,-34.055667],[18.6215085,-34.055127],[18.6212254,-34.0545323],[18.6209798,-34.0540434],[18.6208221,-34.053723],[18.6207142,-34.053494],[18.6198586,-34.0517481],[18.6194072,-34.0508052],[18.6191363,-34.0502623],[18.6194072,-34.0508052],[18.6198586,-34.0517481],[18.6207142,-34.053494],[18.6208221,-34.053723],[18.6209798,-34.0540434],[18.6212254,-34.0545323],[18.6215085,-34.055127],[18.6217766,-34.055667],[18.6221599,-34.0564595],[18.6222826,-34.056717],[18.6223809,-34.0569242],[18.6224623,-34.0571056],[18.6225243,-34.0572586],[18.6225797,-34.0574075],[18.6226306,-34.057552],[18.6226722,-34.0576823],[18.6227181,-34.0578436],[18.6227436,-34.0579264],[18.622801,-34.0581494],[18.6228411,-34.0583386],[18.6228835,-34.0585872],[18.6229089,-34.0588111],[18.622921,-34.0589039],[18.6229317,-34.0591014],[18.622932,-34.0592175],[18.6229324,-34.0593449],[18.6229304,-34.0594513],[18.622922,-34.0595852],[18.6229119,-34.0597141],[18.6228978,-34.0598546],[18.6228744,-34.0600093],[18.6228593,-34.0601046],[18.6228432,-34.0601918],[18.6228244,-34.0602788],[18.6227775,-34.0604715],[18.6227329,-34.0606404],[18.6226387,-34.0609529],[18.622519,-34.0613434],[18.6223936,-34.061747],[18.6223245,-34.0619706],[18.6222273,-34.0622831],[18.6221763,-34.0624503],[18.622147,-34.0625456],[18.6220566,-34.0628394],[18.621954,-34.0631738],[18.6218669,-34.0634532],[18.6217666,-34.0637793],[18.6217279,-34.0639055],[18.6214228,-34.0648884],[18.6214014,-34.0649526],[18.6213417,-34.065164],[18.6212985,-34.0652544],[18.6212623,-34.065341],[18.6212227,-34.0654349],[18.6211621,-34.0655924],[18.6210528,-34.0659447],[18.6207227,-34.0670215],[18.6205517,-34.0675682]]}},{"type":"Feature","properties":{"routeId":"bellville-mutual","source":"OpenStreetMap","license":"ODbL","stations":9},"geometry":{"type":"LineString","coordinates":[[18.6269901,-33.9060939],[18.6292571,-33.9066174],[18.6298976,-33.9067636],[18.6313599,-33.9071027],[18.6319104,-33.9072227],[18.6319957,-33.9072394],[18.6321107,-33.907258],[18.632334,-33.9072781],[18.6325152,-33.9073001],[18.6326308,-33.907317],[18.6327037,-33.9073304],[18.6328895,-33.9073694],[18.6329588,-33.907382],[18.63307,-33.907399],[18.6327535,-33.9073647],[18.6326225,-33.9073576],[18.6325468,-33.9073539],[18.6322858,-33.9073511],[18.6319776,-33.9073483],[18.6321711,-33.9073907],[18.6322403,-33.9074041],[18.6323753,-33.907424],[18.6324566,-33.9074326],[18.6325695,-33.9074499],[18.6326427,-33.9074629],[18.6328459,-33.9075055],[18.6329117,-33.9075165],[18.6330238,-33.9075337],[18.6332284,-33.907555],[18.6335837,-33.907594],[18.6338325,-33.9076258],[18.633932,-33.9076416],[18.634127,-33.9076744],[18.6343754,-33.9077189],[18.6347252,-33.9078006],[18.6350294,-33.9078786],[18.6369087,-33.9083817],[18.637852,-33.9086316],[18.6379427,-33.908654],[18.6394441,-33.9090576],[18.6423267,-33.9098239],[18.6475293,-33.9112117],[18.6533439,-33.9127591],[18.6572828,-33.9138093],[18.6575729,-33.9139131],[18.6577704,-33.9139918],[18.6581821,-33.9141532],[18.6584061,-33.9142506],[18.6586202,-33.9143543],[18.6588896,-33.9145039],[18.6591114,-33.9146432],[18.6592054,-33.9147164],[18.6593066,-33.9147932],[18.6594139,-33.9148805],[18.6594937,-33.9149462],[18.659609,-33.9150558],[18.6596774,-33.9151237],[18.6598327,-33.9152848],[18.6599309,-33.9154053],[18.6600134,-33.9155093],[18.6601059,-33.9156401],[18.6601837,-33.9157536],[18.6602327,-33.9158421],[18.6602984,-33.9159523],[18.660344,-33.9160435],[18.660417,-33.9162005],[18.6604908,-33.9163874],[18.6605532,-33.9165744],[18.6605981,-33.9167591],[18.6606283,-33.9168949],[18.6606488,-33.9170315],[18.6606752,-33.9172778],[18.660694,-33.9175632],[18.660747,-33.9185789],[18.6608958,-33.9212221],[18.6609312,-33.9218552],[18.6609588,-33.9223609],[18.6609976,-33.9230243],[18.6610164,-33.9233448],[18.6610305,-33.923618],[18.6611334,-33.9253973],[18.6611966,-33.926537],[18.6612557,-33.9276017],[18.6612597,-33.9278883],[18.6612526,-33.9280551],[18.6612393,-33.9282474],[18.661201,-33.9285642],[18.6611561,-33.9289008],[18.6611239,-33.9291829],[18.6610816,-33.9294833],[18.6610528,-33.9296141],[18.6610012,-33.9298066],[18.6609435,-33.9299601],[18.6608845,-33.9300948],[18.660808,-33.93024],[18.660729,-33.9303821],[18.6606142,-33.9305852],[18.6604929,-33.9307854],[18.660332,-33.9310172],[18.6601772,-33.9312167],[18.6600144,-33.9314178],[18.6598408,-33.9315997],[18.6597526,-33.9316965],[18.6596589,-33.9317831],[18.6594775,-33.93195],[18.6593382,-33.9320693],[18.6592054,-33.9321738],[18.6589582,-33.9323554],[18.6587904,-33.9324721],[18.6586234,-33.9325767],[18.6584128,-33.9326997],[18.6582298,-33.9328015],[18.6580682,-33.932881],[18.657871,-33.9329762],[18.6575451,-33.9331119],[18.6573111,-33.9331993],[18.657114,-33.933266],[18.6569115,-33.9333283],[18.6566955,-33.9333862],[18.6564139,-33.9334541],[18.6561189,-33.9335119],[18.6558302,-33.9335576],[18.6552901,-33.9336315],[18.6543989,-33.9337436],[18.6526018,-33.933972],[18.650831,-33.9341973],[18.6496769,-33.9343448],[18.6473668,-33.9346401],[18.6461833,-33.934791],[18.6444275,-33.935015],[18.6432061,-33.9351631],[18.6419304,-33.9353317],[18.641063,-33.9354408],[18.6399342,-33.9355849],[18.6393497,-33.9356579],[18.638752,-33.935735],[18.6381672,-33.9358166],[18.6380309,-33.9358342],[18.6377785,-33.9358666],[18.6375839,-33.9358917],[18.6338748,-33.9363566],[18.6299504,-33.9368523],[18.628511,-33.9370401],[18.6276015,-33.9371546],[18.6269585,-33.9372353],[18.6233245,-33.9376914],[18.6216686,-33.9379042],[18.6191187,-33.9382277],[18.6165638,-33.9385514],[18.6156372,-33.9386628],[18.6121918,-33.9391012],[18.6107138,-33.9392947],[18.6091649,-33.9394872],[18.6081577,-33.9396123],[18.6077748,-33.9396704],[18.607454,-33.9397274],[18.6070769,-33.9397982],[18.6065709,-33.9399159],[18.6061565,-33.9400115],[18.6057447,-33.9401045],[18.6054516,-33.9401755],[18.6039924,-33.9405102],[18.602412,-33.9408712],[18.6008236,-33.9412365],[18.5974162,-33.9420185],[18.5968981,-33.9421373],[18.5952542,-33.9425144],[18.5929984,-33.9430319],[18.591603,-33.9433547],[18.5913241,-33.9434207],[18.5907947,-33.9435389],[18.5904538,-33.943612],[18.5902468,-33.9436541],[18.5899375,-33.9437071],[18.5895848,-33.9437575],[18.5893648,-33.9437868],[18.5890164,-33.94383],[18.5887127,-33.9438583],[18.5884505,-33.9438747],[18.5882273,-33.9438747],[18.5880513,-33.9438696],[18.5878554,-33.9438567],[18.5875102,-33.9438192],[18.5872105,-33.9437773],[18.5868407,-33.9437246],[18.5864732,-33.9436649],[18.5861242,-33.9436042],[18.5858474,-33.9435519],[18.5855992,-33.943502],[18.5839712,-33.9432555],[18.5826347,-33.9430656],[18.5823187,-33.9430193],[18.5820148,-33.9429767],[18.5817094,-33.9429468],[18.5813868,-33.9429303],[18.5810209,-33.942922],[18.5802958,-33.9429109],[18.5796201,-33.942904],[18.5781599,-33.942882],[18.5775871,-33.9428798],[18.5761891,-33.9428696],[18.5737543,-33.942853],[18.5732504,-33.9428585],[18.5728398,-33.9428641],[18.5726616,-33.9428682],[18.5723772,-33.9428861],[18.5720978,-33.9429068],[18.5717585,-33.9429358],[18.5708399,-33.9430223],[18.5696034,-33.9431318],[18.568806,-33.9432059],[18.568479,-33.9432293],[18.568271,-33.943238],[18.5680943,-33.9432442],[18.5678788,-33.9432466],[18.5676004,-33.9432456],[18.5672861,-33.9432327],[18.566911,-33.9432092],[18.5665138,-33.9431843],[18.5659996,-33.9431474],[18.5656168,-33.9431206],[18.5649884,-33.9430778],[18.564506,-33.9430458],[18.5643759,-33.9430373],[18.5641984,-33.9430322],[18.564005,-33.94303],[18.5637678,-33.9430327],[18.5635218,-33.9430428],[18.5633461,-33.9430564],[18.5631436,-33.9430756],[18.5628212,-33.9431113],[18.5624818,-33.9431516],[18.5622836,-33.9431745],[18.5620642,-33.9431924],[18.561908,-33.943202],[18.5617078,-33.9432041],[18.5615282,-33.9431916],[18.5613921,-33.9431799],[18.5612415,-33.9431594],[18.5611487,-33.9431437],[18.5610244,-33.9431214],[18.5608684,-33.9430874],[18.5605817,-33.9430148],[18.5601967,-33.9429131],[18.5597861,-33.9428136],[18.5594877,-33.9427497],[18.5593007,-33.9427162],[18.5591032,-33.9426869],[18.558865,-33.942657],[18.5586792,-33.9426354],[18.5581231,-33.9425789],[18.557113,-33.9424893],[18.5559939,-33.94239],[18.5553199,-33.9423306],[18.5539365,-33.9422008],[18.5535719,-33.9421696],[18.5531237,-33.9421274],[18.5527049,-33.9420881],[18.5523524,-33.9420564],[18.5516836,-33.9419991],[18.5501826,-33.9418963],[18.5487416,-33.9417977],[18.5484813,-33.9417879],[18.5481707,-33.941777],[18.547824,-33.9417695],[18.547541,-33.9417641],[18.5473702,-33.9417608],[18.5471603,-33.9417548],[18.5468585,-33.9417462],[18.5465728,-33.9417296],[18.546226,-33.941706],[18.5444583,-33.9415855],[18.5433001,-33.9415065],[18.5426634,-33.9414631],[18.5416971,-33.9413846],[18.5403496,-33.9412059],[18.5398086,-33.9411253],[18.5385067,-33.9409256],[18.537629,-33.9407889],[18.5374218,-33.9407595],[18.5372596,-33.9407336],[18.5363638,-33.9405904],[18.535135,-33.9403926],[18.5346529,-33.9402926],[18.534106,-33.9402224],[18.5339424,-33.9401816],[18.5334927,-33.9400694],[18.533132,-33.9399786],[18.5326738,-33.9398512],[18.5322318,-33.9397245],[18.5318555,-33.9396288],[18.5313898,-33.9394875],[18.530296,-33.9391293],[18.5299805,-33.9390251],[18.5286231,-33.9385789],[18.5283633,-33.9384933],[18.5280959,-33.9383979],[18.5278945,-33.9383183],[18.5276262,-33.9382058],[18.5274705,-33.9381409],[18.5273309,-33.9380857],[18.5271802,-33.9380313],[18.5268673,-33.9379235],[18.5266256,-33.9378445],[18.5265396,-33.9378177],[18.5263774,-33.9377524],[18.5262001,-33.9376742],[18.5260293,-33.9376071],[18.5259015,-33.9375642],[18.5255471,-33.9374409],[18.5252415,-33.9373265],[18.5249572,-33.9371997],[18.5247845,-33.9371121],[18.5247333,-33.9370846],[18.5246689,-33.93705],[18.524461,-33.9369218],[18.5243357,-33.9368344],[18.5241853,-33.9367239],[18.5240894,-33.9366431],[18.5239479,-33.9365226],[18.5237597,-33.9363391],[18.5236372,-33.9362048],[18.5235269,-33.9360709],[18.5234089,-33.9359142],[18.5233078,-33.9357612],[18.5232419,-33.9356507],[18.5231735,-33.935527],[18.5231281,-33.9354346],[18.5230898,-33.935352],[18.5230397,-33.9352363],[18.5230035,-33.935141],[18.522956,-33.9350008],[18.5229177,-33.9348699],[18.5228917,-33.9347606],[18.5228672,-33.9346411],[18.5228508,-33.9345416],[18.522836,-33.9344352],[18.5228248,-33.9343166],[18.5228212,-33.9342298],[18.5228176,-33.9341196],[18.5228181,-33.9340018],[18.5228273,-33.9337218],[18.5228426,-33.9334922],[18.5228761,-33.9330537],[18.52291,-33.9325753],[18.5229311,-33.9322312],[18.5229337,-33.9320729],[18.5229327,-33.9319785],[18.5229301,-33.9318778],[18.5229219,-33.931789],[18.5229141,-33.9316926],[18.5229008,-33.9315991],[18.5228817,-33.9314847],[18.5228601,-33.9313788],[18.5228262,-33.9312457],[18.5227999,-33.9311488],[18.5227614,-33.9310297],[18.5227109,-33.9308961],[18.5226739,-33.9308009],[18.5225922,-33.9306021],[18.5225001,-33.9303912],[18.5218883,-33.9290757],[18.5217617,-33.9288087],[18.52167,-33.9286236],[18.5215768,-33.9284454],[18.5214935,-33.9282991],[18.5213932,-33.928136],[18.521271,-33.9279387],[18.5211378,-33.9277527],[18.5209309,-33.9274725],[18.5207484,-33.927242],[18.5205101,-33.9269489],[18.5201499,-33.9265097],[18.5197864,-33.9260651],[18.5190673,-33.925181],[18.5184667,-33.924455],[18.5183297,-33.9242624],[18.5181808,-33.9240411],[18.518054,-33.9238604],[18.517776,-33.9235136],[18.517603,-33.9233079],[18.517481,-33.9231599],[18.5173572,-33.9230262],[18.5172583,-33.9229234],[18.5171725,-33.9228428],[18.51709,-33.922771],[18.5169935,-33.9226914],[18.5169076,-33.9226285],[18.516801,-33.9225523],[18.5166931,-33.9224861],[18.5165791,-33.9224177],[18.516451,-33.9223509],[18.5163108,-33.9222836],[18.5161586,-33.9222207],[18.5160178,-33.9221673],[18.5158569,-33.9221183],[18.5157422,-33.9220871],[18.5156007,-33.922051],[18.5154385,-33.9220204],[18.5152909,-33.9219976],[18.5151669,-33.9219831],[18.5149899,-33.9219703],[18.5148933,-33.9219642],[18.51479,-33.9219636],[18.5146244,-33.9219664],[18.5144246,-33.9219764],[18.5142717,-33.9219903],[18.5137064,-33.9220604],[18.5115825,-33.9223027]]}},{"type":"Feature","properties":{"routeId":"ct-malm","source":"OpenStreetMap","license":"ODbL","stations":20},"geometry":{"type":"LineString","coordinates":[[18.4274124,-33.923851],[18.4275301,-33.9239402],[18.4277769,-33.9241089],[18.4278754,-33.9241718],[18.428098,-33.9242854],[18.4283364,-33.9244052],[18.4285362,-33.9244865],[18.4287039,-33.9245443],[18.4290718,-33.9246677],[18.4292416,-33.9247252],[18.4293683,-33.9247662],[18.4295762,-33.9248359],[18.4299019,-33.9249501],[18.429536,-33.9247986],[18.4293825,-33.9247185],[18.4292363,-33.9246311],[18.4290177,-33.9245004],[18.428893,-33.9244225],[18.4288322,-33.9243843],[18.4286603,-33.9242839],[18.4284625,-33.9241604],[18.4286824,-33.924265],[18.4289151,-33.9243635],[18.4291013,-33.9244411],[18.4293658,-33.9245521],[18.4295015,-33.9246086],[18.4296298,-33.9246559],[18.4294928,-33.9245841],[18.4293609,-33.9245092],[18.4295113,-33.9245712],[18.4296473,-33.9246291],[18.4297992,-33.9246932],[18.4299429,-33.9247513],[18.4301114,-33.924822],[18.4304975,-33.924976],[18.430677,-33.9250284],[18.431063,-33.9251093],[18.431361,-33.9251611],[18.431704,-33.9252265],[18.4320207,-33.9252832],[18.4322172,-33.9253005],[18.4323772,-33.9253051],[18.4334297,-33.9253455],[18.433909,-33.9253698],[18.4342782,-33.9253845],[18.4345253,-33.925367],[18.4345791,-33.925362],[18.4346245,-33.9253575],[18.434736,-33.9253477],[18.4349129,-33.9253347],[18.4350284,-33.9253231],[18.4356095,-33.9253473],[18.436033,-33.9253633],[18.4363143,-33.9253687],[18.4364806,-33.9253691],[18.4366372,-33.9253658],[18.4368,-33.9253602],[18.4383914,-33.9252739],[18.43883,-33.9252502],[18.439204,-33.9252292],[18.4394713,-33.925206],[18.4398833,-33.9251495],[18.440144,-33.9250986],[18.4403609,-33.9250512],[18.4406124,-33.9249817],[18.4407442,-33.9249434],[18.442352,-33.9244302],[18.4431658,-33.9241674],[18.4435428,-33.9240477],[18.4437915,-33.9239679],[18.4439591,-33.9239156],[18.4441462,-33.9238594],[18.4443252,-33.9238127],[18.4445459,-33.9237626],[18.444743,-33.9237264],[18.44504,-33.9236791],[18.4453666,-33.9236357],[18.4459614,-33.9235595],[18.4463054,-33.9235172],[18.4469489,-33.9234549],[18.4473085,-33.9234223],[18.4478305,-33.9233794],[18.448466,-33.9233256],[18.4487127,-33.9232964],[18.4489568,-33.9232558],[18.4495926,-33.9231259],[18.4500406,-33.9230213],[18.4514606,-33.9226866],[18.4520247,-33.9225505],[18.4523394,-33.9224757],[18.4526855,-33.9223961],[18.4529841,-33.9223266],[18.4532674,-33.9222661],[18.4535326,-33.9222136],[18.4537814,-33.9221729],[18.4540923,-33.9221296],[18.4543177,-33.9221061],[18.4545469,-33.9220823],[18.4547125,-33.9220711],[18.4548841,-33.9220622],[18.4551859,-33.9220481],[18.457072,-33.9220142],[18.4582245,-33.9219953],[18.458442,-33.9219943],[18.4591001,-33.9219843],[18.4593174,-33.9219882],[18.4594501,-33.9219932],[18.4596714,-33.9220088],[18.4599443,-33.9220371],[18.460293,-33.9220805],[18.4609452,-33.9221508],[18.4631066,-33.9224372],[18.4634772,-33.9224798],[18.4638931,-33.9225229],[18.4641398,-33.9225351],[18.4642987,-33.9225423],[18.464575,-33.9225457],[18.4647313,-33.9225468],[18.4649029,-33.922539],[18.4651155,-33.9225284],[18.4653917,-33.9225073],[18.4657237,-33.9224722],[18.4661367,-33.922426],[18.466871,-33.922342],[18.4669181,-33.9223366],[18.4683598,-33.9221702],[18.4686777,-33.9221272],[18.4690393,-33.9220732],[18.4721402,-33.9213808],[18.4733908,-33.9210924],[18.4736181,-33.9210336],[18.4738624,-33.9209666],[18.4741284,-33.9208867],[18.4743478,-33.920814],[18.4747865,-33.9206564],[18.4753535,-33.9204263],[18.4767132,-33.9198661],[18.4780289,-33.9193206],[18.4784633,-33.9191568],[18.4788024,-33.9190436],[18.478958,-33.9189974],[18.4792396,-33.9189179],[18.4796609,-33.9188173],[18.4799745,-33.9187436],[18.4804124,-33.9186468],[18.4806551,-33.9185939],[18.4810648,-33.9185016],[18.4814578,-33.9184125],[18.4820512,-33.9182589],[18.4835539,-33.9179002],[18.4855193,-33.9174315],[18.4864463,-33.9172118],[18.4868868,-33.9171045],[18.4873125,-33.9170082],[18.4874649,-33.9169721],[18.4880062,-33.9168404],[18.488223,-33.9167894],[18.4884831,-33.9167259],[18.4890022,-33.9166024],[18.4896056,-33.9164594],[18.4896671,-33.916446],[18.4900801,-33.9163481],[18.4905951,-33.9162257],[18.4911221,-33.9161016],[18.4912086,-33.916081],[18.4918946,-33.9159552],[18.4927732,-33.9157457],[18.4936615,-33.9155355],[18.4941698,-33.9154258],[18.4948049,-33.9152361],[18.4950421,-33.91515],[18.4952547,-33.9150624],[18.4954545,-33.9149697],[18.4956672,-33.9148549],[18.4958508,-33.9147443],[18.4960056,-33.9146393],[18.4962109,-33.91449],[18.4963767,-33.914354],[18.4966212,-33.914135],[18.4968198,-33.913953],[18.4969218,-33.9138592],[18.4973059,-33.9135061],[18.4977658,-33.9130811],[18.4988123,-33.9120965],[18.4996767,-33.9112243],[18.5001611,-33.9107371],[18.5006423,-33.9102708],[18.5039665,-33.9072032],[18.507499,-33.9039515],[18.5078544,-33.9036243],[18.5079919,-33.9034974],[18.5082373,-33.903287],[18.5084385,-33.9031234],[18.5086716,-33.9029515],[18.5089614,-33.9027621],[18.509245,-33.9025931],[18.5097616,-33.9023033],[18.510473,-33.9019109],[18.5123408,-33.9008749],[18.5128688,-33.9005834],[18.5130278,-33.9004912],[18.5134315,-33.9002685],[18.5138529,-33.9000337],[18.5142574,-33.8998029],[18.5144588,-33.8996819],[18.5146103,-33.8995851],[18.5147967,-33.8994587],[18.5150207,-33.8992912],[18.5151897,-33.8991526],[18.5153426,-33.8990218],[18.5155323,-33.8988482],[18.5157165,-33.8986712],[18.5161003,-33.8982894],[18.5164813,-33.8979103],[18.5170846,-33.8973108],[18.517261,-33.897135],[18.5174376,-33.8969586],[18.5177599,-33.8966577],[18.5179371,-33.8965228],[18.5180525,-33.8964368],[18.5182306,-33.8963084],[18.5183727,-33.8961982],[18.5185822,-33.8960432],[18.5189779,-33.8957682],[18.5192186,-33.8956228],[18.5194884,-33.8954577],[18.5197383,-33.89533],[18.5199341,-33.8952415],[18.5200722,-33.8951831],[18.5202801,-33.8951013],[18.5204545,-33.8950417],[18.520657,-33.8949766],[18.5208628,-33.8949165],[18.5210466,-33.8948714],[18.5213327,-33.8948085],[18.5216095,-33.8947583],[18.5218053,-33.894731],[18.5220423,-33.8947077],[18.5221738,-33.8946983],[18.5223816,-33.8946866],[18.5225681,-33.8946807],[18.5227484,-33.894681],[18.5229583,-33.8946877],[18.523189,-33.8947028],[18.5234076,-33.8947211],[18.5236121,-33.8947425],[18.5238106,-33.8947639],[18.5244778,-33.8948408],[18.5252972,-33.8949343],[18.5255238,-33.8949588],[18.5257586,-33.8949846],[18.525976,-33.8950068],[18.5262758,-33.8950261],[18.5264543,-33.8950306],[18.5266096,-33.8950317],[18.5267134,-33.8950297],[18.5268359,-33.895032],[18.5270067,-33.8950213],[18.5271813,-33.895004],[18.527352,-33.8949833],[18.5275523,-33.8949575],[18.5276974,-33.8949347],[18.5278795,-33.8949021],[18.5301389,-33.8945138],[18.5307208,-33.8944074],[18.5313476,-33.8942987],[18.5327627,-33.8940572],[18.535722,-33.8935512],[18.5365739,-33.8934063],[18.5375013,-33.8932483],[18.5408639,-33.8926738],[18.5423889,-33.89242],[18.5429346,-33.8923267],[18.5436185,-33.8922109],[18.5442039,-33.892111],[18.5447497,-33.8920437],[18.5455406,-33.8919758],[18.5456931,-33.8919622],[18.5459473,-33.8919259],[18.5461461,-33.8918937],[18.5463845,-33.8918611],[18.5474613,-33.8917616],[18.550253,-33.8915009],[18.5504206,-33.8914833],[18.5520138,-33.8912999],[18.5533687,-33.8911512],[18.5538323,-33.8911024],[18.5543513,-33.8910445],[18.554885,-33.8909807],[18.555394,-33.8909114],[18.5571107,-33.8906243],[18.5644623,-33.8893861],[18.5649934,-33.8892968],[18.5655236,-33.8892136],[18.5660404,-33.889163],[18.5662972,-33.8891439],[18.5664956,-33.8891346],[18.5668729,-33.8891224],[18.5671736,-33.8891228],[18.5674841,-33.8891311],[18.567989,-33.8891595],[18.5682506,-33.8891829],[18.568498,-33.8892135],[18.5686965,-33.8892374],[18.5689484,-33.8892785],[18.5693956,-33.8893585],[18.5699198,-33.8894809],[18.5705255,-33.8896553],[18.5709566,-33.8898003],[18.5714619,-33.8899942],[18.5722541,-33.8903577],[18.576541,-33.8924086],[18.576961,-33.8926125],[18.5774419,-33.8928505],[18.578739,-33.8934723],[18.5799211,-33.8940389],[18.580021,-33.8940865],[18.5808842,-33.8944819],[18.5851347,-33.8964178],[18.5855661,-33.8966011],[18.5860374,-33.8967713],[18.5863203,-33.8968621],[18.5867899,-33.8969841],[18.5871437,-33.8970591],[18.5875042,-33.8971197],[18.5880381,-33.8971917],[18.5895505,-33.8973602],[18.5915744,-33.8975923],[18.5931443,-33.8977685],[18.5943749,-33.8979032],[18.594533,-33.8979205],[18.5995219,-33.898479],[18.6013621,-33.8986856],[18.6014191,-33.8986916],[18.6027475,-33.8988418],[18.6034682,-33.8989228],[18.604136,-33.8989921],[18.604423,-33.8990334],[18.6047129,-33.8990772],[18.6048722,-33.8991067],[18.6050233,-33.8991365],[18.6054039,-33.8992238],[18.6055278,-33.8992588],[18.6056694,-33.8992975],[18.6057959,-33.8993365],[18.6061268,-33.8994508],[18.6064509,-33.899574],[18.6068291,-33.8997443],[18.6071583,-33.8999081],[18.6074757,-33.9000902],[18.6078139,-33.9003089],[18.6080741,-33.9004953],[18.6081968,-33.900582],[18.6083347,-33.9006849],[18.6095532,-33.901578],[18.610084,-33.9019703],[18.6107893,-33.9024919],[18.6110152,-33.9026621],[18.6115371,-33.9030152],[18.6118531,-33.9032045],[18.6123672,-33.9034883],[18.6127716,-33.9036791],[18.6135677,-33.9040115],[18.6139042,-33.9041477],[18.6142108,-33.9042593],[18.6144619,-33.9043473],[18.6147126,-33.9044244],[18.6149359,-33.904484],[18.6150973,-33.9045262],[18.6152496,-33.9045547],[18.6155249,-33.9045939],[18.6158573,-33.904624],[18.6162354,-33.9046377],[18.6168925,-33.9046463],[18.6175742,-33.9046525],[18.6182205,-33.90466],[18.6189082,-33.9046625],[18.6194245,-33.9046733],[18.6198293,-33.9047242],[18.6205073,-33.9048177],[18.6207412,-33.9048591],[18.6225728,-33.9051449],[18.6229809,-33.9052098],[18.6232889,-33.90526],[18.6235163,-33.9053025],[18.6238052,-33.905363],[18.6243886,-33.9054959],[18.6244726,-33.9055149],[18.6250843,-33.9056566],[18.625545,-33.9057619],[18.6255989,-33.9057742],[18.6269901,-33.9060939],[18.6292571,-33.9066174],[18.6298976,-33.9067636],[18.6313599,-33.9071027],[18.6319104,-33.9072227],[18.6319957,-33.9072394],[18.6321107,-33.907258],[18.632334,-33.9072781],[18.6325152,-33.9073001],[18.6331729,-33.9073712],[18.6336602,-33.9074151],[18.634051,-33.9074366],[18.6345075,-33.9074412],[18.6347425,-33.9074397],[18.6349438,-33.9074326],[18.6354601,-33.9073997],[18.6361712,-33.9073335],[18.6375926,-33.9072105],[18.6381657,-33.9071623],[18.6393399,-33.9070496],[18.6405121,-33.9069481],[18.6407999,-33.906927],[18.6421321,-33.9068079],[18.6426429,-33.9067643],[18.6431627,-33.9067135],[18.6440758,-33.9066371],[18.6441651,-33.9066284],[18.6445578,-33.9066149],[18.6448876,-33.9066017],[18.6462075,-33.9064919],[18.6475186,-33.9063645],[18.6535898,-33.9058261],[18.6538511,-33.9057994],[18.6541386,-33.9057643],[18.6543476,-33.9057276],[18.6546349,-33.9056459],[18.6550703,-33.9055179],[18.655564,-33.905328],[18.6558068,-33.9052115],[18.6560442,-33.9051055],[18.6562447,-33.9050135],[18.6563318,-33.9049716],[18.6565761,-33.9048541],[18.657061,-33.9045807],[18.6574385,-33.9043555],[18.6582103,-33.9037969],[18.6588826,-33.903277],[18.6617478,-33.9011057],[18.6653139,-33.8984346],[18.6663824,-33.897627],[18.668873,-33.8957681],[18.6724153,-33.8931114],[18.6750653,-33.8910883],[18.675699,-33.890613],[18.6758804,-33.8904764],[18.6792873,-33.8879226],[18.6810024,-33.8866135],[18.6827157,-33.885322],[18.6837685,-33.884539],[18.6848201,-33.8837385],[18.6855726,-33.8831719],[18.6858842,-33.8829351],[18.6860083,-33.8828431],[18.6864198,-33.8825303],[18.6866868,-33.8823326],[18.687363,-33.8818193],[18.6889596,-33.8806368],[18.6892466,-33.8804242],[18.6899392,-33.8798817],[18.6906348,-33.8793547],[18.6910132,-33.8790728],[18.691293,-33.8788629],[18.6915415,-33.8786732],[18.6918727,-33.8783996],[18.6922214,-33.8780654],[18.6924793,-33.8777875],[18.6927203,-33.877501],[18.6932154,-33.8768755],[18.6940681,-33.8757759],[18.6950468,-33.8745199],[18.6954019,-33.8740625],[18.696092,-33.8731747],[18.6968678,-33.8721777],[18.6977554,-33.8710379],[18.6986425,-33.8698964],[18.7004109,-33.8676232],[18.7006579,-33.8673048],[18.700911,-33.8669807],[18.7011282,-33.8667035],[18.7013826,-33.8663733],[18.7017146,-33.8659467],[18.7021645,-33.8653706],[18.7025306,-33.8649012],[18.7028985,-33.8644272],[18.7031306,-33.8641289],[18.7034533,-33.8637394],[18.7036267,-33.8635515],[18.7038328,-33.8633351],[18.7039559,-33.8632184],[18.7040738,-33.8631087],[18.7045878,-33.8626714],[18.7051862,-33.8621783],[18.7058689,-33.861615],[18.715278,-33.844722],[18.7208,-33.7845],[18.717704,-33.762434],[18.7184286,-33.7600757],[18.7185665,-33.7595879],[18.7186726,-33.7591641],[18.7186958,-33.7590471],[18.718726,-33.7588779],[18.718747,-33.7587267],[18.7187783,-33.7585323],[18.7187923,-33.7583627],[18.718812,-33.7580254],[18.7188159,-33.7578001],[18.718808,-33.7575621],[18.7187936,-33.7573269],[18.7187785,-33.757203],[18.7187509,-33.7569945],[18.7187161,-33.7567795],[18.718682,-33.7565961],[18.7186387,-33.7564073],[18.7185862,-33.756201],[18.7185159,-33.7559751],[18.7184464,-33.7557688],[18.7183879,-33.755616],[18.7183111,-33.7554249],[18.7182396,-33.7552667],[18.7181267,-33.7550276],[18.7180026,-33.7547897],[18.7179161,-33.7546208],[18.7176723,-33.7541713],[18.7169395,-33.752816],[18.7160813,-33.751229],[18.7158167,-33.7507417],[18.7151094,-33.7494246],[18.7143839,-33.7480828],[18.714163,-33.7476467],[18.7139748,-33.7473045],[18.7138285,-33.7470162],[18.7136905,-33.7467361],[18.7135377,-33.7463608],[18.7134373,-33.7460688],[18.7133022,-33.7456517],[18.7130624,-33.744848],[18.7127699,-33.7438744],[18.7124204,-33.7428367],[18.7122515,-33.7422999],[18.7120886,-33.7417769],[18.7117216,-33.7405668],[18.7112111,-33.7389552],[18.7110265,-33.738318],[18.7109141,-33.7379755],[18.7108323,-33.7376586],[18.7107096,-33.7371833],[18.7095827,-33.7318495],[18.7084992,-33.7267327],[18.7079818,-33.7243338],[18.7079586,-33.724222],[18.700347,-33.699155],[18.669953,-33.629563],[18.6696838,-33.6289376],[18.6694524,-33.6284992],[18.6690788,-33.6277822],[18.6688887,-33.6274159],[18.6687442,-33.627166],[18.6686515,-33.6270167],[18.6685072,-33.6268032],[18.6683837,-33.6266337],[18.6682856,-33.6265023],[18.668161,-33.6263354],[18.6680579,-33.6261951],[18.6678703,-33.6259472],[18.6672433,-33.625113],[18.6666249,-33.6242881],[18.6658458,-33.6232503],[18.6648162,-33.6218778],[18.6639173,-33.6206729],[18.6637027,-33.6203948],[18.663527,-33.6201519],[18.6633406,-33.619876],[18.6632155,-33.6196771],[18.6631026,-33.6194662],[18.6630064,-33.619272],[18.662894,-33.6190334],[18.6627908,-33.6187866],[18.6626714,-33.6184611],[18.6626332,-33.6183477],[18.6626011,-33.6181272],[18.6624602,-33.6176907],[18.6623663,-33.6171292],[18.6623364,-33.6165286],[18.6623236,-33.6157717],[18.6623108,-33.6148122],[18.6622961,-33.6124169],[18.6622511,-33.6096661],[18.6622596,-33.6090975],[18.6623108,-33.6086319],[18.6624389,-33.6080668],[18.6626138,-33.6075942],[18.6628272,-33.6071854],[18.6633521,-33.6062045],[18.6644616,-33.603944],[18.6652639,-33.6024228],[18.6654345,-33.6019181],[18.6655412,-33.6015627],[18.6656522,-33.6011433],[18.6657205,-33.6007487],[18.6657461,-33.6003613],[18.6657589,-33.599885],[18.6657375,-33.599494],[18.6656991,-33.5991422],[18.6656223,-33.5986765],[18.6655028,-33.5981682],[18.665362,-33.597763],[18.6651964,-33.5973933],[18.6651742,-33.5973436],[18.6648883,-33.5967536],[18.6646408,-33.5963803],[18.664389,-33.596032],[18.6640733,-33.5956481],[18.6623663,-33.5935509],[18.65995,-33.5905645],[18.659904,-33.5905187],[18.657815,-33.5879454],[18.6577458,-33.5878601],[18.6572058,-33.5872016],[18.656831,-33.5867377],[18.6565832,-33.586442],[18.6564225,-33.5862547],[18.6561043,-33.585908],[18.6557524,-33.5855346],[18.6551496,-33.5848807],[18.6549859,-33.5847061],[18.6548931,-33.5846028],[18.6548054,-33.5845117],[18.6546264,-33.5843123],[18.6521655,-33.5816676],[18.6509278,-33.5803293],[18.6505652,-33.5799373],[18.6501613,-33.5795014],[18.6499471,-33.5792548],[18.6497781,-33.5790349],[18.649658,-33.5788686],[18.6495103,-33.5786442],[18.6494101,-33.5784817],[18.6493038,-33.5782988],[18.649202,-33.5781153],[18.6490382,-33.5777591],[18.6490138,-33.5776986],[18.648856,-33.5773328],[18.6487592,-33.5770398],[18.6485455,-33.5762873],[18.6484316,-33.5758595],[18.6483789,-33.5757259],[18.648307,-33.5755405],[18.6482474,-33.5753225],[18.6481189,-33.5748509],[18.64792,-33.5741166],[18.6476951,-33.5732639],[18.6474893,-33.5724959],[18.681903,-33.492604],[18.722366,-33.467954]]}},{"type":"Feature","properties":{"routeId":"ct-flats","source":"OpenStreetMap","license":"ODbL","stations":16},"geometry":{"type":"LineString","coordinates":[[18.4274124,-33.923851],[18.4275301,-33.9239402],[18.4277769,-33.9241089],[18.4278754,-33.9241718],[18.428098,-33.9242854],[18.4283364,-33.9244052],[18.4285362,-33.9244865],[18.4287039,-33.9245443],[18.4290718,-33.9246677],[18.4292416,-33.9247252],[18.4293683,-33.9247662],[18.4295762,-33.9248359],[18.4299019,-33.9249501],[18.429536,-33.9247986],[18.4293825,-33.9247185],[18.4292363,-33.9246311],[18.4290177,-33.9245004],[18.428893,-33.9244225],[18.4288322,-33.9243843],[18.4286603,-33.9242839],[18.4284625,-33.9241604],[18.4286824,-33.924265],[18.4289151,-33.9243635],[18.4291013,-33.9244411],[18.4293658,-33.9245521],[18.4295015,-33.9246086],[18.4296298,-33.9246559],[18.4297536,-33.9247127],[18.4299293,-33.9247833],[18.4300234,-33.9248266],[18.4302709,-33.9249306],[18.4306761,-33.9250962],[18.4308835,-33.9251792],[18.4310498,-33.9252359],[18.43121,-33.925286],[18.4313137,-33.9253149],[18.4315111,-33.9253606],[18.4316667,-33.9253917],[18.4318142,-33.9254129],[18.4319899,-33.925434],[18.4321996,-33.9254511],[18.4326182,-33.9254735],[18.4329454,-33.9254874],[18.4334445,-33.9255088],[18.4336484,-33.9255063],[18.4338107,-33.9254956],[18.4340069,-33.9254949],[18.4352232,-33.9255434],[18.4357199,-33.9255646],[18.436231,-33.9255841],[18.4366424,-33.9255962],[18.4368862,-33.9255856],[18.4369875,-33.9255813],[18.437066,-33.9255783],[18.43725,-33.9255753],[18.4374128,-33.9255693],[18.4395377,-33.9254544],[18.4402738,-33.9254143],[18.4410418,-33.9253719],[18.4417611,-33.9253332],[18.4419409,-33.9253209],[18.4421286,-33.9253043],[18.4423694,-33.9252883],[18.4424333,-33.9252857],[18.4426233,-33.9252753],[18.4430013,-33.9252325],[18.4431731,-33.9252168],[18.4432628,-33.9252145],[18.4442828,-33.9251945],[18.445012,-33.9251774],[18.4460104,-33.9251596],[18.4463249,-33.925149],[18.446681,-33.9251468],[18.4468989,-33.925154],[18.4470843,-33.9251655],[18.4473764,-33.9251846],[18.4475654,-33.9252052],[18.4478733,-33.9252434],[18.4483639,-33.9253005],[18.4488777,-33.9253663],[18.4498145,-33.9254767],[18.4507278,-33.9255852],[18.4510448,-33.9256249],[18.4511893,-33.9256468],[18.4512721,-33.9256606],[18.4514862,-33.9257034],[18.4515671,-33.9257178],[18.4517236,-33.9257421],[18.452192,-33.9257962],[18.4523377,-33.9258193],[18.4524391,-33.9258374],[18.4526292,-33.9258742],[18.4527243,-33.9258919],[18.4528782,-33.9259159],[18.4533863,-33.9259768],[18.4536632,-33.92601],[18.4538184,-33.9260342],[18.4539189,-33.9260522],[18.4541242,-33.9260925],[18.4542188,-33.9261084],[18.4543514,-33.9261285],[18.4553172,-33.9262442],[18.4565068,-33.9263944],[18.4570848,-33.9264679],[18.4576714,-33.9265376],[18.4578184,-33.9265589],[18.457928,-33.9265778],[18.4583041,-33.9266511],[18.4584089,-33.926669],[18.4585476,-33.9266902],[18.4588016,-33.9267212],[18.4589352,-33.9267422],[18.4590234,-33.9267566],[18.4593171,-33.926813],[18.4594123,-33.9268292],[18.459553,-33.9268506],[18.4596755,-33.9268648],[18.4608331,-33.9270031],[18.461025,-33.9270243],[18.4611878,-33.927039],[18.4613608,-33.9270534],[18.4615406,-33.9270649],[18.4617965,-33.9270755],[18.4619787,-33.9270847],[18.4621807,-33.9270931],[18.4623661,-33.9271016],[18.4625407,-33.927113],[18.4627076,-33.9271254],[18.462856,-33.9271394],[18.4631687,-33.9271724],[18.4635204,-33.9272232],[18.4646692,-33.927416],[18.4635204,-33.9272232],[18.4631687,-33.9271724],[18.462856,-33.9271394],[18.4627076,-33.9271254],[18.4625407,-33.927113],[18.4623661,-33.9271016],[18.4621807,-33.9270931],[18.4619787,-33.9270847],[18.4617965,-33.9270755],[18.4615406,-33.9270649],[18.4613608,-33.9270534],[18.4611878,-33.927039],[18.461025,-33.9270243],[18.4608331,-33.9270031],[18.4596755,-33.9268648],[18.459553,-33.9268506],[18.4594123,-33.9268292],[18.4593171,-33.926813],[18.4590234,-33.9267566],[18.4589352,-33.9267422],[18.4588016,-33.9267212],[18.4585476,-33.9266902],[18.4584089,-33.926669],[18.4583041,-33.9266511],[18.457928,-33.9265778],[18.4578184,-33.9265589],[18.4576714,-33.9265376],[18.4579686,-33.9265706],[18.4583105,-33.9266138],[18.4597093,-33.9267786],[18.4606012,-33.9268869],[18.4607494,-33.9269047],[18.4610893,-33.9269458],[18.4613254,-33.9269703],[18.4615628,-33.9269881],[18.4619523,-33.9270059],[18.4622038,-33.9270104],[18.4625813,-33.9270226],[18.4628006,-33.9270371],[18.4629609,-33.9270499],[18.4631171,-33.9270638],[18.463736,-33.9271606],[18.4638822,-33.9271806],[18.4641257,-33.9272054],[18.4638956,-33.9271684],[18.4636336,-33.9271169],[18.4638894,-33.9271443],[18.4641754,-33.927174],[18.4642931,-33.9271861],[18.4662048,-33.9273831],[18.4664729,-33.9274047],[18.466832,-33.9274199],[18.4670577,-33.9274187],[18.4672434,-33.9274098],[18.4674567,-33.9273876],[18.4675988,-33.9273703],[18.4677846,-33.9273408],[18.4679623,-33.9273085],[18.468156,-33.927269],[18.4685919,-33.9271734],[18.469124,-33.9270546],[18.4694156,-33.9269944],[18.4696905,-33.9269387],[18.4698887,-33.9269052],[18.4701221,-33.9268673],[18.470332,-33.9268362],[18.4708134,-33.9267733],[18.4726584,-33.926544],[18.4738634,-33.9263927],[18.4742426,-33.926346],[18.4747469,-33.9262959],[18.4751063,-33.9262653],[18.4754188,-33.926238],[18.4757997,-33.9261991],[18.4764075,-33.9261119],[18.4770595,-33.9260496],[18.4774623,-33.9259962],[18.4789721,-33.9258076],[18.4793733,-33.9257575],[18.4797794,-33.9256911],[18.480163,-33.9256293],[18.4806142,-33.9255576],[18.4809267,-33.9255125],[18.4812332,-33.9254747],[18.4815824,-33.9254339],[18.4824764,-33.9253239],[18.483296,-33.9252158],[18.4834473,-33.9252004],[18.4835638,-33.9251864],[18.4838671,-33.925147],[18.4841095,-33.9251125],[18.4838315,-33.9251297],[18.4835358,-33.9251497],[18.4832932,-33.925168],[18.4835606,-33.9251236],[18.4838112,-33.925082],[18.4835452,-33.9251074],[18.483275,-33.9251247],[18.4831167,-33.9251325],[18.4834574,-33.9250846],[18.4836143,-33.9250618],[18.4837947,-33.9250385],[18.4834138,-33.9250613],[18.483163,-33.9250841],[18.482933,-33.9251019],[18.4836351,-33.9249928],[18.4843197,-33.924886],[18.4856427,-33.9246836],[18.4871302,-33.9244955],[18.4886177,-33.9243074],[18.4894746,-33.9241976],[18.4899595,-33.9241318],[18.4901542,-33.9241026],[18.4903289,-33.9240681],[18.4906982,-33.9239894],[18.49093,-33.923939],[18.4913982,-33.9238343],[18.4922234,-33.9236564],[18.4919935,-33.9237206],[18.4917051,-33.9238074],[18.4921642,-33.9237071],[18.4919439,-33.9237779],[18.4916972,-33.9238451],[18.4923679,-33.9236999],[18.4926696,-33.9236379],[18.4928303,-33.9236119],[18.4930583,-33.9235832],[18.4931831,-33.9235765],[18.4932977,-33.9235759],[18.4934191,-33.9235821],[18.4935901,-33.9235993],[18.493806,-33.9236339],[18.4939258,-33.9236576],[18.494036,-33.9236824],[18.4950166,-33.9239212],[18.4952221,-33.9239805],[18.4953768,-33.924036],[18.4955216,-33.9240931],[18.4956142,-33.9241395],[18.4956985,-33.9241859],[18.4957737,-33.92423],[18.4958534,-33.9242779],[18.4959167,-33.9243266],[18.4959927,-33.9243829],[18.4960679,-33.9244437],[18.496143,-33.9245175],[18.4961953,-33.9245722],[18.4962576,-33.9246445],[18.4963062,-33.9247084],[18.4963658,-33.924792],[18.4964144,-33.9248658],[18.4964565,-33.9249449],[18.4964923,-33.9250248],[18.4965234,-33.9251016],[18.49655,-33.9251685],[18.4965757,-33.9252598],[18.4965986,-33.9253411],[18.4966096,-33.9254271],[18.4966197,-33.9255077],[18.4966224,-33.925599],[18.4966233,-33.9256689],[18.4966215,-33.9257549],[18.4966132,-33.9258325],[18.4965931,-33.9259358],[18.4965794,-33.9260009],[18.4965592,-33.9260786],[18.4964938,-33.9262661],[18.4964178,-33.9264354],[18.4963438,-33.9265728],[18.4961394,-33.9269158],[18.4958445,-33.9273972],[18.4955812,-33.9278361],[18.4954245,-33.9281068],[18.4952357,-33.9284236],[18.4946426,-33.9293928],[18.4940349,-33.9303929],[18.4937621,-33.930839],[18.4930803,-33.9319591],[18.4928806,-33.9322897],[18.4925928,-33.9327542],[18.4922505,-33.9333162],[18.4919555,-33.9338033],[18.4916548,-33.9342881],[18.4913854,-33.9347456],[18.4912506,-33.9350011],[18.4911698,-33.9351743],[18.491097,-33.9353473],[18.4910192,-33.9355525],[18.4909599,-33.9357313],[18.4909194,-33.9358734],[18.490873,-33.9360511],[18.4908194,-33.9362868],[18.4907149,-33.9368411],[18.490606,-33.9374245],[18.4905696,-33.9376649],[18.490554,-33.9377792],[18.4905419,-33.9379179],[18.4905314,-33.9381772],[18.490537,-33.9384007],[18.4905472,-33.9385697],[18.4906456,-33.9397347],[18.4906889,-33.9402],[18.4907429,-33.9408005],[18.490803,-33.941527],[18.4908291,-33.9417417],[18.4908546,-33.9419503],[18.4909169,-33.9423685],[18.4910474,-33.9432123],[18.4911099,-33.9435775],[18.4911459,-33.9437443],[18.4911728,-33.9438559],[18.491233,-33.9440553],[18.4912888,-33.9442113],[18.491333,-33.9443212],[18.4913934,-33.9444564],[18.4914679,-33.944609],[18.4915687,-33.9447855],[18.4916442,-33.94491],[18.4917883,-33.9451144],[18.4919165,-33.9452741],[18.4920664,-33.9454439],[18.4922759,-33.9456561],[18.4924854,-33.9458415],[18.4925933,-33.9459258],[18.4926914,-33.9459984],[18.4928288,-33.9460974],[18.4929743,-33.946197],[18.4932248,-33.9463568],[18.4943862,-33.9470989],[18.4944625,-33.9471426],[18.4946685,-33.9472771],[18.4948534,-33.947401],[18.4952558,-33.9476558],[18.4955958,-33.9479155],[18.4965412,-33.9485192],[18.4975893,-33.9491888],[18.4979442,-33.9494139],[18.4986537,-33.9498647],[18.4990763,-33.9501331],[18.4994195,-33.9503534],[18.4998444,-33.9506209],[18.5003451,-33.9509563],[18.5004615,-33.9510452],[18.5007259,-33.9512557],[18.5009867,-33.9514785],[18.5012425,-33.951709],[18.5014798,-33.951925],[18.5015959,-33.95203],[18.5016964,-33.9521267],[18.5018046,-33.952235],[18.5018814,-33.9523179],[18.5019253,-33.9523713],[18.5019686,-33.9524237],[18.5020347,-33.9525096],[18.502101,-33.9526035],[18.5021814,-33.9527345],[18.5022194,-33.9528023],[18.5022673,-33.9528934],[18.5023586,-33.9530876],[18.5024226,-33.953237],[18.5024809,-33.9533894],[18.502521,-33.9534969],[18.5025663,-33.9536475],[18.5026011,-33.9537805],[18.502636,-33.9539212],[18.502662,-33.954033],[18.5026891,-33.9541889],[18.5027084,-33.9543214],[18.5027281,-33.9544742],[18.5027396,-33.9546106],[18.5027469,-33.9547233],[18.5027489,-33.9548593],[18.5027489,-33.9549914],[18.5027474,-33.9551291],[18.5027344,-33.9552702],[18.5027193,-33.955414],[18.5027,-33.9555551],[18.5026725,-33.9557323],[18.5024281,-33.9567595],[18.5021361,-33.9579759],[18.5020269,-33.9584257],[18.5019324,-33.9588833],[18.5018835,-33.9591077],[18.501836,-33.9592668],[18.5018072,-33.9594603],[18.5017871,-33.9596472],[18.5017784,-33.9598085],[18.5017696,-33.9600538],[18.5017626,-33.9602674],[18.5017605,-33.9603704],[18.5017185,-33.9620149],[18.501715,-33.9621447],[18.5016872,-33.9631627],[18.501715,-33.9621447],[18.5017185,-33.9620149],[18.5017605,-33.9603704],[18.5017626,-33.9602674],[18.5017696,-33.9600538],[18.5017784,-33.9598085],[18.5017871,-33.9596472],[18.5018072,-33.9594603],[18.501836,-33.9592668],[18.5018835,-33.9591077],[18.5019324,-33.9588833],[18.5020269,-33.9584257],[18.5021361,-33.9579759],[18.5024281,-33.9567595],[18.5026725,-33.9557323],[18.5027,-33.9555551],[18.5027193,-33.955414],[18.5027344,-33.9552702],[18.5027474,-33.9551291],[18.5027489,-33.9549914],[18.5027489,-33.9548593],[18.5027469,-33.9547233],[18.5027396,-33.9546106],[18.5027281,-33.9544742],[18.5027084,-33.9543214],[18.5026891,-33.9541889],[18.502662,-33.954033],[18.502636,-33.9539212],[18.5026011,-33.9537805],[18.5025663,-33.9536475],[18.502521,-33.9534969],[18.5024809,-33.9533894],[18.5024226,-33.953237],[18.5023586,-33.9530876],[18.5022673,-33.9528934],[18.5022194,-33.9528023],[18.5021814,-33.9527345],[18.502101,-33.9526035],[18.5020347,-33.9525096],[18.5019686,-33.9524237],[18.5019253,-33.9523713],[18.5018814,-33.9523179],[18.5018046,-33.952235],[18.5016964,-33.9521267],[18.5015959,-33.95203],[18.5014798,-33.951925],[18.5012425,-33.951709],[18.5009867,-33.9514785],[18.5007259,-33.9512557],[18.5004615,-33.9510452],[18.5003451,-33.9509563],[18.4998444,-33.9506209],[18.4994195,-33.9503534],[18.4990763,-33.9501331],[18.4986537,-33.9498647],[18.4979442,-33.9494139],[18.4975893,-33.9491888],[18.4965412,-33.9485192],[18.4955958,-33.9479155],[18.4952558,-33.9476558],[18.4965708,-33.9484932],[18.4976128,-33.9491577],[18.4979503,-33.9493742],[18.4986861,-33.9498392],[18.4994652,-33.9503365],[18.4998909,-33.9506061],[18.5003779,-33.9509244],[18.5005176,-33.9510246],[18.5007942,-33.9512309],[18.5010591,-33.9514403],[18.5014679,-33.9517671],[18.501665,-33.951931],[18.5017713,-33.9520274],[18.5018431,-33.9520952],[18.5019134,-33.9521655],[18.5020159,-33.9522743],[18.5020971,-33.9523762],[18.5021819,-33.9524893],[18.5022387,-33.9525769],[18.5023063,-33.9526814],[18.502374,-33.9527993],[18.5024151,-33.9528752],[18.5024677,-33.9529763],[18.5025046,-33.9530544],[18.502566,-33.9531796],[18.5026108,-33.9532888],[18.5026555,-33.9534066],[18.5027029,-33.9535513],[18.5027414,-33.9536734],[18.5027742,-33.9538025],[18.5027992,-33.9539104],[18.5028205,-33.9540335],[18.5028398,-33.9541537],[18.5028491,-33.9542113],[18.502859,-33.9543197],[18.5028741,-33.954523],[18.5028767,-33.954649],[18.5028752,-33.9547436],[18.5028684,-33.9549124],[18.5028595,-33.9550237],[18.502846,-33.9551342],[18.5028262,-33.9552638],[18.5028096,-33.9553566],[18.5027716,-33.9555262],[18.5027225,-33.9557406],[18.5026295,-33.9561258],[18.502476,-33.9567539],[18.5021766,-33.9579892],[18.5020695,-33.9584266],[18.5019747,-33.9588995],[18.5019304,-33.9591212],[18.5018777,-33.9592715],[18.5018478,-33.9594686],[18.5018306,-33.9596435],[18.5018193,-33.9598141],[18.5018085,-33.9600471],[18.5018038,-33.9603719],[18.5017898,-33.9608252],[18.5017777,-33.9612918],[18.5017596,-33.9620221],[18.5017287,-33.9631644],[18.5017046,-33.9641335],[18.5017005,-33.9642996],[18.5016766,-33.9653119],[18.5016587,-33.9658611],[18.5016128,-33.9676411],[18.5015417,-33.9703931],[18.5015162,-33.9713184],[18.501468,-33.9732333],[18.5014512,-33.9738003],[18.5014377,-33.9742941],[18.5014115,-33.975315],[18.5013584,-33.9772564],[18.5013555,-33.9773621],[18.5013425,-33.9778827],[18.5013244,-33.978541],[18.501305,-33.9791683],[18.5012963,-33.9795664],[18.5012969,-33.9797577],[18.5013016,-33.9799006],[18.501311,-33.9800285],[18.5013251,-33.9801714],[18.5013573,-33.9803599],[18.5013854,-33.9805011],[18.501427,-33.9806568],[18.5015019,-33.9808923],[18.5015678,-33.9810777],[18.5029378,-33.9848142],[18.5033864,-33.9860471],[18.5034883,-33.9863246],[18.5036318,-33.9867155],[18.5038618,-33.9873471],[18.503949,-33.9875956],[18.5039852,-33.9877029],[18.5040153,-33.987808],[18.5040563,-33.9879514],[18.5040831,-33.9880554],[18.5040972,-33.9881249],[18.5041246,-33.9882556],[18.5041401,-33.9883584],[18.5041501,-33.9884268],[18.5041635,-33.9885463],[18.5041682,-33.988622],[18.5041749,-33.9887254],[18.504183,-33.9889261],[18.5041796,-33.9890528],[18.5041606,-33.989302],[18.5041416,-33.9894596],[18.504099,-33.9897332],[18.5040368,-33.9900817],[18.5039583,-33.9905204],[18.5036673,-33.9921282],[18.5033803,-33.9937123],[18.5029616,-33.996061],[18.5025914,-33.9981127],[18.5025224,-33.9984954],[18.5023929,-33.9992159],[18.50235,-33.9994021],[18.5023004,-33.9995873],[18.5022387,-33.9997807],[18.5021904,-33.9999103],[18.5021341,-34.000052],[18.5020669,-34.0001978],[18.5017915,-34.0007308],[18.5016389,-34.0010297],[18.5007644,-34.0027335],[18.5006877,-34.0028828],[18.5006253,-34.003005],[18.5003975,-34.003441],[18.5004772,-34.0032585],[18.5005154,-34.0031562],[18.5005811,-34.0029967],[18.5006483,-34.0028688],[18.5015592,-34.0010942],[18.5015972,-34.0010201],[18.5016949,-34.0008303],[18.5020297,-34.0001692],[18.5021462,-33.9999086],[18.5021985,-33.9997735],[18.5022313,-33.9996796],[18.5022615,-33.9995828],[18.5023082,-33.9993977],[18.5023499,-33.9992055],[18.5024788,-33.9984899],[18.502545,-33.998122],[18.502916,-33.996061],[18.5033409,-33.9937065],[18.5036231,-33.9921338],[18.5039134,-33.9905198],[18.5039948,-33.9900824],[18.5040545,-33.9897327],[18.5040983,-33.9894638],[18.5041169,-33.9893062],[18.5041267,-33.9891718],[18.504136,-33.9890217],[18.5041387,-33.9888755],[18.504134,-33.9887148],[18.5041273,-33.988617],[18.5041179,-33.9885152],[18.5041065,-33.9884135],[18.5040898,-33.9883006],[18.5040703,-33.9881944],[18.5040462,-33.9880765],[18.50402,-33.9879676],[18.5039939,-33.9878669],[18.5039704,-33.9877913],[18.5039248,-33.9876484],[18.5039704,-33.9877913],[18.5039939,-33.9878669],[18.50402,-33.9879676],[18.5040462,-33.9880765],[18.5040703,-33.9881944],[18.5040898,-33.9883006],[18.5041065,-33.9884135],[18.5041179,-33.9885152],[18.5041273,-33.988617],[18.504134,-33.9887148],[18.5041387,-33.9888755],[18.504136,-33.9890217],[18.5041267,-33.9891718],[18.5041169,-33.9893062],[18.5040983,-33.9894638],[18.5040545,-33.9897327],[18.5039948,-33.9900824],[18.5039134,-33.9905198],[18.5036231,-33.9921338],[18.5033409,-33.9937065],[18.502916,-33.996061],[18.502545,-33.998122],[18.5024788,-33.9984899],[18.5023499,-33.9992055],[18.5023082,-33.9993977],[18.5022615,-33.9995828],[18.5022313,-33.9996796],[18.5021985,-33.9997735],[18.5021462,-33.9999086],[18.5020297,-34.0001692],[18.5016949,-34.0008303],[18.5015972,-34.0010201],[18.5015592,-34.0010942],[18.5006483,-34.0028688],[18.5005811,-34.0029967],[18.5005154,-34.0031562],[18.5004772,-34.0032585],[18.5003975,-34.003441],[18.5006253,-34.003005],[18.5006877,-34.0028828],[18.5007644,-34.0027335],[18.5006877,-34.0028828],[18.5006253,-34.003005],[18.5003975,-34.003441],[18.5003073,-34.0036221],[18.5001652,-34.0038951],[18.4999589,-34.0042953],[18.4997361,-34.0047314],[18.4989557,-34.006245],[18.4985426,-34.0070484],[18.4981209,-34.0078711],[18.4976547,-34.0087762],[18.4974349,-34.0091925],[18.4973039,-34.0094518],[18.4971814,-34.0096865],[18.4970555,-34.0099352],[18.4969346,-34.010164],[18.4967235,-34.0105745],[18.4961991,-34.0115953],[18.4956549,-34.0126427],[18.494716,-34.0144638],[18.4946924,-34.0145096],[18.4944191,-34.015038],[18.4941448,-34.0155683],[18.4935782,-34.0166705],[18.4930491,-34.0176926],[18.4923497,-34.0190454],[18.4919454,-34.0198296],[18.4913627,-34.0209584],[18.490573,-34.0224873],[18.4898488,-34.0238923],[18.4892239,-34.0250977],[18.4890553,-34.0254287],[18.488603,-34.0263056],[18.4885446,-34.026422],[18.4883086,-34.0268766],[18.4880142,-34.0274457],[18.4868025,-34.029792],[18.4866483,-34.0300971],[18.486541,-34.0302877],[18.4864659,-34.0304144],[18.4863968,-34.0305205],[18.4863273,-34.0306123],[18.4862632,-34.0306951],[18.4861406,-34.0308345],[18.4860677,-34.03091],[18.4859754,-34.0309983],[18.4858609,-34.0311],[18.4857723,-34.0311735],[18.4856619,-34.031254],[18.485546,-34.0313307],[18.4854201,-34.0314105],[18.4852965,-34.0314775],[18.4851682,-34.0315458],[18.4849061,-34.0316629],[18.4842657,-34.0319241],[18.4839944,-34.0320335],[18.483706,-34.0321488],[18.4833818,-34.0322809],[18.4829288,-34.0324622],[18.4818614,-34.0328945],[18.4808432,-34.0333084],[18.4807819,-34.0333333],[18.4801779,-34.0335807],[18.479324,-34.0339253],[18.4779199,-34.0344968],[18.4771361,-34.0348151],[18.4763142,-34.0351522],[18.474694,-34.0358112],[18.4738595,-34.0361475],[18.4731192,-34.0364525],[18.4726659,-34.0366331],[18.4721966,-34.036826],[18.4712336,-34.0372169],[18.4693473,-34.0379848],[18.4691663,-34.0380585],[18.4689853,-34.0381296],[18.4686567,-34.0382646],[18.468412,-34.0383646],[18.4682745,-34.0384241],[18.468074,-34.0385163],[18.4679044,-34.0386063],[18.4677562,-34.0386964],[18.4676281,-34.0387836],[18.4675329,-34.0388553],[18.4674212,-34.0389419],[18.4673698,-34.038988],[18.467286,-34.0390628],[18.4671868,-34.039164],[18.4670972,-34.0392608],[18.4670204,-34.0393531],[18.4669399,-34.0394552],[18.4668639,-34.0395707],[18.466806,-34.0396653],[18.4667411,-34.039774],[18.4667062,-34.0398501],[18.4666764,-34.039917],[18.4666202,-34.0400514],[18.4665822,-34.0401581],[18.4665473,-34.0402861],[18.4665291,-34.0403538],[18.4665144,-34.0404148],[18.4664958,-34.0404956],[18.4664827,-34.0405895],[18.4664605,-34.0407048],[18.4664258,-34.0409389],[18.4664238,-34.0408117],[18.4664239,-34.0406869],[18.4663933,-34.0408548],[18.4663599,-34.0410569],[18.4663461,-34.0411291],[18.4663203,-34.0413337],[18.4663259,-34.0423315],[18.4663246,-34.0425234],[18.4663226,-34.0426176],[18.4663172,-34.0427376],[18.4663102,-34.0428485],[18.4662904,-34.0430477],[18.4662783,-34.0431321],[18.4662448,-34.0433266],[18.4662039,-34.0435355],[18.4661623,-34.0436955],[18.4660805,-34.0439967],[18.4660405,-34.0441395],[18.4658375,-34.0448757],[18.4657391,-34.0452342],[18.465538,-34.0459665],[18.4653932,-34.0464881],[18.4652145,-34.0471332],[18.4651713,-34.047282],[18.4651277,-34.0474315],[18.4650355,-34.0477792],[18.4649506,-34.0481199],[18.4648808,-34.0484367],[18.4647327,-34.0490938],[18.4645965,-34.0496248],[18.4644699,-34.0500767],[18.4643137,-34.0506384],[18.4641683,-34.0511622],[18.4641599,-34.0511923],[18.4639496,-34.0519497],[18.4639334,-34.0520084],[18.4638268,-34.0523929],[18.463692,-34.0528701],[18.4634704,-34.0536725],[18.4633393,-34.0541474],[18.4632294,-34.0545418],[18.463106,-34.0549818],[18.4630377,-34.0552479],[18.4630013,-34.0553953],[18.4629543,-34.0556352],[18.4629275,-34.0557767],[18.4629068,-34.0559046],[18.4628918,-34.0560261],[18.4628807,-34.0561062],[18.4628703,-34.0562115],[18.4628545,-34.0564401],[18.4628465,-34.0565612],[18.4628478,-34.0566796],[18.4628466,-34.0569866],[18.4628589,-34.0572835],[18.4628779,-34.0576497],[18.462893,-34.0579609],[18.4629176,-34.0584439],[18.462941,-34.0588985],[18.4629894,-34.0598834]]}},{"type":"Feature","properties":{"routeId":"ct-nolu","source":"OpenStreetMap","license":"ODbL","stations":20},"geometry":{"type":"LineString","coordinates":[[18.4274124,-33.923851],[18.4275301,-33.9239402],[18.4277769,-33.9241089],[18.4278754,-33.9241718],[18.428098,-33.9242854],[18.4283364,-33.9244052],[18.4285362,-33.9244865],[18.4287039,-33.9245443],[18.4290718,-33.9246677],[18.4292416,-33.9247252],[18.4293683,-33.9247662],[18.4295762,-33.9248359],[18.4299019,-33.9249501],[18.429536,-33.9247986],[18.4293825,-33.9247185],[18.4292363,-33.9246311],[18.4290177,-33.9245004],[18.428893,-33.9244225],[18.4288322,-33.9243843],[18.4286603,-33.9242839],[18.4284625,-33.9241604],[18.4286824,-33.924265],[18.4289151,-33.9243635],[18.4291013,-33.9244411],[18.4293658,-33.9245521],[18.4295015,-33.9246086],[18.4296298,-33.9246559],[18.4297536,-33.9247127],[18.4299293,-33.9247833],[18.4300234,-33.9248266],[18.4302709,-33.9249306],[18.4306761,-33.9250962],[18.4308835,-33.9251792],[18.4310498,-33.9252359],[18.43121,-33.925286],[18.4313137,-33.9253149],[18.4315111,-33.9253606],[18.4316667,-33.9253917],[18.4318142,-33.9254129],[18.4319899,-33.925434],[18.4321996,-33.9254511],[18.4326182,-33.9254735],[18.4329454,-33.9254874],[18.4334445,-33.9255088],[18.4336484,-33.9255063],[18.4338107,-33.9254956],[18.4340069,-33.9254949],[18.4352232,-33.9255434],[18.4357199,-33.9255646],[18.436231,-33.9255841],[18.4366424,-33.9255962],[18.4368862,-33.9255856],[18.4369875,-33.9255813],[18.437066,-33.9255783],[18.43725,-33.9255753],[18.4374128,-33.9255693],[18.4395377,-33.9254544],[18.4402738,-33.9254143],[18.4410418,-33.9253719],[18.4417611,-33.9253332],[18.4419409,-33.9253209],[18.4421286,-33.9253043],[18.4423694,-33.9252883],[18.4424333,-33.9252857],[18.4426233,-33.9252753],[18.4430013,-33.9252325],[18.4431731,-33.9252168],[18.4432628,-33.9252145],[18.4442828,-33.9251945],[18.445012,-33.9251774],[18.4460104,-33.9251596],[18.4463249,-33.925149],[18.446681,-33.9251468],[18.4468989,-33.925154],[18.4470843,-33.9251655],[18.4473764,-33.9251846],[18.4475654,-33.9252052],[18.4478733,-33.9252434],[18.4483639,-33.9253005],[18.4488777,-33.9253663],[18.4498145,-33.9254767],[18.4507278,-33.9255852],[18.4510448,-33.9256249],[18.4511893,-33.9256468],[18.4512721,-33.9256606],[18.4514862,-33.9257034],[18.4515671,-33.9257178],[18.4517236,-33.9257421],[18.452192,-33.9257962],[18.4523377,-33.9258193],[18.4524391,-33.9258374],[18.4526292,-33.9258742],[18.4527243,-33.9258919],[18.4528782,-33.9259159],[18.4533863,-33.9259768],[18.4536632,-33.92601],[18.4538184,-33.9260342],[18.4539189,-33.9260522],[18.4541242,-33.9260925],[18.4542188,-33.9261084],[18.4543514,-33.9261285],[18.4553172,-33.9262442],[18.4565068,-33.9263944],[18.4570848,-33.9264679],[18.4576714,-33.9265376],[18.4578184,-33.9265589],[18.457928,-33.9265778],[18.4583041,-33.9266511],[18.4584089,-33.926669],[18.4585476,-33.9266902],[18.4588016,-33.9267212],[18.4589352,-33.9267422],[18.4590234,-33.9267566],[18.4593171,-33.926813],[18.4594123,-33.9268292],[18.459553,-33.9268506],[18.4596755,-33.9268648],[18.4608331,-33.9270031],[18.461025,-33.9270243],[18.4611878,-33.927039],[18.4613608,-33.9270534],[18.4615406,-33.9270649],[18.4617965,-33.9270755],[18.4619787,-33.9270847],[18.4621807,-33.9270931],[18.4623661,-33.9271016],[18.4625407,-33.927113],[18.4627076,-33.9271254],[18.462856,-33.9271394],[18.4631687,-33.9271724],[18.4635204,-33.9272232],[18.4646692,-33.927416],[18.4635204,-33.9272232],[18.4631687,-33.9271724],[18.462856,-33.9271394],[18.4627076,-33.9271254],[18.4625407,-33.927113],[18.4623661,-33.9271016],[18.4621807,-33.9270931],[18.4619787,-33.9270847],[18.4617965,-33.9270755],[18.4615406,-33.9270649],[18.4613608,-33.9270534],[18.4611878,-33.927039],[18.461025,-33.9270243],[18.4608331,-33.9270031],[18.4596755,-33.9268648],[18.459553,-33.9268506],[18.4594123,-33.9268292],[18.4593171,-33.926813],[18.4590234,-33.9267566],[18.4589352,-33.9267422],[18.4588016,-33.9267212],[18.4585476,-33.9266902],[18.4584089,-33.926669],[18.4583041,-33.9266511],[18.457928,-33.9265778],[18.4578184,-33.9265589],[18.4576714,-33.9265376],[18.4579686,-33.9265706],[18.4583105,-33.9266138],[18.4597093,-33.9267786],[18.4606012,-33.9268869],[18.4607494,-33.9269047],[18.4610893,-33.9269458],[18.4613254,-33.9269703],[18.4615628,-33.9269881],[18.4619523,-33.9270059],[18.4622038,-33.9270104],[18.4625813,-33.9270226],[18.4628006,-33.9270371],[18.4629609,-33.9270499],[18.4631171,-33.9270638],[18.463736,-33.9271606],[18.4638822,-33.9271806],[18.4641257,-33.9272054],[18.4638956,-33.9271684],[18.4636336,-33.9271169],[18.4638894,-33.9271443],[18.4641754,-33.927174],[18.4642931,-33.9271861],[18.4662048,-33.9273831],[18.4664729,-33.9274047],[18.466832,-33.9274199],[18.4670577,-33.9274187],[18.4672434,-33.9274098],[18.4674567,-33.9273876],[18.4675988,-33.9273703],[18.4677846,-33.9273408],[18.4679623,-33.9273085],[18.468156,-33.927269],[18.4685919,-33.9271734],[18.469124,-33.9270546],[18.4694156,-33.9269944],[18.4696905,-33.9269387],[18.4698887,-33.9269052],[18.4701221,-33.9268673],[18.470332,-33.9268362],[18.4708134,-33.9267733],[18.4726584,-33.926544],[18.4738634,-33.9263927],[18.4742426,-33.926346],[18.4747469,-33.9262959],[18.4751063,-33.9262653],[18.4754188,-33.926238],[18.4757997,-33.9261991],[18.4764075,-33.9261119],[18.4770595,-33.9260496],[18.4774623,-33.9259962],[18.4789721,-33.9258076],[18.4793733,-33.9257575],[18.4797794,-33.9256911],[18.480163,-33.9256293],[18.4806142,-33.9255576],[18.4809267,-33.9255125],[18.4812332,-33.9254747],[18.4815824,-33.9254339],[18.4824764,-33.9253239],[18.483296,-33.9252158],[18.4834473,-33.9252004],[18.4835638,-33.9251864],[18.4838671,-33.925147],[18.4841095,-33.9251125],[18.4838315,-33.9251297],[18.4835358,-33.9251497],[18.4832932,-33.925168],[18.4835606,-33.9251236],[18.4838112,-33.925082],[18.4835452,-33.9251074],[18.483275,-33.9251247],[18.4831167,-33.9251325],[18.4834574,-33.9250846],[18.4836143,-33.9250618],[18.4837947,-33.9250385],[18.4834138,-33.9250613],[18.483163,-33.9250841],[18.482933,-33.9251019],[18.4836351,-33.9249928],[18.4843197,-33.924886],[18.4856427,-33.9246836],[18.4871302,-33.9244955],[18.4886177,-33.9243074],[18.4894746,-33.9241976],[18.4899595,-33.9241318],[18.4901542,-33.9241026],[18.4903289,-33.9240681],[18.4906982,-33.9239894],[18.49093,-33.923939],[18.4913982,-33.9238343],[18.4922234,-33.9236564],[18.4919935,-33.9237206],[18.4917051,-33.9238074],[18.4921642,-33.9237071],[18.4919439,-33.9237779],[18.4916972,-33.9238451],[18.4923679,-33.9236999],[18.4926696,-33.9236379],[18.4928303,-33.9236119],[18.4930583,-33.9235832],[18.4931831,-33.9235765],[18.4932977,-33.9235759],[18.4934191,-33.9235821],[18.4935901,-33.9235993],[18.493806,-33.9236339],[18.4939258,-33.9236576],[18.494036,-33.9236824],[18.4950166,-33.9239212],[18.4952221,-33.9239805],[18.4953768,-33.924036],[18.4955216,-33.9240931],[18.4956142,-33.9241395],[18.4956985,-33.9241859],[18.4957737,-33.92423],[18.4958534,-33.9242779],[18.4959167,-33.9243266],[18.4959927,-33.9243829],[18.4960679,-33.9244437],[18.496143,-33.9245175],[18.4961953,-33.9245722],[18.4962576,-33.9246445],[18.4963062,-33.9247084],[18.4963658,-33.924792],[18.4964144,-33.9248658],[18.4964565,-33.9249449],[18.4964923,-33.9250248],[18.4965234,-33.9251016],[18.49655,-33.9251685],[18.4965757,-33.9252598],[18.4965986,-33.9253411],[18.4966096,-33.9254271],[18.4966197,-33.9255077],[18.4966224,-33.925599],[18.4966233,-33.9256689],[18.4966215,-33.9257549],[18.4966132,-33.9258325],[18.4965931,-33.9259358],[18.4965794,-33.9260009],[18.4965592,-33.9260786],[18.4964938,-33.9262661],[18.4964178,-33.9264354],[18.4963438,-33.9265728],[18.4961394,-33.9269158],[18.4958445,-33.9273972],[18.4955812,-33.9278361],[18.4954245,-33.9281068],[18.4952357,-33.9284236],[18.4946426,-33.9293928],[18.4940349,-33.9303929],[18.4937621,-33.930839],[18.4930803,-33.9319591],[18.4928806,-33.9322897],[18.4925928,-33.9327542],[18.4922505,-33.9333162],[18.4919555,-33.9338033],[18.4916548,-33.9342881],[18.4913854,-33.9347456],[18.4912506,-33.9350011],[18.4911698,-33.9351743],[18.491097,-33.9353473],[18.4910192,-33.9355525],[18.4909599,-33.9357313],[18.4909194,-33.9358734],[18.490873,-33.9360511],[18.4908194,-33.9362868],[18.4907149,-33.9368411],[18.490606,-33.9374245],[18.4905696,-33.9376649],[18.490554,-33.9377792],[18.4905419,-33.9379179],[18.4905314,-33.9381772],[18.490537,-33.9384007],[18.4905472,-33.9385697],[18.4906456,-33.9397347],[18.4905472,-33.9385697],[18.490537,-33.9384007],[18.4905314,-33.9381772],[18.4905419,-33.9379179],[18.490554,-33.9377792],[18.4905696,-33.9376649],[18.490606,-33.9374245],[18.4907149,-33.9368411],[18.4908194,-33.9362868],[18.490873,-33.9360511],[18.4909194,-33.9358734],[18.4909599,-33.9357313],[18.4910192,-33.9355525],[18.491097,-33.9353473],[18.4911698,-33.9351743],[18.4912506,-33.9350011],[18.4913854,-33.9347456],[18.4916548,-33.9342881],[18.4919555,-33.9338033],[18.4922505,-33.9333162],[18.4925928,-33.9327542],[18.4928806,-33.9322897],[18.4930803,-33.9319591],[18.4937621,-33.930839],[18.4940349,-33.9303929],[18.4946426,-33.9293928],[18.4952357,-33.9284236],[18.4954245,-33.9281068],[18.4955812,-33.9278361],[18.4958445,-33.9273972],[18.4961394,-33.9269158],[18.4963438,-33.9265728],[18.4964178,-33.9264354],[18.4964938,-33.9262661],[18.4965592,-33.9260786],[18.4965794,-33.9260009],[18.4965931,-33.9259358],[18.4966132,-33.9258325],[18.4966215,-33.9257549],[18.4966233,-33.9256689],[18.4966224,-33.925599],[18.4966197,-33.9255077],[18.4966096,-33.9254271],[18.4965986,-33.9253411],[18.4965757,-33.9252598],[18.49655,-33.9251685],[18.4965234,-33.9251016],[18.4964923,-33.9250248],[18.4964565,-33.9249449],[18.4964144,-33.9248658],[18.4963658,-33.924792],[18.4963062,-33.9247084],[18.4962576,-33.9246445],[18.4961953,-33.9245722],[18.496143,-33.9245175],[18.4960679,-33.9244437],[18.4959927,-33.9243829],[18.4959167,-33.9243266],[18.4958534,-33.9242779],[18.4957737,-33.92423],[18.4956985,-33.9241859],[18.4956142,-33.9241395],[18.4955216,-33.9240931],[18.4953768,-33.924036],[18.4952221,-33.9239805],[18.4950166,-33.9239212],[18.494036,-33.9236824],[18.4939258,-33.9236576],[18.493806,-33.9236339],[18.4935901,-33.9235993],[18.4934191,-33.9235821],[18.4932977,-33.9235759],[18.4931831,-33.9235765],[18.4930583,-33.9235832],[18.4928303,-33.9236119],[18.4926696,-33.9236379],[18.4923679,-33.9236999],[18.4916972,-33.9238451],[18.4914488,-33.9239001],[18.4907351,-33.9240563],[18.490354,-33.9241386],[18.4900067,-33.9242155],[18.4897049,-33.9242801],[18.4893763,-33.9243446],[18.4891485,-33.9243857],[18.4886464,-33.9244502],[18.4884923,-33.9244694],[18.4856691,-33.9248211],[18.4847584,-33.9249475],[18.4844478,-33.92497],[18.4842382,-33.9249773],[18.4840468,-33.9250034],[18.4837947,-33.9250385],[18.4834138,-33.9250613],[18.483163,-33.9250841],[18.482933,-33.9251019],[18.4823704,-33.9251881],[18.4819419,-33.925251],[18.4815684,-33.9252994],[18.481272,-33.9253356],[18.4802891,-33.9254592],[18.4790815,-33.9256105],[18.4773877,-33.9258228],[18.4769976,-33.9258724],[18.4763766,-33.9259495],[18.4751392,-33.9261034],[18.4738373,-33.9262658],[18.4726551,-33.9264099],[18.470794,-33.9266459],[18.4703206,-33.9267043],[18.4700899,-33.9267394],[18.4698539,-33.9267789],[18.4696556,-33.9268176],[18.4694101,-33.9268689],[18.4690776,-33.9269421],[18.4685504,-33.92706],[18.4683663,-33.9270972],[18.4682062,-33.9271268],[18.468065,-33.927149],[18.4679348,-33.927165],[18.4677859,-33.9271806],[18.467639,-33.9271906],[18.4674734,-33.9272006],[18.467225,-33.9272018],[18.4670094,-33.9271956],[18.4666949,-33.9271739],[18.4644743,-33.9269469],[18.4637156,-33.9268852],[18.4635335,-33.9268791],[18.4633431,-33.926878],[18.4630487,-33.9268768],[18.4627872,-33.9268774],[18.4625766,-33.9268791],[18.46224,-33.9268824],[18.4619772,-33.9268813],[18.4616935,-33.9268741],[18.4615178,-33.9268624],[18.4613046,-33.9268462],[18.4610605,-33.9268206],[18.4606066,-33.9267622],[18.4597205,-33.9266636],[18.4595215,-33.926638],[18.4593749,-33.9266255],[18.4592716,-33.9266201],[18.4590365,-33.9266098],[18.4589455,-33.926604],[18.4587931,-33.9265906],[18.4586032,-33.9265679],[18.4573227,-33.926415],[18.4570888,-33.9263855],[18.4567214,-33.9263403],[18.4565102,-33.9263154],[18.45533,-33.926173],[18.4539453,-33.9260083],[18.4525649,-33.9258407],[18.452192,-33.9257962],[18.4517236,-33.9257421],[18.4507238,-33.9256208],[18.4498064,-33.9255096],[18.4488699,-33.9254015],[18.4483622,-33.9253388],[18.4478913,-33.9252831],[18.4476017,-33.9252575],[18.4474159,-33.9252408],[18.4471551,-33.9252303],[18.4467843,-33.9252236],[18.4463397,-33.9252314],[18.4460245,-33.9252397],[18.4444721,-33.9252725],[18.4442854,-33.9252791],[18.444122,-33.9252834],[18.4439467,-33.9252771],[18.4438694,-33.9252712],[18.4437425,-33.9252558],[18.4436369,-33.9252402],[18.4435271,-33.925228],[18.4434301,-33.9252209],[18.4432628,-33.9252145],[18.4431731,-33.9252168],[18.4426331,-33.9252287],[18.4424538,-33.9252147],[18.4422849,-33.9252052],[18.442136,-33.9252013],[18.4419583,-33.9252047],[18.4417115,-33.9252169],[18.441037,-33.9252536],[18.4403054,-33.9252931],[18.4398949,-33.9253171],[18.4396638,-33.9253293],[18.4395426,-33.9253308],[18.4394624,-33.9253284],[18.4392296,-33.9253139],[18.4388191,-33.9252882],[18.4385894,-33.9252725],[18.4385111,-33.9252719],[18.4383914,-33.9252739],[18.43883,-33.9252502],[18.439204,-33.9252292],[18.4394713,-33.925206],[18.4398833,-33.9251495],[18.440144,-33.9250986],[18.4403609,-33.9250512],[18.4406124,-33.9249817],[18.4407442,-33.9249434],[18.442352,-33.9244302],[18.4431658,-33.9241674],[18.4435428,-33.9240477],[18.4437915,-33.9239679],[18.4439591,-33.9239156],[18.4441462,-33.9238594],[18.4443252,-33.9238127],[18.4445459,-33.9237626],[18.444743,-33.9237264],[18.44504,-33.9236791],[18.4453666,-33.9236357],[18.4459614,-33.9235595],[18.4463054,-33.9235172],[18.4469489,-33.9234549],[18.4473085,-33.9234223],[18.4478305,-33.9233794],[18.448466,-33.9233256],[18.4487127,-33.9232964],[18.4489568,-33.9232558],[18.4495926,-33.9231259],[18.4500406,-33.9230213],[18.4514606,-33.9226866],[18.4520247,-33.9225505],[18.4523394,-33.9224757],[18.4526855,-33.9223961],[18.4529841,-33.9223266],[18.4532674,-33.9222661],[18.4535326,-33.9222136],[18.4537814,-33.9221729],[18.4540923,-33.9221296],[18.4543177,-33.9221061],[18.4545469,-33.9220823],[18.4547125,-33.9220711],[18.4548841,-33.9220622],[18.4551859,-33.9220481],[18.457072,-33.9220142],[18.4582245,-33.9219953],[18.458442,-33.9219943],[18.4591001,-33.9219843],[18.4593174,-33.9219882],[18.4594501,-33.9219932],[18.4596714,-33.9220088],[18.4599443,-33.9220371],[18.460293,-33.9220805],[18.4609452,-33.9221508],[18.4631066,-33.9224372],[18.4634772,-33.9224798],[18.4638931,-33.9225229],[18.4641398,-33.9225351],[18.4642987,-33.9225423],[18.464575,-33.9225457],[18.4647313,-33.9225468],[18.4649029,-33.922539],[18.4651155,-33.9225284],[18.4653917,-33.9225073],[18.4657237,-33.9224722],[18.4661367,-33.922426],[18.466871,-33.922342],[18.4669181,-33.9223366],[18.4683598,-33.9221702],[18.4686777,-33.9221272],[18.4690393,-33.9220732],[18.4721402,-33.9213808],[18.4733908,-33.9210924],[18.4736181,-33.9210336],[18.4738624,-33.9209666],[18.4741284,-33.9208867],[18.4743478,-33.920814],[18.4747865,-33.9206564],[18.4753535,-33.9204263],[18.4767132,-33.9198661],[18.4780289,-33.9193206],[18.4784633,-33.9191568],[18.4788024,-33.9190436],[18.478958,-33.9189974],[18.4792396,-33.9189179],[18.4796609,-33.9188173],[18.4799745,-33.9187436],[18.4804124,-33.9186468],[18.4806551,-33.9185939],[18.4810648,-33.9185016],[18.4814578,-33.9184125],[18.4820512,-33.9182589],[18.4835539,-33.9179002],[18.4855193,-33.9174315],[18.4864463,-33.9172118],[18.4868868,-33.9171045],[18.4873125,-33.9170082],[18.4874649,-33.9169721],[18.4879968,-33.9168829],[18.4882391,-33.9168222],[18.4885073,-33.9167587],[18.4890129,-33.916638],[18.4893266,-33.9165642],[18.489668,-33.9165],[18.4898406,-33.9164727],[18.4900053,-33.9164466],[18.4901944,-33.9164165],[18.4903795,-33.9163859],[18.4907355,-33.9163308],[18.4909736,-33.9162969],[18.4911131,-33.9162769],[18.4913947,-33.9162412],[18.4915509,-33.9162262],[18.4917715,-33.9162062],[18.4919613,-33.9161928],[18.4921417,-33.9161828],[18.4924293,-33.9161761],[18.4926862,-33.9161756],[18.4929168,-33.9161811],[18.4930932,-33.9161873],[18.4932126,-33.9161962],[18.4934211,-33.9162117],[18.4937634,-33.9162485],[18.493972,-33.9162758],[18.494271,-33.9163186],[18.4945748,-33.9163748],[18.4949651,-33.9164633],[18.495244,-33.9165367],[18.4955277,-33.9166213],[18.4958976,-33.9167334],[18.4959445,-33.916751],[18.4962996,-33.9168847],[18.4965622,-33.9169952],[18.4968093,-33.9171081],[18.4971588,-33.9172896],[18.4975714,-33.9174943],[18.4977908,-33.9176157],[18.4979784,-33.9177074],[18.4982461,-33.9178511],[18.4989968,-33.9182405],[18.4988415,-33.9181705],[18.498651,-33.9180958],[18.4988127,-33.9182022],[18.4989615,-33.9182898],[18.4992684,-33.9184524],[18.4993899,-33.9185168],[18.499734,-33.9186979],[18.4999504,-33.9188281],[18.5001439,-33.9189508],[18.5003206,-33.9190691],[18.5004817,-33.9191865],[18.5006515,-33.9193147],[18.5008197,-33.9194463],[18.5010401,-33.9196441],[18.501258,-33.9198449],[18.5013632,-33.9199377],[18.501691,-33.9202403],[18.5019246,-33.9204627],[18.502037,-33.9205717],[18.5021345,-33.9206666],[18.5022227,-33.9207595],[18.5022758,-33.9208183],[18.5023408,-33.9208987],[18.5023961,-33.9209733],[18.5024313,-33.9210261],[18.5024672,-33.9210795],[18.5025071,-33.921153],[18.50255,-33.9212437],[18.5025986,-33.9213522],[18.5026482,-33.9214804],[18.5027273,-33.9217091],[18.5027742,-33.9218382],[18.5028193,-33.9219398],[18.5028788,-33.9220582],[18.5029218,-33.9221267],[18.5029573,-33.9221868],[18.5030042,-33.922253],[18.5030552,-33.9223175],[18.5031282,-33.9224072],[18.5032175,-33.9224986],[18.5032926,-33.9225682],[18.5033945,-33.9226533],[18.5034294,-33.9226795],[18.5034797,-33.9227151],[18.5036178,-33.9228052],[18.5036996,-33.9228531],[18.5038176,-33.9229143],[18.5038967,-33.9229532],[18.5040858,-33.9230239],[18.5042481,-33.9230756],[18.5044292,-33.9231174],[18.5046149,-33.9231474],[18.5047946,-33.9231691],[18.5050233,-33.9231747],[18.5053727,-33.9231675],[18.5058413,-33.9231647],[18.505899,-33.9231631],[18.5061765,-33.9231553],[18.5063919,-33.9231477],[18.5066116,-33.9231374],[18.5067769,-33.9231269],[18.507033,-33.9231019],[18.5072778,-33.923069],[18.5076017,-33.9230156],[18.5078276,-33.9229711],[18.5081341,-33.9229082],[18.5084526,-33.9228431],[18.5086826,-33.9227975],[18.509158,-33.9226979],[18.5095127,-33.9226267],[18.5097716,-33.9225805],[18.5099385,-33.9225571],[18.5115825,-33.9223027],[18.5137064,-33.9220604],[18.5142717,-33.9219903],[18.5144246,-33.9219764],[18.5146244,-33.9219664],[18.51479,-33.9219636],[18.5148933,-33.9219642],[18.5149899,-33.9219703],[18.5151669,-33.9219831],[18.5152909,-33.9219976],[18.5154385,-33.9220204],[18.5156007,-33.922051],[18.5157422,-33.9220871],[18.5158569,-33.9221183],[18.5160178,-33.9221673],[18.5161586,-33.9222207],[18.5163108,-33.9222836],[18.516451,-33.9223509],[18.5165791,-33.9224177],[18.5166931,-33.9224861],[18.516801,-33.9225523],[18.5169076,-33.9226285],[18.5169935,-33.9226914],[18.51709,-33.922771],[18.5171725,-33.9228428],[18.5172583,-33.9229234],[18.5173572,-33.9230262],[18.517481,-33.9231599],[18.517603,-33.9233079],[18.517776,-33.9235136],[18.518054,-33.9238604],[18.5181808,-33.9240411],[18.5183297,-33.9242624],[18.5184667,-33.924455],[18.5190673,-33.925181],[18.5197864,-33.9260651],[18.5201499,-33.9265097],[18.5205101,-33.9269489],[18.5207484,-33.927242],[18.5209309,-33.9274725],[18.5211378,-33.9277527],[18.521271,-33.9279387],[18.5213932,-33.928136],[18.5214935,-33.9282991],[18.5215768,-33.9284454],[18.52167,-33.9286236],[18.5217617,-33.9288087],[18.5218883,-33.9290757],[18.5225001,-33.9303912],[18.5225922,-33.9306021],[18.5226739,-33.9308009],[18.5227109,-33.9308961],[18.5227614,-33.9310297],[18.5227999,-33.9311488],[18.5228262,-33.9312457],[18.5228601,-33.9313788],[18.5228817,-33.9314847],[18.5229008,-33.9315991],[18.5229141,-33.9316926],[18.5229219,-33.931789],[18.5229301,-33.9318778],[18.5229327,-33.9319785],[18.5229337,-33.9320729],[18.5229311,-33.9322312],[18.52291,-33.9325753],[18.5228761,-33.9330537],[18.5228426,-33.9334922],[18.5228273,-33.9337218],[18.5228181,-33.9340018],[18.5228176,-33.9341196],[18.5228212,-33.9342298],[18.5228248,-33.9343166],[18.522836,-33.9344352],[18.5228508,-33.9345416],[18.5228672,-33.9346411],[18.5228917,-33.9347606],[18.5229177,-33.9348699],[18.522956,-33.9350008],[18.5230035,-33.935141],[18.5230397,-33.9352363],[18.5230898,-33.935352],[18.5231281,-33.9354346],[18.5231735,-33.935527],[18.5232419,-33.9356507],[18.5233078,-33.9357612],[18.5234089,-33.9359142],[18.5235269,-33.9360709],[18.5236372,-33.9362048],[18.5237597,-33.9363391],[18.5239479,-33.9365226],[18.5240894,-33.9366431],[18.5241853,-33.9367239],[18.5243357,-33.9368344],[18.524461,-33.9369218],[18.5246689,-33.93705],[18.5247333,-33.9370846],[18.5247845,-33.9371121],[18.5249572,-33.9371997],[18.5252415,-33.9373265],[18.5255471,-33.9374409],[18.5259015,-33.9375642],[18.5260293,-33.9376071],[18.5262001,-33.9376742],[18.5263774,-33.9377524],[18.5265396,-33.9378177],[18.5266256,-33.9378445],[18.5268673,-33.9379235],[18.5271802,-33.9380313],[18.5273309,-33.9380857],[18.5274705,-33.9381409],[18.5276262,-33.9382058],[18.5278945,-33.9383183],[18.5280959,-33.9383979],[18.5283633,-33.9384933],[18.5286231,-33.9385789],[18.5299805,-33.9390251],[18.530296,-33.9391293],[18.5313898,-33.9394875],[18.5318555,-33.9396288],[18.5322318,-33.9397245],[18.5326738,-33.9398512],[18.533132,-33.9399786],[18.5334927,-33.9400694],[18.5339424,-33.9401816],[18.534106,-33.9402224],[18.5346529,-33.9402926],[18.535135,-33.9403926],[18.5363638,-33.9405904],[18.5372596,-33.9407336],[18.5374218,-33.9407595],[18.537629,-33.9407889],[18.5385067,-33.9409256],[18.5398086,-33.9411253],[18.5403496,-33.9412059],[18.5416971,-33.9413846],[18.5426634,-33.9414631],[18.5433001,-33.9415065],[18.5444583,-33.9415855],[18.546226,-33.941706],[18.5465728,-33.9417296],[18.5468585,-33.9417462],[18.5471603,-33.9417548],[18.5473702,-33.9417608],[18.547541,-33.9417641],[18.547824,-33.9417695],[18.5481707,-33.941777],[18.5484813,-33.9417879],[18.5487416,-33.9417977],[18.5501826,-33.9418963],[18.5487416,-33.9417977],[18.5484813,-33.9417879],[18.5481707,-33.941777],[18.547824,-33.9417695],[18.547541,-33.9417641],[18.5473702,-33.9417608],[18.5471603,-33.9417548],[18.5468585,-33.9417462],[18.5465728,-33.9417296],[18.546226,-33.941706],[18.5444583,-33.9415855],[18.5433001,-33.9415065],[18.5426634,-33.9414631],[18.5416971,-33.9413846],[18.5403496,-33.9412059],[18.5398086,-33.9411253],[18.5385067,-33.9409256],[18.537629,-33.9407889],[18.5374218,-33.9407595],[18.5372596,-33.9407336],[18.5363638,-33.9405904],[18.535135,-33.9403926],[18.5346529,-33.9402926],[18.534106,-33.9402224],[18.5339194,-33.9402013],[18.5336,-33.9401653],[18.5338803,-33.9402354],[18.5340825,-33.9402859],[18.5343937,-33.9403612],[18.5351225,-33.9404989],[18.5363442,-33.9406839],[18.5372525,-33.9408294],[18.5374108,-33.9408548],[18.5384735,-33.9410171],[18.5402528,-33.9412928],[18.5416894,-33.9414822],[18.5426601,-33.9415522],[18.5432153,-33.9415879],[18.543423,-33.9416012],[18.5444705,-33.9416736],[18.5462084,-33.9417937],[18.5465681,-33.9418186],[18.5472551,-33.9418633],[18.5474426,-33.9418755],[18.5480925,-33.9419221],[18.5487292,-33.9419649],[18.5501704,-33.942064],[18.5516687,-33.9421671],[18.5526306,-33.9422338],[18.553129,-33.9422679],[18.5535842,-33.9422964],[18.5544217,-33.9423647],[18.5553214,-33.9424535],[18.5581826,-33.9427105],[18.5585573,-33.942757],[18.5587102,-33.9427803],[18.5589506,-33.9428195],[18.5591195,-33.9428554],[18.5592833,-33.9429017],[18.5594816,-33.9429599],[18.5597122,-33.9430391],[18.559984,-33.9431497],[18.5601141,-33.9432118],[18.5602628,-33.9432863],[18.5605149,-33.943432],[18.560754,-33.9435876],[18.5609651,-33.9437491],[18.5610772,-33.9438432],[18.5611726,-33.9439324],[18.5612938,-33.9440523],[18.5613801,-33.9441381],[18.5614856,-33.9442611],[18.5616002,-33.9444024],[18.5616671,-33.9444916],[18.5617592,-33.9446278],[18.561828,-33.944738],[18.5618949,-33.9448568],[18.5619421,-33.944946],[18.5620193,-33.9451032],[18.5621194,-33.9453442],[18.5622299,-33.945628],[18.562394,-33.9460813],[18.5626452,-33.9467733],[18.5629666,-33.9476714],[18.5632415,-33.9484201],[18.5633095,-33.9486088],[18.5635473,-33.9492671],[18.5636224,-33.9494771],[18.5636975,-33.9497857],[18.5637368,-33.9500066],[18.563755,-33.9501514],[18.5637635,-33.9503402],[18.5637624,-33.9505313],[18.5637567,-33.9506544],[18.5637061,-33.9511305],[18.5636765,-33.951425],[18.5636711,-33.9514782],[18.5635499,-33.9527108],[18.563399,-33.9541704],[18.5633846,-33.9543158],[18.5633682,-33.9544603],[18.5633557,-33.9545618],[18.5633312,-33.9546896],[18.5633045,-33.9548156],[18.5632692,-33.9550086],[18.563234,-33.9553517],[18.563181,-33.9558673],[18.5631421,-33.9562469],[18.5631275,-33.9563892],[18.5630798,-33.9569157],[18.5629586,-33.9580712],[18.5627436,-33.9601859],[18.5625934,-33.9616598],[18.5625502,-33.9620919],[18.5625343,-33.9622807],[18.5621611,-33.9659228],[18.5620951,-33.9665512],[18.56202,-33.9673306],[18.5619313,-33.9682052],[18.561863,-33.9688855],[18.5617515,-33.96993],[18.5617055,-33.9704239],[18.5616395,-33.971057],[18.5616135,-33.9713167],[18.5615932,-33.9715187],[18.5615775,-33.9716756],[18.5615434,-33.9720292],[18.5614467,-33.9729747],[18.561385,-33.9735796],[18.5613003,-33.97438],[18.5612349,-33.9750604],[18.5611087,-33.9762816],[18.5608837,-33.9784664],[18.5608,-33.9794253],[18.5606885,-33.9808727],[18.5605709,-33.9824131],[18.5605138,-33.9831371],[18.5604622,-33.9837854],[18.560395,-33.9846918],[18.5603213,-33.9856326],[18.5602789,-33.9862084],[18.5602541,-33.9865046],[18.5602136,-33.9869926],[18.560185,-33.9873973],[18.5601583,-33.9877455],[18.5601117,-33.9883193],[18.5600699,-33.988871],[18.560046,-33.9892124],[18.5600091,-33.9896423],[18.5599805,-33.9900431],[18.5599739,-33.9901399],[18.5599528,-33.9904223],[18.5599416,-33.9905793],[18.5599151,-33.9909192],[18.5598891,-33.9912488],[18.5598561,-33.9917193],[18.5598036,-33.9924113],[18.5597704,-33.9928105],[18.5598036,-33.9924113],[18.5598561,-33.9917193],[18.5598891,-33.9912488],[18.5599151,-33.9909192],[18.5599416,-33.9905793],[18.5599528,-33.9904223],[18.5599739,-33.9901399],[18.5599805,-33.9900431],[18.5600091,-33.9896423],[18.560046,-33.9892124],[18.5600699,-33.988871],[18.5601117,-33.9883193],[18.5601583,-33.9877455],[18.560185,-33.9873973],[18.5602136,-33.9869926],[18.5602541,-33.9865046],[18.5602789,-33.9862084],[18.5603213,-33.9856326],[18.560395,-33.9846918],[18.5604622,-33.9837854],[18.5605138,-33.9831371],[18.5605709,-33.9824131],[18.5606885,-33.9808727],[18.5608,-33.9794253],[18.5608837,-33.9784664],[18.5611087,-33.9762816],[18.5612349,-33.9750604],[18.5613003,-33.97438],[18.561385,-33.9735796],[18.5614467,-33.9729747],[18.5615434,-33.9720292],[18.5615775,-33.9716756],[18.5615932,-33.9715187],[18.5616135,-33.9713167],[18.5616395,-33.971057],[18.5617055,-33.9704239],[18.5617515,-33.96993],[18.561863,-33.9688855],[18.5619313,-33.9682052],[18.56202,-33.9673306],[18.5620951,-33.9665512],[18.5621611,-33.9659228],[18.5625343,-33.9622807],[18.5625502,-33.9620919],[18.5625934,-33.9616598],[18.5627436,-33.9601859],[18.5629586,-33.9580712],[18.5630798,-33.9569157],[18.5631275,-33.9563892],[18.5631421,-33.9562469],[18.563181,-33.9558673],[18.563234,-33.9553517],[18.5632692,-33.9550086],[18.5633045,-33.9548156],[18.5633312,-33.9546896],[18.5633557,-33.9545618],[18.5633682,-33.9544603],[18.5633846,-33.9543158],[18.563399,-33.9541704],[18.5635499,-33.9527108],[18.5636711,-33.9514782],[18.5636765,-33.951425],[18.5637061,-33.9511305],[18.5637567,-33.9506544],[18.5637624,-33.9505313],[18.5637635,-33.9503402],[18.563755,-33.9501514],[18.5637368,-33.9500066],[18.5636975,-33.9497857],[18.5636224,-33.9494771],[18.5635473,-33.9492671],[18.5633095,-33.9486088],[18.5632415,-33.9484201],[18.5629666,-33.9476714],[18.5626452,-33.9467733],[18.562394,-33.9460813],[18.5622299,-33.945628],[18.5621194,-33.9453442],[18.5620193,-33.9451032],[18.5619421,-33.944946],[18.5618949,-33.9448568],[18.561828,-33.944738],[18.5617592,-33.9446278],[18.5616671,-33.9444916],[18.5616002,-33.9444024],[18.5614856,-33.9442611],[18.5613801,-33.9441381],[18.5612938,-33.9440523],[18.5611726,-33.9439324],[18.5610772,-33.9438432],[18.5609651,-33.9437491],[18.560754,-33.9435876],[18.5605149,-33.943432],[18.5602628,-33.9432863],[18.5601141,-33.9432118],[18.559984,-33.9431497],[18.5597122,-33.9430391],[18.5594816,-33.9429599],[18.5592833,-33.9429017],[18.5591195,-33.9428554],[18.5589506,-33.9428195],[18.5587102,-33.9427803],[18.5585573,-33.942757],[18.5581826,-33.9427105],[18.5553214,-33.9424535],[18.5544217,-33.9423647],[18.5535842,-33.9422964],[18.553129,-33.9422679],[18.5526306,-33.9422338],[18.5516687,-33.9421671],[18.5501704,-33.942064],[18.5487292,-33.9419649],[18.5480925,-33.9419221],[18.5474426,-33.9418755],[18.5472551,-33.9418633],[18.5465681,-33.9418186],[18.5462084,-33.9417937],[18.5444705,-33.9416736],[18.543423,-33.9416012],[18.5432153,-33.9415879],[18.5426601,-33.9415522],[18.5416894,-33.9414822],[18.5402528,-33.9412928],[18.5384735,-33.9410171],[18.5374108,-33.9408548],[18.5372525,-33.9408294],[18.5363442,-33.9406839],[18.5351225,-33.9404989],[18.5343937,-33.9403612],[18.5340825,-33.9402859],[18.5338803,-33.9402354],[18.5336,-33.9401653],[18.5339194,-33.9402013],[18.534106,-33.9402224],[18.5344093,-33.9402923],[18.5351303,-33.9404279],[18.536352,-33.9406258],[18.536928,-33.9407216],[18.5372571,-33.9407668],[18.5384788,-33.9409572],[18.5402811,-33.9412366],[18.5416979,-33.9414296],[18.542662,-33.9415001],[18.5427962,-33.9415116],[18.5432778,-33.9415431],[18.5434276,-33.9415529],[18.5444613,-33.9416226],[18.5462183,-33.9417411],[18.546575,-33.9417651],[18.5469565,-33.9417844],[18.5472045,-33.9417939],[18.5473763,-33.9418005],[18.5475132,-33.941803],[18.5478168,-33.9418086],[18.5481712,-33.9418148],[18.5484841,-33.9418223],[18.5487604,-33.9418336],[18.5501787,-33.9419331],[18.5516794,-33.9420337],[18.5522421,-33.9420797],[18.5531193,-33.9421623],[18.5536111,-33.9422038],[18.5552278,-33.9423537],[18.55554,-33.9424019],[18.5557603,-33.9424398],[18.5559162,-33.9424659],[18.5560968,-33.9424865],[18.5581831,-33.9426751],[18.5583926,-33.9426988],[18.5585489,-33.9427186],[18.5587065,-33.9427415],[18.5588688,-33.942769],[18.5591397,-33.9428249],[18.5594058,-33.9428963],[18.5596028,-33.9429599],[18.5598156,-33.9430387],[18.5599831,-33.9431078],[18.5600818,-33.943152],[18.5601898,-33.9432025],[18.5602862,-33.9432549],[18.5605318,-33.9433926],[18.56079,-33.9435574],[18.561022,-33.9437396],[18.5610987,-33.9438009],[18.5612339,-33.9439274],[18.5614341,-33.944128],[18.5616395,-33.9443717],[18.5616895,-33.9444365],[18.5618135,-33.9446146],[18.5619005,-33.944759],[18.5619702,-33.9448805],[18.562074,-33.9450943],[18.5621809,-33.9453398],[18.5623007,-33.9456544],[18.5626996,-33.9467535],[18.5630227,-33.947658],[18.5632711,-33.9483446],[18.5633626,-33.9485895],[18.5633976,-33.9486918],[18.5635064,-33.9489814],[18.5635835,-33.9491933],[18.5636753,-33.949446],[18.5637345,-33.9496149],[18.5637774,-33.94974],[18.5638215,-33.9498848],[18.5638682,-33.9500545],[18.5638929,-33.9501644],[18.5639231,-33.9503185],[18.5639467,-33.9505553],[18.5639512,-33.9507629],[18.5639501,-33.9509168],[18.5639273,-33.9511895],[18.5638966,-33.9514787],[18.5638716,-33.9517185],[18.5637711,-33.952738],[18.5636174,-33.9541795],[18.563593,-33.9543517],[18.5635644,-33.9545122],[18.5634313,-33.9551426],[18.5633841,-33.9553516],[18.5633374,-33.9555891],[18.5633198,-33.9556838],[18.5632885,-33.9558966],[18.563259,-33.956125],[18.5632288,-33.9564076],[18.5631947,-33.956736],[18.5631349,-33.9573257],[18.563065,-33.9580052],[18.563061,-33.9580599],[18.5629927,-33.9587402],[18.5628448,-33.9602085],[18.5627208,-33.961422],[18.5626503,-33.9621278],[18.5626128,-33.962492],[18.5624603,-33.9639791],[18.5623852,-33.9647556],[18.5623033,-33.9655426],[18.5622328,-33.9662115],[18.5621975,-33.9666484],[18.5621759,-33.9669654],[18.5621662,-33.9671961],[18.5621412,-33.9678802],[18.5621253,-33.9682217],[18.5620957,-33.9686057],[18.5620666,-33.9688907],[18.5619956,-33.969586],[18.5619091,-33.9704343],[18.5618318,-33.9710749],[18.561801,-33.9712853],[18.5617936,-33.9713306],[18.5617624,-33.9715203],[18.5617475,-33.9716315],[18.5616679,-33.9721137],[18.5616088,-33.9724986],[18.5615166,-33.9732732],[18.5614302,-33.9741166],[18.5613353,-33.9750719],[18.5612653,-33.9757722],[18.5611796,-33.9766039],[18.5611308,-33.9770926],[18.561059,-33.9777838],[18.5610046,-33.9783168],[18.5609439,-33.9789339],[18.5609015,-33.979428],[18.5608287,-33.9803368],[18.5607873,-33.9808898],[18.5607486,-33.9814059],[18.5606749,-33.9824078],[18.560616,-33.9831317],[18.560569,-33.9837526],[18.5605165,-33.9844612],[18.5604516,-33.985297],[18.5604134,-33.9857861],[18.5603761,-33.9862874],[18.5603185,-33.9870376],[18.5602789,-33.9875557],[18.5602412,-33.9880635],[18.5602196,-33.9883404],[18.5601974,-33.9886252],[18.5601763,-33.9889302],[18.5601519,-33.9892528],[18.5601261,-33.9896297],[18.5601196,-33.9898324],[18.5601132,-33.9900897],[18.5601138,-33.9903465],[18.5601239,-33.9904927],[18.5601357,-33.9905979],[18.5601587,-33.9907901],[18.5601799,-33.9909133],[18.5602113,-33.9911795],[18.5602182,-33.991261],[18.5602283,-33.9914694],[18.560233,-33.9916689],[18.5602312,-33.9917956],[18.5602241,-33.9919795],[18.5602124,-33.992137],[18.5601899,-33.9924446],[18.5601522,-33.9929439],[18.560059,-33.994103],[18.5600401,-33.9942805],[18.5600171,-33.9944551],[18.5599894,-33.9946399],[18.5599605,-33.9948131],[18.5599378,-33.9949311],[18.5599162,-33.9951564],[18.5599039,-33.9952835],[18.5598787,-33.9955172],[18.5598107,-33.9958836],[18.559754,-33.9962073],[18.559708,-33.9964734],[18.5596868,-33.9966132],[18.5596661,-33.9967614],[18.5596479,-33.9969218],[18.5596378,-33.9970411],[18.5596307,-33.9971507],[18.559626,-33.9973121],[18.559626,-33.9974539],[18.5596337,-33.997603],[18.559642,-33.9977493],[18.5596585,-33.9979033],[18.5596779,-33.9980622],[18.5597068,-33.9982246],[18.5597434,-33.9983899],[18.5598012,-33.9986163],[18.5599009,-33.9989707],[18.5600333,-33.9992998],[18.5602099,-33.9996249],[18.5604186,-33.999954],[18.560543,-34.0001266],[18.560696,-34.0003405],[18.5609089,-34.0005962],[18.5612446,-34.0009649],[18.5616651,-34.0014157],[18.5621324,-34.0019263],[18.5625574,-34.0024245],[18.5628852,-34.0028194],[18.5630643,-34.003034],[18.5634961,-34.0035661],[18.5637963,-34.0039913],[18.5639352,-34.0042208],[18.5640358,-34.004407],[18.5640955,-34.0045248],[18.5641993,-34.0047535],[18.5642869,-34.0049816],[18.5644122,-34.0053651],[18.5644907,-34.0056185],[18.5647496,-34.0064911],[18.5649579,-34.0071959],[18.5650605,-34.0075348],[18.5651345,-34.0077629],[18.5651694,-34.0078607],[18.5652247,-34.0080157],[18.5653207,-34.0082626],[18.5654012,-34.0084359],[18.5655478,-34.0087366],[18.5656381,-34.0088964],[18.5657549,-34.0090949],[18.5658665,-34.0092681],[18.5659463,-34.0093918],[18.5660787,-34.0095715],[18.56625,-34.0097931],[18.5663158,-34.009871],[18.5664149,-34.0099884],[18.5665609,-34.0101546],[18.5667212,-34.0103198],[18.5668644,-34.0104585],[18.566984,-34.0105742],[18.5672176,-34.0107743],[18.5674454,-34.0109642],[18.567729,-34.011167],[18.567925,-34.0113026],[18.5682728,-34.0115285],[18.5688219,-34.0118766],[18.5691645,-34.0120907],[18.5696406,-34.0123962],[18.5696472,-34.0124004],[18.5702301,-34.0127556],[18.5705689,-34.0129535],[18.5708586,-34.0131017],[18.571014,-34.01318],[18.5711106,-34.0132233],[18.5714722,-34.013378],[18.5716461,-34.0134447],[18.5719323,-34.0135453],[18.5721536,-34.013613],[18.5723496,-34.0136717],[18.5725339,-34.0137179],[18.572702,-34.013761],[18.5729051,-34.0138051],[18.5730466,-34.0138336],[18.5732737,-34.0138718],[18.573508,-34.0139078],[18.5737027,-34.0139326],[18.5739512,-34.0139573],[18.5741966,-34.0139751],[18.574412,-34.0139858],[18.5746372,-34.0139912],[18.5748565,-34.0139901],[18.5750175,-34.0139869],[18.5752615,-34.0139767],[18.5755302,-34.0139616],[18.5759371,-34.0139342],[18.5765445,-34.0138906],[18.5770578,-34.0138556],[18.5776023,-34.0138174],[18.578198,-34.0137717],[18.5796316,-34.0136672],[18.5799509,-34.0136661],[18.5803482,-34.0136661],[18.580596,-34.0136523],[18.580971,-34.0136211],[18.5812845,-34.0135978],[18.5814751,-34.0135832],[18.5820454,-34.0135482],[18.5821943,-34.0135381],[18.5833151,-34.0134547],[18.5837711,-34.0134214],[18.5839586,-34.0134099],[18.5845005,-34.0133733],[18.5850211,-34.0133368],[18.5868658,-34.0132064],[18.5873519,-34.0131701],[18.5875082,-34.0131593],[18.5880683,-34.0131182],[18.5884489,-34.0130893],[18.5890678,-34.0130491],[18.5893646,-34.013028],[18.5895936,-34.0130212],[18.5897539,-34.0130194],[18.589924,-34.013017],[18.5900519,-34.0130181],[18.590221,-34.0130145],[18.5903257,-34.0130071],[18.5905332,-34.0129971],[18.5906187,-34.012996],[18.5907394,-34.0129965],[18.5910075,-34.0129967],[18.5912041,-34.0129835],[18.591791,-34.0129359],[18.5924622,-34.0128903],[18.5928954,-34.012858],[18.5932206,-34.012838],[18.5934352,-34.0128269],[18.5936216,-34.0128236],[18.5938087,-34.0128224],[18.5941996,-34.0128347],[18.5944142,-34.0128458],[18.5945716,-34.012857],[18.5945858,-34.012858],[18.5948239,-34.0128808],[18.5949835,-34.0128986],[18.5952309,-34.012932],[18.5953992,-34.0129598],[18.5956399,-34.0130031],[18.5959276,-34.0130615],[18.5961234,-34.0131049],[18.5964493,-34.0131916],[18.5967738,-34.0132916],[18.5969717,-34.0133588],[18.5971279,-34.0134166],[18.5972948,-34.0134806],[18.5974397,-34.01354],[18.5975913,-34.0136056],[18.597779,-34.0136885],[18.597971,-34.0137868],[18.5981552,-34.0138808],[18.598336,-34.0139785],[18.5984752,-34.0140581],[18.5985797,-34.0141196],[18.5986617,-34.0141717],[18.5987701,-34.0142365],[18.5988995,-34.0143243],[18.5990336,-34.014411],[18.5992052,-34.0145361],[18.5994426,-34.0147245],[18.59959,-34.014847],[18.5997652,-34.0150001],[18.5999083,-34.0151336],[18.6000086,-34.0152319],[18.6001332,-34.0153587],[18.600247,-34.0154796],[18.6003465,-34.0155921],[18.6004579,-34.0157183],[18.6005598,-34.0158369],[18.6006697,-34.0159773],[18.6007455,-34.0160801],[18.6008682,-34.0162502],[18.6010252,-34.0164908],[18.6011674,-34.0167076],[18.6013135,-34.0169483],[18.6015925,-34.0173785],[18.6017274,-34.0175916],[18.6018519,-34.0177992],[18.6019903,-34.0180045],[18.6021208,-34.0182188],[18.6022784,-34.0184673],[18.6023902,-34.0186346],[18.602457,-34.0187403],[18.6026566,-34.0190559],[18.602772,-34.019237],[18.6028804,-34.0194061],[18.6029998,-34.0196018],[18.6031481,-34.0198279],[18.6034378,-34.0202925],[18.6036926,-34.0206843],[18.6039011,-34.0210166],[18.6041928,-34.0214707],[18.6047499,-34.0223504],[18.6048687,-34.0225381],[18.6050692,-34.0228546],[18.6051647,-34.0230043],[18.605768,-34.0239506],[18.6061374,-34.0245302],[18.6065257,-34.0251354],[18.6065981,-34.0252482],[18.6069448,-34.0257973],[18.6073511,-34.026437],[18.6073918,-34.0265023],[18.6075463,-34.0267498],[18.6076844,-34.0269838],[18.6078225,-34.0272345],[18.6079337,-34.0274357],[18.608029,-34.027637],[18.6081861,-34.0279687],[18.6086651,-34.0289571],[18.6094755,-34.0305996],[18.6098169,-34.0313011],[18.6100233,-34.031725],[18.6104026,-34.0325048],[18.6104914,-34.0326874],[18.6107368,-34.0331909],[18.6111914,-34.0341211],[18.6114135,-34.0345965],[18.6116488,-34.035068],[18.612223,-34.0362472],[18.6129349,-34.0376974],[18.6131964,-34.0382464],[18.6134217,-34.0386966],[18.6140265,-34.0399456],[18.6143605,-34.0406302],[18.6148963,-34.0417143],[18.6153381,-34.0426255],[18.6159765,-34.0439312],[18.6164895,-34.0449858],[18.6169756,-34.0459942],[18.6173042,-34.0466566],[18.6178876,-34.0478533],[18.6186185,-34.0493512],[18.6190719,-34.0502869],[18.6194768,-34.0511224],[18.6197822,-34.051756],[18.6203686,-34.0529407],[18.62066,-34.0535523],[18.6209033,-34.0540506],[18.6211535,-34.0545536],[18.6214321,-34.0551369],[18.6217077,-34.0556897],[18.6222153,-34.0567413],[18.6223198,-34.0569528],[18.6224179,-34.0571729],[18.6224909,-34.0573496],[18.6225553,-34.0575207],[18.6226103,-34.0576607],[18.6227081,-34.0579825],[18.6227757,-34.0582454],[18.6228022,-34.0583827],[18.6228401,-34.0585876],[18.6228788,-34.0589373],[18.6228896,-34.0591048],[18.6228909,-34.059312],[18.6228862,-34.0594765],[18.6228741,-34.0596642],[18.6228585,-34.0598163],[18.6228103,-34.0601303],[18.6227627,-34.0603595],[18.6227097,-34.0605617],[18.6225883,-34.0609717],[18.6224777,-34.0613277],[18.6221866,-34.0622722],[18.6221055,-34.0625399],[18.6219774,-34.0629509],[18.6218252,-34.0634403],[18.6217257,-34.0637637],[18.6216875,-34.0638893],[18.6216245,-34.0640987],[18.6215265,-34.0644085],[18.6214873,-34.0645809],[18.6214603,-34.0647152],[18.6214228,-34.0648884],[18.6217279,-34.0639055],[18.6217666,-34.0637793],[18.6218669,-34.0634532],[18.621954,-34.0631738],[18.6220566,-34.0628394],[18.622147,-34.0625456],[18.6221763,-34.0624503],[18.6222273,-34.0622831],[18.6223245,-34.0619706],[18.6223936,-34.061747],[18.622519,-34.0613434],[18.6226387,-34.0609529],[18.6227329,-34.0606404],[18.6227775,-34.0604715],[18.6228244,-34.0602788],[18.6228432,-34.0601918],[18.6228593,-34.0601046],[18.6228744,-34.0600093],[18.6228978,-34.0598546],[18.6229119,-34.0597141],[18.622922,-34.0595852],[18.6229304,-34.0594513],[18.6229324,-34.0593449],[18.622932,-34.0592175],[18.6229317,-34.0591014],[18.622921,-34.0589039],[18.6229089,-34.0588111],[18.6228835,-34.0585872],[18.6228411,-34.0583386],[18.622801,-34.0581494],[18.6227436,-34.0579264],[18.6227181,-34.0578436],[18.6226722,-34.0576823],[18.6226306,-34.057552],[18.6225797,-34.0574075],[18.6225243,-34.0572586],[18.6224623,-34.0571056],[18.6223809,-34.0569242],[18.6222826,-34.056717],[18.6221599,-34.0564595],[18.6217766,-34.055667],[18.6215085,-34.055127],[18.6212254,-34.0545323],[18.6209798,-34.0540434],[18.6208221,-34.053723],[18.6207142,-34.053494],[18.6198586,-34.0517481],[18.6194072,-34.0508052],[18.6191363,-34.0502623],[18.6194072,-34.0508052],[18.6198586,-34.0517481],[18.6207142,-34.053494],[18.6208221,-34.053723],[18.6209798,-34.0540434],[18.6212254,-34.0545323],[18.6215085,-34.055127],[18.6217766,-34.055667],[18.6221599,-34.0564595],[18.6222826,-34.056717],[18.6223809,-34.0569242],[18.6224623,-34.0571056],[18.6225243,-34.0572586],[18.6225797,-34.0574075],[18.6226306,-34.057552],[18.6226722,-34.0576823],[18.6227181,-34.0578436],[18.6227436,-34.0579264],[18.622801,-34.0581494],[18.6228411,-34.0583386],[18.6228835,-34.0585872],[18.6229089,-34.0588111],[18.622921,-34.0589039],[18.6229317,-34.0591014],[18.622932,-34.0592175],[18.6229324,-34.0593449],[18.6229304,-34.0594513],[18.622922,-34.0595852],[18.6229119,-34.0597141],[18.6228978,-34.0598546],[18.6228744,-34.0600093],[18.6228593,-34.0601046],[18.6228432,-34.0601918],[18.6228244,-34.0602788],[18.6227775,-34.0604715],[18.6227329,-34.0606404],[18.6226387,-34.0609529],[18.622519,-34.0613434],[18.6223936,-34.061747],[18.6223245,-34.0619706],[18.6222273,-34.0622831],[18.6221763,-34.0624503],[18.622147,-34.0625456],[18.6220566,-34.0628394],[18.621954,-34.0631738],[18.6218669,-34.0634532],[18.6217666,-34.0637793],[18.6217279,-34.0639055],[18.6214228,-34.0648884],[18.6214014,-34.0649526],[18.6213417,-34.065164],[18.6212985,-34.0652544],[18.6212623,-34.065341],[18.6212227,-34.0654349],[18.6211621,-34.0655924],[18.6210528,-34.0659447],[18.6207227,-34.0670215],[18.6205517,-34.0675682],[18.6207227,-34.0670215],[18.6210528,-34.0659447],[18.6211621,-34.0655924],[18.6212433,-34.0653286],[18.6213271,-34.0650511],[18.6213605,-34.064943],[18.6214112,-34.0647786],[18.6215265,-34.0644085],[18.6216245,-34.0640987],[18.6216875,-34.0638893],[18.6217257,-34.0637637],[18.6218252,-34.0634403],[18.6219774,-34.0629509],[18.6221055,-34.0625399],[18.6221866,-34.0622722],[18.6224777,-34.0613277],[18.6225883,-34.0609717],[18.6227097,-34.0605617],[18.6227627,-34.0603595],[18.6228103,-34.0601303],[18.6228585,-34.0598163],[18.6228741,-34.0596642],[18.6228862,-34.0594765],[18.6228909,-34.059312],[18.6228896,-34.0591048],[18.6228788,-34.0589373],[18.6228401,-34.0585876],[18.6228022,-34.0583827],[18.6227757,-34.0582454],[18.6227081,-34.0579825],[18.6226103,-34.0576607],[18.6225553,-34.0575207],[18.6224909,-34.0573496],[18.6224179,-34.0571729],[18.6223198,-34.0569528],[18.6222153,-34.0567413],[18.6217077,-34.0556897],[18.6214321,-34.0551369],[18.6211535,-34.0545536],[18.6209033,-34.0540506],[18.62066,-34.0535523],[18.6203686,-34.0529407],[18.6197822,-34.051756],[18.6194768,-34.0511224],[18.6190719,-34.0502869],[18.6186185,-34.0493512],[18.6178876,-34.0478533],[18.6173042,-34.0466566],[18.6169756,-34.0459942],[18.6164895,-34.0449858],[18.6159765,-34.0439312],[18.6153381,-34.0426255],[18.6148963,-34.0417143],[18.6143605,-34.0406302],[18.6140265,-34.0399456],[18.6134217,-34.0386966],[18.6131964,-34.0382464],[18.6129349,-34.0376974],[18.612223,-34.0362472],[18.6116488,-34.035068],[18.6114135,-34.0345965],[18.6111914,-34.0341211],[18.6107368,-34.0331909],[18.6104914,-34.0326874],[18.6104026,-34.0325048],[18.6100233,-34.031725],[18.6098169,-34.0313011],[18.6094755,-34.0305996],[18.6086651,-34.0289571],[18.6081861,-34.0279687],[18.608029,-34.027637],[18.6079337,-34.0274357],[18.6078225,-34.0272345],[18.6076844,-34.0269838],[18.6075463,-34.0267498],[18.6073918,-34.0265023],[18.6073511,-34.026437],[18.6069448,-34.0257973],[18.6065981,-34.0252482],[18.6065257,-34.0251354],[18.6061374,-34.0245302],[18.605768,-34.0239506],[18.6051647,-34.0230043],[18.6050692,-34.0228546],[18.6048687,-34.0225381],[18.6047499,-34.0223504],[18.6041928,-34.0214707],[18.6039011,-34.0210166],[18.6036926,-34.0206843],[18.6034378,-34.0202925],[18.6031481,-34.0198279],[18.6029998,-34.0196018],[18.6028804,-34.0194061],[18.602772,-34.019237],[18.6026566,-34.0190559],[18.602457,-34.0187403],[18.6023902,-34.0186346],[18.6022784,-34.0184673],[18.6021208,-34.0182188],[18.6019903,-34.0180045],[18.6018519,-34.0177992],[18.6017274,-34.0175916],[18.6015925,-34.0173785],[18.6013135,-34.0169483],[18.6011674,-34.0167076],[18.6010252,-34.0164908],[18.6008682,-34.0162502],[18.6007455,-34.0160801],[18.6006697,-34.0159773],[18.6005598,-34.0158369],[18.6004579,-34.0157183],[18.6003465,-34.0155921],[18.600247,-34.0154796],[18.6001332,-34.0153587],[18.6000086,-34.0152319],[18.5999083,-34.0151336],[18.5997652,-34.0150001],[18.59959,-34.014847],[18.5994426,-34.0147245],[18.5992052,-34.0145361],[18.5990336,-34.014411],[18.5988995,-34.0143243],[18.5987701,-34.0142365],[18.5986617,-34.0141717],[18.5985797,-34.0141196],[18.5984752,-34.0140581],[18.598336,-34.0139785],[18.5981552,-34.0138808],[18.597971,-34.0137868],[18.597779,-34.0136885],[18.5975913,-34.0136056],[18.5974397,-34.01354],[18.5972948,-34.0134806],[18.5971279,-34.0134166],[18.5969717,-34.0133588],[18.5967738,-34.0132916],[18.5964493,-34.0131916],[18.5961234,-34.0131049],[18.5959276,-34.0130615],[18.5956399,-34.0130031],[18.5953992,-34.0129598],[18.5952309,-34.012932],[18.5949835,-34.0128986],[18.5948239,-34.0128808],[18.5945858,-34.012858],[18.5945716,-34.012857],[18.5944142,-34.0128458],[18.5941996,-34.0128347],[18.5938087,-34.0128224],[18.5936216,-34.0128236],[18.5934352,-34.0128269],[18.5932206,-34.012838],[18.5928954,-34.012858],[18.5924622,-34.0128903],[18.591791,-34.0129359],[18.5912041,-34.0129835],[18.5910075,-34.0129967],[18.5907394,-34.0129965],[18.5906187,-34.012996],[18.5905332,-34.0129971],[18.5903257,-34.0130071],[18.590221,-34.0130145],[18.5900519,-34.0130181],[18.589924,-34.013017],[18.5897539,-34.0130194],[18.5895936,-34.0130212],[18.5893646,-34.013028],[18.5898909,-34.0129855],[18.5903495,-34.012957],[18.5906047,-34.0129259],[18.5907212,-34.012911],[18.5909898,-34.0128766],[18.5911519,-34.0128597],[18.591479,-34.0128417],[18.5917968,-34.0128182],[18.59244,-34.0127686],[18.5928806,-34.0127374],[18.5932152,-34.0127158],[18.5934298,-34.012704],[18.5936243,-34.0127002],[18.5938027,-34.0126974],[18.5941781,-34.0127057],[18.5943585,-34.0127152],[18.5945349,-34.0127258],[18.5946226,-34.012733],[18.5947696,-34.0127452],[18.5949902,-34.012768],[18.5951853,-34.0127925],[18.5954797,-34.0128375],[18.5957023,-34.0128769],[18.5959383,-34.0129259],[18.5961502,-34.0129742],[18.596405,-34.0130404],[18.5966203,-34.0130949],[18.5968369,-34.0131587],[18.5971882,-34.0132811],[18.597502,-34.0134017],[18.5978086,-34.0135313],[18.5981093,-34.0136636],[18.5986181,-34.0138905],[18.5989801,-34.0140459],[18.5991841,-34.0141211],[18.5993828,-34.0141926],[18.59959,-34.0142598],[18.5998019,-34.0143209],[18.5999957,-34.0143722],[18.6001767,-34.0144146],[18.6003512,-34.0144502],[18.6005076,-34.0144792],[18.6007484,-34.0145181],[18.6009314,-34.014542],[18.6011601,-34.0145648],[18.6014726,-34.0145865],[18.6017099,-34.0145949],[18.6020258,-34.0145937],[18.6023329,-34.014581],[18.6028003,-34.0145515],[18.6032871,-34.014512],[18.6037149,-34.0144765],[18.604018,-34.0144525],[18.6042916,-34.0144308],[18.6045537,-34.0144059],[18.6048951,-34.014362],[18.6050487,-34.0143381],[18.6055866,-34.014253],[18.6059398,-34.0141924],[18.6061045,-34.0141647],[18.6069156,-34.0140287],[18.6075952,-34.0139147],[18.6079017,-34.0138663],[18.608131,-34.0138396],[18.6082772,-34.0138235],[18.6084763,-34.013808],[18.6086721,-34.0138002],[18.6088887,-34.0137952],[18.6090584,-34.0137963],[18.6092629,-34.0138052],[18.6095251,-34.0138241],[18.6097363,-34.013848],[18.6099261,-34.0138758],[18.6101051,-34.0139052],[18.6103043,-34.0139441],[18.6104732,-34.0139841],[18.6106518,-34.0140285],[18.6109267,-34.0141113],[18.6112398,-34.0142208],[18.611547,-34.0143486],[18.6116992,-34.0144187],[18.6119607,-34.0145471],[18.6122463,-34.0147144],[18.6123731,-34.0147905],[18.6124854,-34.0148579],[18.6127219,-34.0150139],[18.6129769,-34.0151686],[18.613102,-34.0152457],[18.6132977,-34.0153574],[18.6134014,-34.0154153],[18.6135967,-34.0155432],[18.613651,-34.0155771],[18.6137301,-34.0156327],[18.6138656,-34.0157294],[18.6141067,-34.0158816],[18.6141809,-34.0159235],[18.614555,-34.0161361],[18.6149969,-34.0163929],[18.6154227,-34.0166347],[18.6157386,-34.0168156],[18.6163984,-34.0171908],[18.6168557,-34.0174531],[18.6172973,-34.0177067],[18.617507,-34.0178271],[18.6179792,-34.0180966],[18.6183342,-34.01829],[18.6186095,-34.0184267],[18.6188301,-34.0185251],[18.6189503,-34.0185765],[18.6191369,-34.0186516],[18.6193468,-34.0187305],[18.6197005,-34.0188452],[18.6198635,-34.0188903],[18.6199905,-34.0189253],[18.6201356,-34.018962],[18.6203326,-34.0190043],[18.6205672,-34.0190537],[18.6207665,-34.019085],[18.6209476,-34.0191142],[18.6211385,-34.0191373],[18.6213488,-34.0191585],[18.6215481,-34.0191706],[18.621818,-34.0191837],[18.6220477,-34.0191847],[18.6221863,-34.0191867],[18.6224598,-34.0191817],[18.623019,-34.0191484],[18.6245613,-34.0190526],[18.6253395,-34.0190043],[18.6261673,-34.018952],[18.6265903,-34.0189147],[18.6271774,-34.0188421],[18.6277645,-34.0187686],[18.6281304,-34.0187263],[18.6284586,-34.018693],[18.6290275,-34.0186406],[18.6321559,-34.018385],[18.6326547,-34.0183395],[18.6355294,-34.0180962],[18.6381236,-34.0178816],[18.6406689,-34.0176679],[18.6455948,-34.0172585],[18.6469062,-34.0171483],[18.6479027,-34.0170633],[18.6482708,-34.0170319],[18.6491494,-34.016961]]}}]}