{"type":"FeatureCollection","properties":{"region":"KZN","generatedAt":"2026-08-04T16:21:38.371Z","attribution":"© OpenStreetMap contributors","license":"ODbL"},"features":[{"type":"Feature","properties":{"routeId":"kzn-umlazi","source":"OpenStreetMap","license":"ODbL","stations":15},"geometry":{"type":"LineString","coordinates":[[31.024811,-29.8392475],[31.0248403,-29.8391642],[31.0248727,-29.8390615],[31.0249871,-29.8386916],[31.025114,-29.838262],[31.0251527,-29.8381315],[31.0251365,-29.8382592],[31.0251248,-29.8383447],[31.0250668,-29.8386135],[31.0250429,-29.83869],[31.0249269,-29.839071],[31.0248917,-29.8391898],[31.024826,-29.8393806],[31.0247281,-29.8396155],[31.0246523,-29.8397784],[31.0245746,-29.8399488],[31.0244132,-29.8403246],[31.0240988,-29.8409778],[31.0236893,-29.8417851],[31.0235206,-29.8421296],[31.0234861,-29.8422001],[31.0232352,-29.842702],[31.0230149,-29.84313],[31.0229471,-29.8432696],[31.0228819,-29.8434066],[31.0228237,-29.843544],[31.0227683,-29.8436968],[31.0224245,-29.8447601],[31.0219978,-29.8460868],[31.0219353,-29.8462979],[31.0218808,-29.8465132],[31.0217313,-29.8471126],[31.021584,-29.8477118],[31.0215124,-29.847943],[31.0214243,-29.8482434],[31.0213937,-29.8483551],[31.02137,-29.8484731],[31.0213385,-29.8486368],[31.021317,-29.8487349],[31.0212854,-29.8489119],[31.0212513,-29.8490785],[31.0212239,-29.849189],[31.0211932,-29.8493003],[31.0211521,-29.8494275],[31.021085,-29.8495979],[31.0210018,-29.8497846],[31.0207766,-29.8502668],[31.0206647,-29.8505112],[31.0205301,-29.8507488],[31.0205225,-29.8507603],[31.0203917,-29.8509996],[31.0202023,-29.8514044],[31.0200764,-29.8516601],[31.0199666,-29.8518474],[31.0198344,-29.8520336],[31.0196985,-29.8522025],[31.0196053,-29.8523053],[31.0195142,-29.8523953],[31.0193855,-29.8524947],[31.0192501,-29.8525883],[31.0190003,-29.8527205],[31.0186259,-29.8528892],[31.0184008,-29.8529717],[31.0181232,-29.8530364],[31.0178657,-29.8530828],[31.0170684,-29.8532055],[31.0162859,-29.8533352],[31.0158098,-29.8534112],[31.0156146,-29.8534515],[31.0154483,-29.853493],[31.0152975,-29.8535416],[31.0151707,-29.8535887],[31.0150346,-29.8536527],[31.014962,-29.8536935],[31.0148221,-29.8537684],[31.0145753,-29.8539261],[31.01447,-29.8540034],[31.0143621,-29.854104],[31.0142427,-29.8542141],[31.0141387,-29.8543144],[31.0137033,-29.8547711],[31.0132377,-29.855264],[31.0131494,-29.8553667],[31.0130788,-29.8554548],[31.0129961,-29.8555787],[31.0129044,-29.8557181],[31.0128262,-29.8558541],[31.0127582,-29.8559982],[31.0124854,-29.8566398],[31.0122343,-29.8572535],[31.0120835,-29.8576381],[31.0119675,-29.857926],[31.0119253,-29.8580551],[31.0118964,-29.8581522],[31.0118716,-29.8582429],[31.0118589,-29.8583226],[31.0118421,-29.8584104],[31.0118307,-29.8584977],[31.01182,-29.858607],[31.0118186,-29.8587082],[31.0118124,-29.8588538],[31.0118172,-29.8590028],[31.0118399,-29.8592819],[31.0118579,-29.8595315],[31.0118763,-29.8597892],[31.0118955,-29.860023],[31.0119143,-29.8601554],[31.0119381,-29.8602906],[31.011956,-29.8604468],[31.0119631,-29.8606208],[31.011967,-29.8607539],[31.0119614,-29.8608718],[31.0119523,-29.8609762],[31.011932,-29.8611078],[31.0118989,-29.8612803],[31.0118353,-29.8615957],[31.0117103,-29.862156],[31.0116223,-29.8625316],[31.0115893,-29.8626783],[31.0115337,-29.862844],[31.0115015,-29.8629277],[31.0114659,-29.8629975],[31.0114156,-29.8630888],[31.0113714,-29.8631621],[31.0113037,-29.8632511],[31.0111582,-29.8634255],[31.0109865,-29.8636017],[31.0107045,-29.863886],[31.0102538,-29.8643446],[31.0098954,-29.8647103],[31.0095307,-29.8650822],[31.0090399,-29.8655614],[31.0085913,-29.8659719],[31.0081433,-29.866358],[31.0076791,-29.8667804],[31.0074741,-29.8669744],[31.0069295,-29.8674828],[31.0063791,-29.8679967],[31.0059099,-29.8684273],[31.0054692,-29.8688462],[31.0052142,-29.8690887],[31.0048462,-29.8694533],[31.004407,-29.8698906],[31.0039807,-29.870303],[31.0037706,-29.8705146],[31.0030358,-29.8712426],[31.0020131,-29.8722471],[31.0010164,-29.8732291],[31.0004525,-29.8737823],[31.0000985,-29.8741369],[30.9992183,-29.8750041],[30.9989445,-29.8752681],[30.9987932,-29.8754075],[30.9984192,-29.8757452],[30.9982042,-29.875938],[30.9980494,-29.8760786],[30.9979664,-29.8761604],[30.997889,-29.8762395],[30.9978027,-29.8763297],[30.9977028,-29.8764495],[30.9976002,-29.8765796],[30.9973124,-29.8769585],[30.9967755,-29.8776815],[30.9964563,-29.8781156],[30.9961583,-29.8785545],[30.995881,-29.8789612],[30.9957034,-29.8792206],[30.9955123,-29.879509],[30.9953123,-29.8798188],[30.9952444,-29.8799157],[30.9950669,-29.8801653],[30.9949509,-29.8803124],[30.9948181,-29.8804665],[30.9946539,-29.8806368],[30.9945211,-29.8807659],[30.9942663,-29.8809737],[30.9940014,-29.8812054],[30.9937106,-29.8814421],[30.9927422,-29.882253],[30.9919408,-29.8829101],[30.9916418,-29.8831623],[30.9904246,-29.8841709],[30.9893072,-29.8850966],[30.988561,-29.8857182],[30.9883433,-29.8859124],[30.9881228,-29.8861234],[30.9871299,-29.8870839],[30.986632,-29.8875612],[30.9864156,-29.8877791],[30.9862257,-29.8879523],[30.986072,-29.8881125],[30.9858576,-29.8883403],[30.9856531,-29.8885759],[30.9854124,-29.8888794],[30.985262,-29.8890795],[30.9850722,-29.8893637],[30.9848889,-29.8896579],[30.9846291,-29.8900896],[30.9844613,-29.8903757],[30.9843651,-29.8905396],[30.9842694,-29.8907141],[30.984184,-29.8908758],[30.9841177,-29.8910027],[30.9840411,-29.8911531],[30.983862,-29.8915648],[30.9836512,-29.892151],[30.9834281,-29.8928812],[30.9833128,-29.8932021],[30.9832437,-29.8933951],[30.9831204,-29.8936887],[30.9829165,-29.8941235],[30.9828045,-29.8944153],[30.9827433,-29.8946173],[30.9826424,-29.8948346],[30.982492,-29.8951641],[30.9824071,-29.8953469],[30.9821809,-29.8958338],[30.9820061,-29.8962081],[30.9818374,-29.8965682],[30.9816552,-29.8969627],[30.9813046,-29.8977033],[30.9810541,-29.8982459],[30.9806726,-29.8990629],[30.9805401,-29.89934],[30.9803161,-29.8998106],[30.9801412,-29.9002022],[30.9798904,-29.9007259],[30.9797,-29.9011377],[30.9794698,-29.9016327],[30.9794276,-29.9017401],[30.9793911,-29.90184],[30.9793657,-29.9019312],[30.9793435,-29.9020272],[30.9793317,-29.9020994],[30.9792419,-29.9027036],[30.9791849,-29.9029251],[30.9791473,-29.9030425],[30.9791191,-29.9031279],[30.9787298,-29.9041262],[30.9785389,-29.9045873],[30.9784502,-29.9047471],[30.9783453,-29.9049087],[30.9782496,-29.9050329],[30.9780448,-29.9052565],[30.9778754,-29.9054128],[30.9776798,-29.9055709],[30.9773127,-29.9057992],[30.9768749,-29.9060007],[30.975755,-29.9064476],[30.9755287,-29.9065485],[30.9752861,-29.9066742],[30.9751247,-29.9067808],[30.9748202,-29.9070706],[30.9747052,-29.9072013],[30.9746325,-29.907298],[30.97456,-29.9073991],[30.97437,-29.9077037],[30.9743125,-29.9078361],[30.9742756,-29.9079471],[30.9742352,-29.9081052],[30.974213,-29.9082897],[30.9742088,-29.9084776],[30.9742166,-29.9086716],[30.9742664,-29.9094497],[30.9742854,-29.9097242],[30.9743022,-29.9099985],[30.9743189,-29.9101876],[30.9743376,-29.9103215],[30.9743699,-29.9105027],[30.9744134,-29.9106997],[30.9744643,-29.9108949],[30.9747545,-29.9117359],[30.9748247,-29.9119376],[30.9750695,-29.9126285],[30.9752825,-29.913232],[30.9753456,-29.9134221],[30.9754226,-29.913658],[30.9754884,-29.9138886],[30.9756664,-29.9145478],[30.9757356,-29.914779],[30.9758306,-29.915101],[30.9759091,-29.91534],[30.9759518,-29.9154866],[30.976008,-29.9156315],[30.9760348,-29.9156941],[30.9760857,-29.9158055],[30.9761388,-29.9159229],[30.9761964,-29.9160437],[30.9762539,-29.9161663],[30.976309,-29.9162839],[30.9763487,-29.9163678],[30.9764022,-29.9164857],[30.9764764,-29.9166433],[30.9764997,-29.9166991],[30.9765601,-29.9168786],[30.9762286,-29.9157262],[30.9765601,-29.9168786],[30.9764997,-29.9166991],[30.9764764,-29.9166433],[30.9764022,-29.9164857],[30.9763487,-29.9163678],[30.976309,-29.9162839],[30.9762539,-29.9161663],[30.9761964,-29.9160437],[30.9761388,-29.9159229],[30.9760857,-29.9158055],[30.9760348,-29.9156941],[30.976008,-29.9156315],[30.9759518,-29.9154866],[30.9759091,-29.91534],[30.9758306,-29.915101],[30.9757356,-29.914779],[30.9756664,-29.9145478],[30.9754884,-29.9138886],[30.9754226,-29.913658],[30.9753456,-29.9134221],[30.9752825,-29.913232],[30.9750695,-29.9126285],[30.9748247,-29.9119376],[30.9750695,-29.9126285],[30.9752825,-29.913232],[30.9753456,-29.9134221],[30.9754226,-29.913658],[30.9754884,-29.9138886],[30.9756664,-29.9145478],[30.9757356,-29.914779],[30.9758306,-29.915101],[30.9759091,-29.91534],[30.9759518,-29.9154866],[30.9760597,-29.9158353],[30.9761147,-29.9160248],[30.9761518,-29.916187],[30.976168,-29.9162669],[30.9761928,-29.9164206],[30.9762069,-29.9164859],[30.9762392,-29.9166155],[30.9762852,-29.9167789],[30.9763262,-29.9169412],[30.9763656,-29.9171442],[30.9763905,-29.9172993],[30.9764057,-29.9174318],[30.976423,-29.9177005],[30.9764279,-29.917873],[30.9764202,-29.918056],[30.9764039,-29.9182485],[30.976384,-29.9183968],[30.9763643,-29.9185241],[30.976328,-29.9187002],[30.9762951,-29.9188369],[30.976205,-29.9191214],[30.9761259,-29.9193603],[30.9757991,-29.9202738],[30.9756265,-29.9207677],[30.9754789,-29.9211772],[30.9752676,-29.9217786],[30.9751649,-29.9220666],[30.9749583,-29.9226636],[30.9747855,-29.9231413],[30.9747115,-29.9233329],[30.9746472,-29.9234803],[30.9745353,-29.9237262],[30.9744449,-29.9239009],[30.9743739,-29.9240237],[30.9742704,-29.9241995],[30.9741932,-29.9243161],[30.974104,-29.9244489],[30.9739218,-29.9246891],[30.9737122,-29.9249526],[30.9729818,-29.9258534],[30.9727895,-29.9260974],[30.9723512,-29.9266386],[30.9717585,-29.9273674],[30.9714869,-29.9277079],[30.9708256,-29.9285675],[30.970571,-29.9288952],[30.970398,-29.9291174],[30.9700687,-29.9295367],[30.9699071,-29.9297465],[30.9695481,-29.930203],[30.9691337,-29.9307325],[30.9684668,-29.9315843],[30.967624,-29.9326625],[30.9672755,-29.9331066],[30.9670066,-29.9334499],[30.9667772,-29.9337433],[30.966181,-29.9345042],[30.965854,-29.9349238],[30.9656381,-29.9351981],[30.9654292,-29.935464],[30.9651637,-29.9358063],[30.9649109,-29.9361273],[30.9644404,-29.936727],[30.9639587,-29.9373429],[30.9635004,-29.9379287],[30.9634265,-29.9380217],[30.9631239,-29.938412],[30.9629208,-29.9386695],[30.9627826,-29.9388462],[30.9626806,-29.9389767],[30.9624623,-29.9392545],[30.9621178,-29.9396931],[30.9617886,-29.9401171],[30.96132,-29.9407173],[30.9609702,-29.941162],[30.960439,-29.94184],[30.9602427,-29.9420866],[30.9601406,-29.9422118],[30.9600278,-29.9423417],[30.9599239,-29.94246],[30.9597815,-29.9426112],[30.9595804,-29.942819],[30.9593118,-29.9430878],[30.9591012,-29.943309],[30.9588531,-29.9435851],[30.9583001,-29.9442901],[30.9581463,-29.9444901],[30.957816,-29.9449445],[30.9576583,-29.9451719],[30.9575187,-29.9454042],[30.9574617,-29.9455141],[30.9574207,-29.945591],[30.9573658,-29.9456809],[30.9573302,-29.945737],[30.9572644,-29.9458302],[30.9571978,-29.9459181],[30.9571153,-29.9460249],[30.9569718,-29.9462043],[30.956891,-29.9463096],[30.956801,-29.9464259],[30.9567522,-29.9464863],[30.9566372,-29.9466481],[30.9565191,-29.9468367],[30.9563728,-29.9470563],[30.9562089,-29.9472687],[30.9559899,-29.9475473],[30.955878,-29.9476772],[30.9557012,-29.9478642],[30.9553901,-29.9481686],[30.955096,-29.948444],[30.9544923,-29.9490271],[30.953765,-29.9497251],[30.9532181,-29.9502531],[30.9528807,-29.9505675],[30.9521475,-29.9512706],[30.9518646,-29.9515422],[30.9512191,-29.9521609],[30.9510122,-29.9523618],[30.9502816,-29.953067],[30.949812,-29.9535135],[30.9493645,-29.95394],[30.9490335,-29.9542559],[30.9488951,-29.9543929],[30.9488041,-29.9544728],[30.9484868,-29.9547761],[30.9482408,-29.955022],[30.9479339,-29.9553204],[30.9473381,-29.9558911],[30.9464162,-29.9567758],[30.9453301,-29.957818],[30.9451091,-29.9580308],[30.9448429,-29.9582863],[30.9446744,-29.9584483],[30.9444508,-29.9586612],[30.9441746,-29.9589274],[30.9438817,-29.9592229],[30.9437456,-29.9593701],[30.9436117,-29.9595219],[30.943482,-29.9596806],[30.9433609,-29.9598412],[30.9432347,-29.9600147],[30.9429896,-29.9603748],[30.9425011,-29.9611048],[30.9423163,-29.9613787],[30.9420738,-29.9617402],[30.9418649,-29.9620521],[30.9415842,-29.9624726],[30.9413814,-29.9627728],[30.9411623,-29.9630953],[30.9409123,-29.963471],[30.9406209,-29.9639069],[30.9403885,-29.9642506],[30.9402598,-29.9644477],[30.93999,-29.9648375],[30.9395372,-29.9654546],[30.9392075,-29.9659421],[30.9391693,-29.9659981],[30.938929,-29.9663142],[30.9386846,-29.966626],[30.938404,-29.9670141],[30.9382899,-29.9671461],[30.9381806,-29.9672588],[30.938076,-29.9673575],[30.9378857,-29.967526],[30.9377036,-29.9676648],[30.9375598,-29.9677646],[30.9373655,-29.9679223],[30.9372015,-29.9680598],[30.9370148,-29.9682204],[30.9369052,-29.9683081],[30.9367883,-29.968397],[30.936614,-29.9685108],[30.936476,-29.9685903],[30.9363396,-29.9686554],[30.9361715,-29.9687322],[30.935998,-29.9687957],[30.9358665,-29.9688445],[30.9355433,-29.9689421],[30.9351256,-29.9690641],[30.9338321,-29.9694448],[30.9333008,-29.9696007],[30.9328497,-29.9697321],[30.9321463,-29.9699389],[30.9304954,-29.9704217],[30.9294594,-29.9707243],[30.9291261,-29.9708225],[30.9289625,-29.9708608],[30.9287808,-29.970898],[30.9286487,-29.970923],[30.92853,-29.9709427],[30.9283885,-29.9709578],[30.928186,-29.9709671],[30.9280311,-29.9709683],[30.9278011,-29.9709567],[30.9276261,-29.9709357],[30.9274203,-29.9709044],[30.9272037,-29.9708544],[30.9270528,-29.9708091],[30.9268443,-29.9707371],[30.9266847,-29.970672],[30.926513,-29.9705919],[30.9263682,-29.9705222],[30.9261261,-29.9703897],[30.9258379,-29.9702127],[30.9256104,-29.9700522],[30.925428,-29.9699156],[30.9252766,-29.9697933],[30.9251393,-29.9696737],[30.9250041,-29.9695477],[30.9248697,-29.9694088],[30.9247448,-29.9692744],[30.9246397,-29.969165],[30.9244219,-29.968876],[30.9243277,-29.9687435],[30.9241383,-29.9684405],[30.9237774,-29.9678359],[30.9236276,-29.9675671],[30.9233735,-29.9671355],[30.9232423,-29.9669258],[30.9231628,-29.9667977],[30.922888,-29.9664262],[30.9227117,-29.9662122],[30.9224945,-29.9659782],[30.9223606,-29.9658445],[30.9219779,-29.9654994],[30.9215941,-29.9652147],[30.921208,-29.9649772],[30.920917,-29.964824],[30.9207117,-29.9647194],[30.9204591,-29.9646068],[30.9201199,-29.9644688],[30.919834,-29.9643788],[30.9195261,-29.9642731],[30.9183707,-29.9639091],[30.9176586,-29.9636844],[30.9166114,-29.9633545],[30.9158622,-29.9631156],[30.9155373,-29.9630098],[30.9152377,-29.9629186],[30.9149359,-29.9628367],[30.9145624,-29.9627577],[30.914374,-29.9627223],[30.9141688,-29.9626915],[30.9140179,-29.9626729],[30.9138389,-29.9626549],[30.9136847,-29.9626496],[30.9134929,-29.9626514],[30.913344,-29.9626589],[30.913175,-29.9626752],[30.9130195,-29.9626961],[30.9128311,-29.9627343],[30.9126012,-29.9627916],[30.9123934,-29.9628523],[30.9121695,-29.9629479],[30.9119975,-29.9630243],[30.9117896,-29.9631495],[30.9116176,-29.9632642],[30.9114506,-29.9633955],[30.9113257,-29.9634954],[30.9111957,-29.9636276],[30.9110637,-29.9637736],[30.9109396,-29.9639371],[30.9108155,-29.9641441],[30.9106766,-29.964403],[30.9106113,-29.9645703],[30.9105552,-29.9647547],[30.9105091,-29.9649373],[30.9104526,-29.965393],[30.9103682,-29.9663051],[30.9102751,-29.9672871],[30.9101837,-29.9682782],[30.9101012,-29.9692424],[30.9100731,-29.9695515],[30.910057,-29.96967],[30.9100281,-29.9698791],[30.9099966,-29.9700249],[30.9099651,-29.9701411],[30.9099067,-29.9703292],[30.9096725,-29.9707849],[30.9095864,-29.9709136],[30.9094997,-29.9710188],[30.9093737,-29.971164],[30.9092322,-29.9713005],[30.9091477,-29.971383],[30.909019,-29.9714853],[30.9088567,-29.9716038],[30.9086803,-29.9717147],[30.908506,-29.9718071],[30.9083578,-29.9718791],[30.9081984,-29.9719495],[30.9079548,-29.9720282],[30.9077201,-29.9720865],[30.9074961,-29.9721306],[30.9073573,-29.9721475],[30.9071629,-29.9721684],[30.9068888,-29.9721934],[30.9056711,-29.9722882],[30.904808,-29.9723509],[30.9041101,-29.9724016],[30.9027713,-29.9725027],[30.9011091,-29.972622],[30.9006021,-29.9726422],[30.8997881,-29.972661],[30.8988158,-29.9726714],[30.8982097,-29.9726778],[30.8978952,-29.9726778],[30.8977101,-29.972672],[30.897578,-29.972665],[30.8974265,-29.9726499],[30.8972367,-29.9726232],[30.8970181,-29.9725779],[30.8968357,-29.9725285],[30.8966801,-29.972478],[30.8965112,-29.9724123],[30.8963314,-29.9723332],[30.8962263,-29.9722797],[30.8960514,-29.9721741],[30.8959084,-29.9720803],[30.8957979,-29.9720015],[30.8956218,-29.971853],[30.8954545,-29.9716999],[30.8953158,-29.9715667],[30.8944013,-29.9706382],[30.8939874,-29.9702191],[30.8937291,-29.9699525],[30.8935776,-29.9697757],[30.893481,-29.9696505],[30.8933451,-29.9694375],[30.8932388,-29.9692375],[30.8931671,-29.9690669],[30.8931156,-29.9689304],[30.8930799,-29.968801],[30.8930404,-29.9686151],[30.8930155,-29.9684697],[30.8930059,-29.9682824],[30.8930041,-29.968119],[30.893018,-29.9679521],[30.8930278,-29.9678145],[30.8931379,-29.9668691],[30.8932543,-29.9658959],[30.8933046,-29.9654131],[30.8933648,-29.9649355],[30.8934508,-29.9641569],[30.8934769,-29.9637801],[30.8934789,-29.9636349],[30.8934762,-29.9634682],[30.8934646,-29.9632086],[30.8934076,-29.9630367],[30.8928462,-29.9616817],[30.8927675,-29.9615749],[30.8926602,-29.9614436],[30.8925415,-29.96131],[30.8924208,-29.9611903],[30.8922815,-29.9610646],[30.892174,-29.9609736],[30.892058,-29.9608807],[30.891944,-29.9607982],[30.8918294,-29.9607174],[30.891702,-29.9606373],[30.891596,-29.9605699],[30.891427,-29.960481],[30.8912393,-29.960388],[30.8910221,-29.9602936],[30.8908565,-29.9602139],[30.8905455,-29.9600768],[30.8898982,-29.9597885],[30.8894455,-29.9595892],[30.8886469,-29.9592356],[30.8868027,-29.9584114],[30.8863603,-29.9582249],[30.8859911,-29.9580715],[30.8858272,-29.9580034],[30.8854692,-29.957883],[30.885207,-29.9578033],[30.884924,-29.9577197],[30.8846759,-29.9576564],[30.8845069,-29.9576163],[30.8842286,-29.9575559],[30.8836466,-29.9574351],[30.8826447,-29.9572346],[30.8809892,-29.9568941],[30.8806983,-29.9568432],[30.8805002,-29.956816],[30.8803227,-29.9568051],[30.8801493,-29.9567995],[30.8799677,-29.956803],[30.8798087,-29.9568154],[30.879624,-29.9568384],[30.8794999,-29.9568587],[30.8793555,-29.9568876],[30.879219,-29.9569209],[30.8790855,-29.956961],[30.8789118,-29.9570202],[30.8787599,-29.9570786],[30.8785947,-29.957154],[30.8784212,-29.9572437],[30.8781795,-29.9574034],[30.8777209,-29.9577519],[30.8775887,-29.9578504],[30.8774482,-29.9579617],[30.8772623,-29.9580855],[30.8771094,-29.958177],[30.8769483,-29.958265],[30.8767694,-29.9583425],[30.8766185,-29.9584012],[30.8764516,-29.9584552],[30.8763,-29.9585],[30.8761103,-29.9585395],[30.8759078,-29.9585761],[30.875718,-29.9585946],[30.8754558,-29.9586028],[30.8752379,-29.9585987],[30.8749904,-29.9585854],[30.8747403,-29.9585697],[30.8744694,-29.9585569],[30.8742797,-29.9585551],[30.8740879,-29.9585598],[30.8739243,-29.9585737],[30.8737734,-29.9585912],[30.873595,-29.958619],[30.8733462,-29.9586659],[30.8729899,-29.9587362],[30.8715714,-29.9590751],[30.8709229,-29.959225],[30.8701625,-29.9594016],[30.8699278,-29.9594469],[30.8697286,-29.9594771],[30.8695744,-29.9594916],[30.8693766,-29.9595027],[30.8691855,-29.9595004],[30.8690138,-29.9594911],[30.8688442,-29.9594725],[30.8686772,-29.9594487],[30.8685243,-29.9594155],[30.8683366,-29.9593696],[30.8682065,-29.9593307],[30.868069,-29.9592813],[30.867892,-29.9592105],[30.867717,-29.9591297],[30.8676285,-29.9590815],[30.8674561,-29.9589804],[30.8672851,-29.9588636],[30.8671504,-29.9587602],[30.8670263,-29.9586481],[30.8669244,-29.9585505],[30.8668151,-29.9584337],[30.8667044,-29.9582955],[30.8666119,-29.9581694],[30.8665583,-29.9580857],[30.866476,-29.957951],[30.8664034,-29.9578051],[30.8663309,-29.9576314],[30.86629,-29.9575187],[30.8662391,-29.9573386],[30.8662163,-29.9572143],[30.8661928,-29.9570865],[30.8661854,-29.9569947],[30.8661727,-29.9568384],[30.8661646,-29.9566786],[30.8661573,-29.9565857],[30.8661458,-29.9562985],[30.8661362,-29.956003],[30.8661352,-29.9559276],[30.8661271,-29.9556648],[30.866117,-29.9554894],[30.8660929,-29.9547951],[30.866056,-29.9538659]]}},{"type":"Feature","properties":{"routeId":"kzn-bridgecity","source":"OpenStreetMap","license":"ODbL","stations":15},"geometry":{"type":"LineString","coordinates":[[31.0122343,-29.8572535],[31.0124854,-29.8566398],[31.0127582,-29.8559982],[31.0128262,-29.8558541],[31.0129044,-29.8557181],[31.0129961,-29.8555787],[31.0130788,-29.8554548],[31.0131494,-29.8553667],[31.0132377,-29.855264],[31.0137033,-29.8547711],[31.0141387,-29.8543144],[31.0142427,-29.8542141],[31.0143621,-29.854104],[31.01447,-29.8540034],[31.0145753,-29.8539261],[31.0148221,-29.8537684],[31.014962,-29.8536935],[31.0150346,-29.8536527],[31.0151707,-29.8535887],[31.0152975,-29.8535416],[31.0154483,-29.853493],[31.0156146,-29.8534515],[31.0158098,-29.8534112],[31.0162859,-29.8533352],[31.0170684,-29.8532055],[31.0178657,-29.8530828],[31.0181232,-29.8530364],[31.0184008,-29.8529717],[31.0186259,-29.8528892],[31.0190003,-29.8527205],[31.0192501,-29.8525883],[31.0193855,-29.8524947],[31.0195142,-29.8523953],[31.0196053,-29.8523053],[31.0196985,-29.8522025],[31.0198344,-29.8520336],[31.0199666,-29.8518474],[31.0200764,-29.8516601],[31.0202023,-29.8514044],[31.0203917,-29.8509996],[31.0205225,-29.8507603],[31.0205301,-29.8507488],[31.0206647,-29.8505112],[31.0207766,-29.8502668],[31.0210018,-29.8497846],[31.021085,-29.8495979],[31.0211521,-29.8494275],[31.0211932,-29.8493003],[31.0212239,-29.849189],[31.0212513,-29.8490785],[31.0212854,-29.8489119],[31.021317,-29.8487349],[31.0213385,-29.8486368],[31.02137,-29.8484731],[31.0213937,-29.8483551],[31.0214243,-29.8482434],[31.0215124,-29.847943],[31.021584,-29.8477118],[31.0217313,-29.8471126],[31.0218808,-29.8465132],[31.0219353,-29.8462979],[31.0219978,-29.8460868],[31.0224245,-29.8447601],[31.0227683,-29.8436968],[31.0228237,-29.843544],[31.0228819,-29.8434066],[31.0229471,-29.8432696],[31.0230149,-29.84313],[31.0232352,-29.842702],[31.0234861,-29.8422001],[31.0235206,-29.8421296],[31.0236893,-29.8417851],[31.0240988,-29.8409778],[31.0244132,-29.8403246],[31.0245746,-29.8399488],[31.0246523,-29.8397784],[31.0247281,-29.8396155],[31.024826,-29.8393806],[31.0248917,-29.8391898],[31.0249269,-29.839071],[31.0250429,-29.83869],[31.0250668,-29.8386135],[31.0251131,-29.8384603],[31.0250925,-29.8386055],[31.0250895,-29.8386258],[31.0250694,-29.8387619],[31.0250534,-29.8388796],[31.0250419,-29.8389641],[31.025023,-29.8390906],[31.0250064,-29.8392264],[31.0249776,-29.8394213],[31.0249179,-29.8396742],[31.0250468,-29.8392417],[31.0258235,-29.8366613],[31.0262819,-29.8351751],[31.0263555,-29.8349311],[31.02638,-29.8348501],[31.0265505,-29.8342923],[31.0266519,-29.8339662],[31.0267994,-29.8334857],[31.0269289,-29.833056],[31.0270626,-29.8326111],[31.0272791,-29.8319045],[31.0274738,-29.8312575],[31.0277316,-29.8303868],[31.0279852,-29.8295523],[31.0282807,-29.8286101],[31.0283759,-29.8283123],[31.0284179,-29.8281495],[31.0284269,-29.828097],[31.0284368,-29.8280265],[31.0284468,-29.8279343],[31.0284368,-29.8280265],[31.0284269,-29.828097],[31.0284179,-29.8281495],[31.0283759,-29.8283123],[31.0282807,-29.8286101],[31.0279852,-29.8295523],[31.0277316,-29.8303868],[31.0274738,-29.8312575],[31.0272791,-29.8319045],[31.0270626,-29.8326111],[31.0269289,-29.833056],[31.0267994,-29.8334857],[31.0266519,-29.8339662],[31.0265505,-29.8342923],[31.02638,-29.8348501],[31.0263555,-29.8349311],[31.0262819,-29.8351751],[31.0258235,-29.8366613],[31.0250468,-29.8392417],[31.0249179,-29.8396742],[31.0249776,-29.8394213],[31.0250064,-29.8392264],[31.025023,-29.8390906],[31.0250419,-29.8389641],[31.0250534,-29.8388796],[31.0251106,-29.8386263],[31.0252014,-29.8383282],[31.025449,-29.8375148],[31.0257014,-29.8366816],[31.0258023,-29.8363472],[31.0258439,-29.8362174],[31.0258812,-29.8360888],[31.0262323,-29.8349319],[31.0265129,-29.8340215],[31.0268102,-29.833037],[31.0271237,-29.8319994],[31.0273653,-29.831203],[31.0276986,-29.8301078],[31.0277563,-29.8298707],[31.0278261,-29.8295333],[31.027883,-29.8292442],[31.0279179,-29.8290824],[31.0279604,-29.8289058],[31.028039,-29.8286325],[31.0281024,-29.828407],[31.0281378,-29.8282668],[31.0281636,-29.828147],[31.028183,-29.8280379],[31.0282059,-29.8278988],[31.0282204,-29.8277835],[31.0282296,-29.827683],[31.0282358,-29.8275868],[31.0282557,-29.827268],[31.0282821,-29.8266769],[31.0282947,-29.8263942],[31.0283207,-29.8258039],[31.0283397,-29.8254211],[31.0283496,-29.8252946],[31.0283677,-29.8251514],[31.0283902,-29.8250083],[31.0284148,-29.8248812],[31.0284539,-29.824722],[31.0285277,-29.8244308],[31.0286533,-29.8239381],[31.0286899,-29.8237941],[31.0288363,-29.8232254],[31.0289272,-29.8228782],[31.0289675,-29.8227082],[31.0289927,-29.8225831],[31.0290198,-29.8224209],[31.0290314,-29.8222728],[31.029038,-29.8221066],[31.0290334,-29.8212474],[31.0290317,-29.8211179],[31.0290232,-29.8210258],[31.0289908,-29.8207408],[31.0289282,-29.8204568],[31.0289028,-29.8203618],[31.0288272,-29.8201231],[31.0284498,-29.8190484],[31.0283558,-29.8188257],[31.0283082,-29.8187204],[31.0281587,-29.8184325],[31.0280339,-29.8181846],[31.0279226,-29.8179496],[31.027641,-29.8173434],[31.0274667,-29.8169652],[31.0271441,-29.8162764],[31.0269805,-29.8159395],[31.0269094,-29.8157885],[31.026839,-29.8156493],[31.0267773,-29.8155276],[31.0266841,-29.8153775],[31.0266231,-29.8152879],[31.0265011,-29.8151337],[31.0264018,-29.815022],[31.0262802,-29.8149023],[31.0261946,-29.8148254],[31.0260869,-29.8147359],[31.0259914,-29.8146648],[31.0257595,-29.8145048],[31.0254337,-29.8142782],[31.0246262,-29.8137544],[31.0244473,-29.8136462],[31.0242151,-29.8134916],[31.0237584,-29.8131829],[31.0232303,-29.8128183],[31.022696,-29.8124515],[31.0224268,-29.8122699],[31.0222585,-29.812171],[31.0221146,-29.8121026],[31.0219507,-29.8120325],[31.0217423,-29.8119664],[31.0213723,-29.8118625],[31.0203698,-29.8116228],[31.0192093,-29.8113427],[31.0190256,-29.8112986],[31.01884,-29.8112568],[31.0187064,-29.8112301],[31.018586,-29.8112104],[31.0184068,-29.8111816],[31.0182029,-29.8111496],[31.0180653,-29.8111324],[31.0178881,-29.811117],[31.01771,-29.8111088],[31.0175622,-29.8111062],[31.017442,-29.8111082],[31.0173383,-29.8111134],[31.0171139,-29.8111281],[31.0166915,-29.8111687],[31.0164542,-29.8111879],[31.0162024,-29.8112043],[31.0159427,-29.81121],[31.015834,-29.8112105],[31.0157114,-29.8112064],[31.0155721,-29.8111973],[31.0154609,-29.8111854],[31.0153307,-29.8111652],[31.0152047,-29.8111383],[31.0150807,-29.8111069],[31.0149686,-29.8110753],[31.0148357,-29.8110292],[31.0147191,-29.8109842],[31.0146335,-29.8109481],[31.0145036,-29.810884],[31.0143816,-29.8108155],[31.0142606,-29.8107431],[31.0141223,-29.8106523],[31.0132921,-29.8100766],[31.0132509,-29.810047],[31.0131446,-29.809969],[31.0130742,-29.8099143],[31.0128892,-29.8097572],[31.01282,-29.8097022],[31.0127184,-29.8096259],[31.0125878,-29.8095361],[31.0124208,-29.8094343],[31.012227,-29.809318],[31.0120733,-29.8092099],[31.0118937,-29.8090769],[31.0117367,-29.8089497],[31.0116411,-29.8088777],[31.0115169,-29.8087901],[31.0113554,-29.808673],[31.0112403,-29.8085847],[31.0111494,-29.8085098],[31.0110843,-29.8084534],[31.0109958,-29.8083597],[31.0109039,-29.808257],[31.0108333,-29.8081568],[31.0107672,-29.808042],[31.0107162,-29.8079371],[31.0106685,-29.8078141],[31.0106347,-29.8076893],[31.0106224,-29.8076085],[31.0106143,-29.8075282],[31.0106128,-29.8074623],[31.0106123,-29.8073665],[31.0106204,-29.8072932],[31.0106526,-29.807157],[31.0106767,-29.8070738],[31.0107082,-29.8069929],[31.0107893,-29.8068254],[31.0109469,-29.8065385],[31.0110106,-29.8064088],[31.0110601,-29.806296],[31.0110998,-29.8061487],[31.0111253,-29.8060399],[31.0111482,-29.8058923],[31.0111501,-29.8056826],[31.0111223,-29.805395],[31.0110556,-29.8047336],[31.0110093,-29.804299],[31.010906,-29.8033226],[31.0108805,-29.803091],[31.0108657,-29.8028546],[31.0108676,-29.8026969],[31.0108974,-29.8025011],[31.0109729,-29.8022723],[31.0110287,-29.8021589],[31.0110877,-29.8020542],[31.0111776,-29.8019197],[31.0112943,-29.8017807],[31.0114197,-29.8016323],[31.0116014,-29.8014478],[31.0116979,-29.8013338],[31.0118099,-29.8011883],[31.011879,-29.8010795],[31.0119608,-29.8009311],[31.0120057,-29.8008287],[31.0120721,-29.8006513],[31.012135,-29.800451],[31.0122045,-29.8002638],[31.0122666,-29.80012],[31.0123309,-29.800003],[31.0124007,-29.7998855],[31.0124765,-29.7997808],[31.0125442,-29.7996946],[31.0126615,-29.7995678],[31.0129177,-29.799328],[31.0131303,-29.7991044],[31.0132583,-29.7989242],[31.0133522,-29.7987718],[31.01343,-29.7986251],[31.0136043,-29.7982626],[31.0136754,-29.7981177],[31.0137291,-29.7979949],[31.0137917,-29.7978255],[31.0138457,-29.7976167],[31.0139436,-29.7972292],[31.0140348,-29.7968527],[31.0140858,-29.7966863],[31.0141274,-29.7965833],[31.0141763,-29.7964814],[31.0142232,-29.7964017],[31.0142809,-29.7963214],[31.0143513,-29.7962405],[31.0144184,-29.7961748],[31.0145089,-29.7960916],[31.0146732,-29.7959688],[31.0148643,-29.7958506],[31.0151549,-29.7956826],[31.0154892,-29.795491],[31.0156874,-29.795369],[31.0158111,-29.7952885],[31.0159104,-29.7952076],[31.0160109,-29.7951233],[31.0160639,-29.7950691],[31.0161699,-29.7949528],[31.0162711,-29.7948187],[31.0163317,-29.7947144],[31.0163891,-29.7946118],[31.0164475,-29.7944762],[31.0164951,-29.79434],[31.0165259,-29.7942126],[31.0165434,-29.7941072],[31.0165595,-29.7939909],[31.0165635,-29.7938989],[31.0165588,-29.7935736],[31.016546,-29.7931971],[31.0165434,-29.7929754],[31.0165427,-29.7928177],[31.0165565,-29.792636],[31.0165729,-29.792507],[31.0166104,-29.7923266],[31.0166332,-29.7922381],[31.0166614,-29.7921479],[31.0167063,-29.7920436],[31.0168126,-29.7918221],[31.0168795,-29.7917085],[31.0170027,-29.7915395],[31.0171189,-29.7914075],[31.0172159,-29.7913117],[31.0173018,-29.7912308],[31.0174084,-29.7911429],[31.0175343,-29.7910512],[31.0177088,-29.7909404],[31.0178617,-29.7908549],[31.018215,-29.7906711],[31.0182271,-29.7906626],[31.0183721,-29.7905873],[31.0186476,-29.790433],[31.0187535,-29.7903649],[31.0188722,-29.7902723],[31.0191189,-29.7900262],[31.0195206,-29.7895932],[31.0196675,-29.789418],[31.0197553,-29.7892947],[31.0198284,-29.7891742],[31.0198901,-29.7890654],[31.0199565,-29.7889193],[31.0200242,-29.7887459],[31.0200959,-29.788555],[31.0202314,-29.788193],[31.0203503,-29.7878845],[31.0204084,-29.7877275],[31.0204453,-29.7876344],[31.0205332,-29.7874333],[31.020747,-29.7870233],[31.0208993,-29.7867318],[31.0212098,-29.786122],[31.0212614,-29.786009],[31.021309,-29.7858978],[31.0213666,-29.7857372],[31.021423,-29.7855504],[31.0214672,-29.7853717],[31.0215041,-29.7851744],[31.0215316,-29.7849771],[31.0216154,-29.7842887],[31.0216436,-29.7841176],[31.0216825,-29.7839063],[31.0217194,-29.7837468],[31.0217712,-29.783577],[31.0218387,-29.7833953],[31.0219019,-29.7832444],[31.022015,-29.7830125],[31.0221209,-29.7828031],[31.0222317,-29.7825951],[31.0224241,-29.7822436],[31.0225416,-29.782013],[31.0226367,-29.7817733],[31.0226903,-29.7816098],[31.0227285,-29.7814889],[31.0228519,-29.7811163],[31.0229591,-29.7807618],[31.0230886,-29.7803533],[31.0231221,-29.7802316],[31.0231416,-29.7801059],[31.023149,-29.7799948],[31.0231382,-29.7798528],[31.0231262,-29.7797777],[31.0231114,-29.7797142],[31.0230866,-29.7796229],[31.0230523,-29.7795207],[31.0229786,-29.7793614],[31.0229096,-29.7792225],[31.0228378,-29.7790578],[31.0228003,-29.7789216],[31.0227765,-29.7788137],[31.0227668,-29.7786783],[31.0227685,-29.778607],[31.0227746,-29.7785031],[31.0227968,-29.7783974],[31.0228311,-29.7782846],[31.0229076,-29.7781068],[31.0229626,-29.7780125],[31.0230147,-29.7779411],[31.0231061,-29.7778373],[31.0231832,-29.7777651],[31.0232361,-29.7777226],[31.023328,-29.7776563],[31.0235396,-29.77752],[31.0237718,-29.7773403],[31.0239333,-29.7771676],[31.0240564,-29.7769492],[31.0241251,-29.7767907],[31.0244519,-29.7761296],[31.024759,-29.775497],[31.0248173,-29.7753585],[31.0248515,-29.7752671],[31.0248812,-29.7751949],[31.0249645,-29.7748775],[31.0249896,-29.7747147],[31.0250084,-29.7745209],[31.0250108,-29.7742822],[31.024999,-29.7739831],[31.024997,-29.7738487],[31.0250024,-29.7736793],[31.0250234,-29.7734652],[31.0250587,-29.7732445],[31.0250916,-29.7730833],[31.0251184,-29.7729908],[31.0251512,-29.7729069],[31.0251968,-29.7728173],[31.0252346,-29.7727641],[31.0253061,-29.772666],[31.0253665,-29.7725996],[31.0255454,-29.7724177],[31.0256515,-29.77229],[31.0257091,-29.7721992],[31.0257621,-29.772074],[31.0257883,-29.7719798],[31.0258044,-29.771907],[31.025816,-29.7718123],[31.0258151,-29.771737],[31.0258077,-29.7716532],[31.0257896,-29.7715392],[31.0257427,-29.7713584],[31.0256677,-29.7710631],[31.0256488,-29.7709559],[31.025634,-29.7708389],[31.0256226,-29.7707243],[31.0256193,-29.770602],[31.025628,-29.7704414],[31.0256401,-29.7703261],[31.0256629,-29.7702051],[31.0256924,-29.7700846],[31.0257239,-29.7699862],[31.0257614,-29.769871],[31.0258084,-29.769765],[31.0258486,-29.7696766],[31.025917,-29.7695415],[31.026086,-29.7692482],[31.0261658,-29.7690951],[31.026208,-29.7690043],[31.026253,-29.7688832],[31.0263046,-29.7687255],[31.0263307,-29.7686097],[31.0263481,-29.7685113],[31.0263621,-29.7683516],[31.0263585,-29.7681458],[31.0263488,-29.7680526],[31.0263272,-29.7679438],[31.0262593,-29.7676907],[31.0261883,-29.7674871],[31.0261358,-29.767315],[31.0261034,-29.7671741],[31.0260731,-29.7669768],[31.0260609,-29.7668482],[31.0260549,-29.7667055],[31.0260431,-29.7663093],[31.0260167,-29.7661344],[31.0259975,-29.7660305],[31.0259738,-29.7659508],[31.0259438,-29.765853],[31.0258989,-29.7657348],[31.0258211,-29.7655741],[31.02575,-29.7654554],[31.0256644,-29.7653268],[31.0255449,-29.7651399],[31.025463,-29.7650206],[31.025394,-29.7649304],[31.0253216,-29.7648425],[31.0250936,-29.7645974],[31.0249125,-29.7644106],[31.0246954,-29.7641709],[31.0246275,-29.7640764],[31.0245873,-29.7640188],[31.0245363,-29.7639385],[31.02447,-29.7638261],[31.024439,-29.7637669],[31.0243513,-29.7635795],[31.0243016,-29.7634204],[31.0242536,-29.7632334],[31.0242339,-29.7630869],[31.0241823,-29.7625775],[31.0241622,-29.7624064],[31.0241441,-29.7622824],[31.0241146,-29.7621654],[31.0240729,-29.7620563],[31.0240348,-29.7619658],[31.0239999,-29.7618971],[31.0239463,-29.761801],[31.0238905,-29.7617197],[31.0238014,-29.7616118],[31.0237639,-29.7615722],[31.0236854,-29.7614942],[31.0236251,-29.7614337],[31.0235553,-29.761379],[31.0234762,-29.7613202],[31.0233823,-29.7612614],[31.0232797,-29.7612026],[31.0231711,-29.7611531],[31.0230564,-29.7611048],[31.022976,-29.7610769],[31.0227916,-29.7610286],[31.0226219,-29.7609884],[31.0219675,-29.7608656],[31.0217891,-29.7608283],[31.0216751,-29.7607975],[31.0215638,-29.7607614],[31.0216751,-29.7607975],[31.0217891,-29.7608283],[31.0219675,-29.7608656],[31.0226219,-29.7609884],[31.0227916,-29.7610286],[31.022976,-29.7610769],[31.0230564,-29.7611048],[31.0231711,-29.7611531],[31.0232797,-29.7612026],[31.0233823,-29.7612614],[31.0234762,-29.7613202],[31.0235553,-29.761379],[31.0236251,-29.7614337],[31.0236854,-29.7614942],[31.0237639,-29.7615722],[31.0238014,-29.7616118],[31.0238905,-29.7617197],[31.0239463,-29.761801],[31.0239999,-29.7618971],[31.0240348,-29.7619658],[31.0240729,-29.7620563],[31.0241146,-29.7621654],[31.0241441,-29.7622824],[31.0241622,-29.7624064],[31.0241823,-29.7625775],[31.0242339,-29.7630869],[31.0242536,-29.7632334],[31.0243016,-29.7634204],[31.0243513,-29.7635795],[31.024439,-29.7637669],[31.02447,-29.7638261],[31.0245363,-29.7639385],[31.0245873,-29.7640188],[31.0246275,-29.7640764],[31.0246954,-29.7641709],[31.0249125,-29.7644106],[31.0250936,-29.7645974],[31.0253216,-29.7648425],[31.025394,-29.7649304],[31.025463,-29.7650206],[31.0255449,-29.7651399],[31.0256644,-29.7653268],[31.02575,-29.7654554],[31.0258211,-29.7655741],[31.0258989,-29.7657348],[31.0259438,-29.765853],[31.0259738,-29.7659508],[31.0259975,-29.7660305],[31.0260167,-29.7661344],[31.0260431,-29.7663093],[31.0260549,-29.7667055],[31.0260609,-29.7668482],[31.0260731,-29.7669768],[31.0261034,-29.7671741],[31.0261358,-29.767315],[31.0261883,-29.7674871],[31.0262593,-29.7676907],[31.0263272,-29.7679438],[31.0263488,-29.7680526],[31.0263585,-29.7681458],[31.0263621,-29.7683516],[31.0263481,-29.7685113],[31.0263307,-29.7686097],[31.0263046,-29.7687255],[31.026253,-29.7688832],[31.026208,-29.7690043],[31.0261658,-29.7690951],[31.026086,-29.7692482],[31.025917,-29.7695415],[31.0258486,-29.7696766],[31.0258084,-29.769765],[31.0257614,-29.769871],[31.0257239,-29.7699862],[31.0256924,-29.7700846],[31.0256629,-29.7702051],[31.0256401,-29.7703261],[31.025628,-29.7704414],[31.0256193,-29.770602],[31.0256226,-29.7707243],[31.025634,-29.7708389],[31.0256488,-29.7709559],[31.0256677,-29.7710631],[31.0257427,-29.7713584],[31.0257896,-29.7715392],[31.0258077,-29.7716532],[31.0258151,-29.771737],[31.025816,-29.7718123],[31.0258044,-29.771907],[31.0257883,-29.7719798],[31.0257621,-29.772074],[31.0257091,-29.7721992],[31.0256515,-29.77229],[31.0255454,-29.7724177],[31.0253665,-29.7725996],[31.0253061,-29.772666],[31.0252346,-29.7727641],[31.0251968,-29.7728173],[31.0251512,-29.7729069],[31.0251184,-29.7729908],[31.0250916,-29.7730833],[31.0250587,-29.7732445],[31.0250234,-29.7734652],[31.0250024,-29.7736793],[31.024997,-29.7738487],[31.024999,-29.7739831],[31.0250108,-29.7742822],[31.0250084,-29.7745209],[31.0249896,-29.7747147],[31.0249645,-29.7748775],[31.0248812,-29.7751949],[31.0248515,-29.7752671],[31.0248173,-29.7753585],[31.024759,-29.775497],[31.0244519,-29.7761296],[31.0241251,-29.7767907],[31.0240564,-29.7769492],[31.0239333,-29.7771676],[31.0237718,-29.7773403],[31.0235396,-29.77752],[31.023328,-29.7776563],[31.0232361,-29.7777226],[31.0231832,-29.7777651],[31.0231061,-29.7778373],[31.0230147,-29.7779411],[31.0229626,-29.7780125],[31.0229076,-29.7781068],[31.0228311,-29.7782846],[31.0227968,-29.7783974],[31.0227746,-29.7785031],[31.0227685,-29.778607],[31.0227668,-29.7786783],[31.0227765,-29.7788137],[31.0228003,-29.7789216],[31.0228378,-29.7790578],[31.0229096,-29.7792225],[31.0229786,-29.7793614],[31.0230523,-29.7795207],[31.0230866,-29.7796229],[31.0231114,-29.7797142],[31.0231262,-29.7797777],[31.0231382,-29.7798528],[31.023149,-29.7799948],[31.0231416,-29.7801059],[31.0231221,-29.7802316],[31.0230886,-29.7803533],[31.0229591,-29.7807618],[31.0228519,-29.7811163],[31.0227285,-29.7814889],[31.0226903,-29.7816098],[31.0226367,-29.7817733],[31.0225416,-29.782013],[31.0224241,-29.7822436],[31.0222317,-29.7825951],[31.0221209,-29.7828031],[31.022015,-29.7830125],[31.0219019,-29.7832444],[31.0218387,-29.7833953],[31.0217712,-29.783577],[31.0217194,-29.7837468],[31.0216825,-29.7839063],[31.0216436,-29.7841176],[31.0216154,-29.7842887],[31.0215316,-29.7849771],[31.0215041,-29.7851744],[31.0214672,-29.7853717],[31.021423,-29.7855504],[31.0213666,-29.7857372],[31.021309,-29.7858978],[31.0212614,-29.786009],[31.0212098,-29.786122],[31.0208993,-29.7867318],[31.020747,-29.7870233],[31.0205332,-29.7874333],[31.0204437,-29.787607],[31.020224,-29.7880257],[31.019765,-29.7889134],[31.0193755,-29.7895712],[31.0191794,-29.7898305],[31.01892,-29.7901467],[31.0188359,-29.7902329],[31.0186743,-29.7903783],[31.0185258,-29.7904786],[31.0182271,-29.7906626],[31.018215,-29.7906711],[31.0178617,-29.7908549],[31.0177088,-29.7909404],[31.0175343,-29.7910512],[31.0174084,-29.7911429],[31.0173018,-29.7912308],[31.0172159,-29.7913117],[31.0171189,-29.7914075],[31.0170027,-29.7915395],[31.0168795,-29.7917085],[31.0168126,-29.7918221],[31.0167063,-29.7920436],[31.0166614,-29.7921479],[31.0166332,-29.7922381],[31.0166104,-29.7923266],[31.0165729,-29.792507],[31.0165565,-29.792636],[31.0165427,-29.7928177],[31.0165434,-29.7929754],[31.016546,-29.7931971],[31.0165588,-29.7935736],[31.0165635,-29.7938989],[31.0165595,-29.7939909],[31.0165434,-29.7941072],[31.0165259,-29.7942126],[31.0164951,-29.79434],[31.0164475,-29.7944762],[31.0163891,-29.7946118],[31.0163317,-29.7947144],[31.0162711,-29.7948187],[31.0161699,-29.7949528],[31.0160639,-29.7950691],[31.0160109,-29.7951233],[31.0159104,-29.7952076],[31.0158111,-29.7952885],[31.0156874,-29.795369],[31.0154892,-29.795491],[31.0151549,-29.7956826],[31.0148643,-29.7958506],[31.0146732,-29.7959688],[31.0145089,-29.7960916],[31.0144184,-29.7961748],[31.0143513,-29.7962405],[31.0142809,-29.7963214],[31.0142232,-29.7964017],[31.0141763,-29.7964814],[31.0141274,-29.7965833],[31.0140858,-29.7966863],[31.0140348,-29.7968527],[31.0139436,-29.7972292],[31.0138457,-29.7976167],[31.0137917,-29.7978255],[31.0137291,-29.7979949],[31.0136754,-29.7981177],[31.0136043,-29.7982626],[31.01343,-29.7986251],[31.0133522,-29.7987718],[31.0132583,-29.7989242],[31.0131303,-29.7991044],[31.0129177,-29.799328],[31.0126615,-29.7995678],[31.0125442,-29.7996946],[31.0124765,-29.7997808],[31.0124007,-29.7998855],[31.0123309,-29.800003],[31.0122666,-29.80012],[31.0122045,-29.8002638],[31.012135,-29.800451],[31.0120721,-29.8006513],[31.0120057,-29.8008287],[31.0119608,-29.8009311],[31.011879,-29.8010795],[31.0118099,-29.8011883],[31.0116979,-29.8013338],[31.0116014,-29.8014478],[31.0114197,-29.8016323],[31.0112943,-29.8017807],[31.0111776,-29.8019197],[31.0110877,-29.8020542],[31.0110287,-29.8021589],[31.0109729,-29.8022723],[31.0108974,-29.8025011],[31.0108676,-29.8026969],[31.0108657,-29.8028546],[31.0108805,-29.803091],[31.010906,-29.8033226],[31.0110093,-29.804299],[31.0110556,-29.8047336],[31.0111223,-29.805395],[31.0111501,-29.8056826],[31.0111482,-29.8058923],[31.0111253,-29.8060399],[31.0110998,-29.8061487],[31.0110601,-29.806296],[31.0110106,-29.8064088],[31.0109469,-29.8065385],[31.0107893,-29.8068254],[31.0107082,-29.8069929],[31.0106767,-29.8070738],[31.0106526,-29.807157],[31.0106204,-29.8072932],[31.0106123,-29.8073665],[31.0106128,-29.8074623],[31.0106143,-29.8075282],[31.0106224,-29.8076085],[31.0106347,-29.8076893],[31.0106685,-29.8078141],[31.0107162,-29.8079371],[31.0107672,-29.808042],[31.0108333,-29.8081568],[31.0109039,-29.808257],[31.0109958,-29.8083597],[31.0110843,-29.8084534],[31.0111494,-29.8085098],[31.0112403,-29.8085847],[31.0113554,-29.808673],[31.0115169,-29.8087901],[31.0116411,-29.8088777],[31.0117367,-29.8089497],[31.0118937,-29.8090769],[31.0120733,-29.8092099],[31.012227,-29.809318],[31.0124208,-29.8094343],[31.0125878,-29.8095361],[31.0127184,-29.8096259],[31.01282,-29.8097022],[31.0128892,-29.8097572],[31.0130742,-29.8099143],[31.0131446,-29.809969],[31.0132509,-29.810047],[31.0126635,-29.8096426],[31.0125527,-29.8095662],[31.0124262,-29.8094867],[31.012288,-29.8094023],[31.0121617,-29.8093272],[31.0120426,-29.8092515],[31.0117114,-29.8090119],[31.0114505,-29.8088333],[31.0111977,-29.8086704],[31.0109825,-29.8085348],[31.0106798,-29.8083583],[31.0105151,-29.8082628],[31.0102314,-29.8080988],[31.0098376,-29.8078091],[31.0081546,-29.8064109],[31.0080699,-29.8063273],[31.0079536,-29.806181],[31.0076844,-29.8058251],[31.0075255,-29.8056079],[31.0071024,-29.8050637],[31.0070495,-29.8049969],[31.0066506,-29.8045218],[31.0062222,-29.8040126],[31.0059811,-29.8037265],[31.00574,-29.8034403],[31.005616,-29.8033014],[31.0055253,-29.8031927],[31.0054444,-29.8031066],[31.0053478,-29.8030181],[31.0052478,-29.8029291],[31.0050836,-29.8028193],[31.0049804,-29.8027629],[31.0048798,-29.8027128],[31.0047591,-29.8026645],[31.0046169,-29.8026151],[31.0044828,-29.8025825],[31.0043903,-29.8025627],[31.0042723,-29.8025458],[31.0041368,-29.802533],[31.0040114,-29.8025255],[31.003943,-29.8025226],[31.0038096,-29.8025193],[31.0036078,-29.8025168],[31.002517,-29.8025069],[31.0022049,-29.8025035],[31.0019528,-29.8024808],[31.0017247,-29.8024389],[31.0014927,-29.8023691],[31.0011626,-29.8022173],[31.0009905,-29.8021057],[31.0008385,-29.8019748],[31.0006674,-29.8017787],[31.0005844,-29.8016712],[31.0005004,-29.8015316],[31.0004043,-29.8013118],[31.0003523,-29.8010553],[31.0003303,-29.8007674],[31.0003192,-29.8000448],[31.0003026,-29.7989009],[31.0002604,-29.7980639],[31.0002593,-29.7976986],[31.0002334,-29.797349],[31.0002368,-29.7970747],[31.0002481,-29.7968749],[31.0002714,-29.7966509],[31.0002932,-29.79654],[31.0003169,-29.7964396],[31.0003512,-29.7963062],[31.000428,-29.7961088],[31.0006325,-29.7956589],[31.0009034,-29.7950771],[31.0009344,-29.7950148],[31.0013237,-29.7941781],[31.0013867,-29.7940279],[31.0014638,-29.7937691],[31.001548,-29.7934717],[31.0015735,-29.7932393],[31.0015735,-29.7930718],[31.0015617,-29.7929454],[31.0015363,-29.7927129],[31.0014971,-29.7925301],[31.0014265,-29.7923233],[31.0013109,-29.7920396],[31.0010293,-29.791356],[31.0007867,-29.7907672],[31.0007042,-29.7905353],[31.00063,-29.7902801],[31.000595,-29.7901238],[31.0005765,-29.789989],[31.0005662,-29.7895504],[31.000562,-29.7889501],[31.0005634,-29.7884238],[31.000562,-29.7884001],[31.0005414,-29.7879778],[31.000527,-29.78778],[31.0004858,-29.7875284],[31.0004157,-29.7872552],[31.0002571,-29.7869101],[31.0001067,-29.7866585],[30.9999989,-29.7865222],[30.9996537,-29.7860705],[30.9994588,-29.7858243],[30.9991462,-29.7853816],[30.998937,-29.785084],[30.9988518,-29.7849211],[30.9987787,-29.7847298],[30.9987218,-29.7845368],[30.9986954,-29.7842977],[30.998706,-29.7840425],[30.9987254,-29.7839319],[30.9987529,-29.7838097],[30.9987878,-29.7836962],[30.9988327,-29.7835781],[30.9989112,-29.7834128],[30.9990191,-29.7832341],[30.9990936,-29.783123],[30.9993979,-29.7826736],[30.9996619,-29.7822999],[30.9998672,-29.7820094],[31.00014,-29.78161],[31.000415,-29.7812079],[31.0005618,-29.7809938],[31.0008836,-29.7805359],[31.0013421,-29.7798658],[31.0017081,-29.7793342],[31.0018791,-29.7790517],[31.0019615,-29.7788921],[31.0020218,-29.7787254],[31.002056,-29.778564],[31.0020801,-29.7783956],[31.0020701,-29.778064],[31.0020493,-29.77788],[31.0020375,-29.7775943],[31.0020252,-29.7772949],[31.0020123,-29.7771846],[31.0020007,-29.7770108],[31.0020004,-29.7769526],[31.0020125,-29.7767507],[31.0020338,-29.7764937],[31.0020315,-29.7763995],[31.0018735,-29.775132],[31.0018635,-29.7748822],[31.0018734,-29.7746357],[31.0018972,-29.7744313],[31.0019308,-29.7742135],[31.0021805,-29.7732426],[31.0024487,-29.7722716],[31.0026628,-29.7714565],[31.0027355,-29.7711694],[31.0027594,-29.7709452],[31.0027809,-29.7707141],[31.002826,-29.7704798],[31.0028555,-29.7703732],[31.0029314,-29.7699631],[31.0030075,-29.7695426],[31.0030211,-29.76949],[31.0032636,-29.7686054],[31.0033415,-29.7683157],[31.0033905,-29.7681644],[31.0034408,-29.7680445],[31.0035179,-29.7678774],[31.0036118,-29.7677106],[31.0037078,-29.7675867],[31.0038158,-29.7674645],[31.0039558,-29.7673145],[31.0041278,-29.7671627],[31.0043978,-29.7669481],[31.0046157,-29.7667858],[31.0048977,-29.7665502],[31.0049757,-29.7664682],[31.0050677,-29.7663653],[31.0052277,-29.7661559],[31.0053617,-29.7659814],[31.0057076,-29.765437],[31.0059356,-29.7651055],[31.0061934,-29.7646969],[31.0065803,-29.7641126],[31.006872,-29.7636713],[31.0069337,-29.7635793],[31.0070229,-29.7634559],[31.0071925,-29.7632039],[31.0072576,-29.7631084],[31.007387,-29.7629169],[31.0075546,-29.7626567],[31.0077041,-29.7624419],[31.0078315,-29.762276],[31.007914,-29.7621578],[31.0080092,-29.762049],[31.0081006,-29.7619332],[31.0083157,-29.7616968],[31.0085893,-29.7613767],[31.0087167,-29.7612067],[31.0088072,-29.7610664],[31.0088836,-29.7609343],[31.0089675,-29.7607748],[31.0090405,-29.7606281],[31.0092147,-29.760276],[31.0094016,-29.7599056],[31.0095024,-29.7597215],[31.0096725,-29.759361],[31.0099088,-29.7588881],[31.0103893,-29.7579288],[31.0105195,-29.7576842],[31.0105815,-29.7575516],[31.0106492,-29.7573944],[31.0106961,-29.7572459],[31.010723,-29.7571161],[31.0107517,-29.7569434],[31.0107416,-29.7567529],[31.010731,-29.7566417],[31.0107069,-29.7565334],[31.010668,-29.7563914],[31.0106117,-29.7562412],[31.0105614,-29.7561288],[31.0104493,-29.7559146],[31.0102489,-29.7555352],[31.0099928,-29.755051],[31.0098747,-29.7548307],[31.0098117,-29.7547259],[31.0097245,-29.7545972],[31.0096373,-29.7544878],[31.0095408,-29.7543812],[31.0094583,-29.7543027],[31.0093718,-29.7542299],[31.0092518,-29.7541414],[31.0091237,-29.7540651],[31.009007,-29.7540075],[31.008891,-29.7539615],[31.0087562,-29.7539149],[31.0086261,-29.7538794],[31.008537,-29.7538625],[31.0084035,-29.7538404],[31.0082661,-29.7538247],[31.0081018,-29.7538142],[31.007792,-29.753809],[31.0072809,-29.7537966],[31.0070919,-29.7537764],[31.0069243,-29.7537566],[31.0067902,-29.7537304],[31.0066514,-29.7536978],[31.0065407,-29.7536646],[31.0064247,-29.753621],[31.0062423,-29.7535418],[31.0060827,-29.7534527],[31.0059801,-29.7533829],[31.0058715,-29.7533014],[31.0057468,-29.753189],[31.0056569,-29.7530999],[31.0055704,-29.7529922],[31.0055014,-29.7529049],[31.0053346,-29.7526333],[31.0050164,-29.7520228],[31.0048208,-29.7516608],[31.0047363,-29.7515123],[31.0046069,-29.7512254],[31.0045237,-29.7510204],[31.0044198,-29.7507596],[31.0043132,-29.7504985],[31.0041831,-29.7502304],[31.0040778,-29.7500133],[31.0040228,-29.749887],[31.0039564,-29.7497316],[31.0038727,-29.749466],[31.0038148,-29.7492011],[31.0037452,-29.7486647],[31.0037298,-29.7484912],[31.0036737,-29.7476494],[31.003617,-29.7471351],[31.0036153,-29.7471228],[31.0036091,-29.7469291],[31.0035588,-29.7462883],[31.0035041,-29.7454354],[31.003511,-29.7452714],[31.0035212,-29.7451342],[31.003569,-29.7448897],[31.003651,-29.7446481],[31.0036979,-29.7445335],[31.0037719,-29.7443876],[31.0039565,-29.7440703],[31.0044926,-29.7432378],[31.0050169,-29.7422926],[31.0052591,-29.7418961],[31.005437,-29.7416337],[31.0055799,-29.7414337],[31.005592,-29.7414166],[31.0056761,-29.7412963],[31.0057286,-29.7411875],[31.0057708,-29.7411116],[31.0058132,-29.7410327],[31.0059397,-29.7408368],[31.0060922,-29.740623],[31.0061284,-29.7405692],[31.0062329,-29.7404128],[31.0063117,-29.7402792],[31.0063848,-29.7401372],[31.0064197,-29.7400594],[31.0064841,-29.7399167],[31.006621,-29.739582],[31.0067499,-29.7392072],[31.0067854,-29.7390288],[31.0068037,-29.7388545],[31.0067945,-29.7386392],[31.0067825,-29.7385254],[31.0067464,-29.738403],[31.0067043,-29.73827],[31.0066321,-29.738116],[31.0065198,-29.7379446],[31.0064336,-29.7378379],[31.0063153,-29.7377154],[31.006175,-29.7375929],[31.0060257,-29.7374923],[31.0057696,-29.7373601],[31.0056569,-29.7373176],[31.0055061,-29.7372699],[31.0053237,-29.7372291],[31.005156,-29.737207],[31.0050132,-29.7371989],[31.0048756,-29.7372001],[31.0046967,-29.7372163],[31.0045572,-29.7372402],[31.0044168,-29.7372711],[31.0042002,-29.7373288],[31.0037291,-29.7374811],[31.0033963,-29.7375843],[31.0029793,-29.7377085],[31.0024741,-29.7378677],[31.0020872,-29.7380077],[31.0017605,-29.7381512],[31.0015279,-29.7382649],[31.000458,-29.7387875],[30.9997507,-29.7391383],[30.9993776,-29.7393217],[30.9990811,-29.7394665],[30.9984044,-29.7398042],[30.9978175,-29.7400929],[30.9975133,-29.7402443],[30.9972331,-29.7403831],[30.9971415,-29.7404285],[30.9965305,-29.7406827],[30.9960902,-29.7408987],[30.9953112,-29.741252],[30.9946785,-29.7415242],[30.9938593,-29.7419284],[30.9931642,-29.7422602],[30.9919791,-29.7428673],[30.9912493,-29.7432742],[30.9909749,-29.743424],[30.9908507,-29.7434919],[30.9905261,-29.7436789],[30.9903509,-29.7437908],[30.9901309,-29.7439418],[30.9899749,-29.7440648],[30.989851,-29.7441729],[30.9896972,-29.7443108],[30.989582,-29.7444208],[30.9893724,-29.7446501],[30.9892015,-29.7448607],[30.9890733,-29.7450378],[30.9889772,-29.7451832],[30.9889104,-29.7452798],[30.9882197,-29.7463245],[30.9877337,-29.7470491],[30.9875286,-29.7473194],[30.9873384,-29.7475301],[30.9871846,-29.747668],[30.9869773,-29.7478395],[30.9868022,-29.7479625],[30.9867499,-29.7479965],[30.9865684,-29.7481077],[30.986459,-29.748166],[30.9863202,-29.7482342],[30.9861278,-29.7483192],[30.9860386,-29.7483523],[30.9858716,-29.7484146],[30.985702,-29.7484659],[30.9855276,-29.7485107],[30.9853499,-29.7485509],[30.9851783,-29.7485794],[30.9849969,-29.7486036],[30.9848025,-29.7486185],[30.9845718,-29.748624],[30.9843411,-29.7486224],[30.9840014,-29.7485941],[30.983728,-29.7485494],[30.9834588,-29.7484897],[30.9832645,-29.7484328],[30.9830736,-29.7483683],[30.9829156,-29.7483134],[30.9826992,-29.7482382],[30.9819522,-29.7479745],[30.9812022,-29.7477112],[30.9808499,-29.7475874],[30.9804288,-29.7474377],[30.9800667,-29.7473143],[30.9798662,-29.747245],[30.9796409,-29.7471827],[30.979486,-29.7471461],[30.9793612,-29.7471239],[30.979211,-29.7470977],[30.979038,-29.7470774],[30.9788804,-29.7470611],[30.9787282,-29.7470535],[30.9786149,-29.7470506],[30.9784593,-29.74705],[30.978289,-29.7470593],[30.9781046,-29.7470739],[30.9779343,-29.7470972],[30.9778243,-29.7471181],[30.9776419,-29.7471513],[30.9775226,-29.7471821],[30.9773798,-29.7472235],[30.9771571,-29.7472951],[30.9770016,-29.7473527],[30.9768554,-29.7474168],[30.9767146,-29.7474814],[30.9765483,-29.7475711],[30.9764175,-29.747645],[30.9762284,-29.7477696],[30.9760842,-29.7478761],[30.9759315,-29.7479984],[30.9758015,-29.7481113],[30.9756175,-29.7482755],[30.9751518,-29.7486931],[30.975091,-29.7487469],[30.9746867,-29.7491148],[30.9736048,-29.7500558],[30.9746867,-29.7491148],[30.975091,-29.7487469],[30.9751518,-29.7486931],[30.9754019,-29.748496],[30.975645,-29.7483023],[30.9759469,-29.748037],[30.9760769,-29.7479273],[30.9762277,-29.7478132],[30.9763665,-29.747723],[30.9765691,-29.7476002],[30.9767829,-29.7474933],[30.9769063,-29.7474331],[30.9770847,-29.7473632],[30.9773871,-29.747259],[30.9776171,-29.747195],[30.9778632,-29.7471478],[30.9780094,-29.7471251],[30.9781931,-29.7471047],[30.978344,-29.747096],[30.9785291,-29.7470878],[30.9787175,-29.7470913],[30.9789348,-29.747103],[30.979152,-29.747128],[30.9792955,-29.747149],[30.979429,-29.7471757],[30.9795517,-29.7472043],[30.979752,-29.747253],[30.9800418,-29.747343],[30.9804144,-29.7474744],[30.9808366,-29.747622],[30.9811895,-29.7477479],[30.9814738,-29.7478477],[30.9826803,-29.7482743],[30.9831255,-29.74843],[30.9832879,-29.7484803],[30.9834042,-29.74851],[30.9835904,-29.7485555],[30.9837534,-29.7485905],[30.9839606,-29.7486242],[30.9841282,-29.7486446],[30.9843354,-29.7486586],[30.9845064,-29.7486626],[30.9846908,-29.7486597],[30.9848611,-29.7486516],[30.9850777,-29.7486289],[30.9852963,-29.7485939],[30.9855129,-29.7485509],[30.9856879,-29.7485072],[30.9858386,-29.748462],[30.9859816,-29.7484152],[30.9861463,-29.748352],[30.9863486,-29.7482639],[30.9864865,-29.7481944],[30.986584,-29.7481392],[30.9867691,-29.748031],[30.9870649,-29.7478134],[30.9872829,-29.7476289],[30.9874687,-29.7474425],[30.987567,-29.7473325],[30.98777,-29.7470696],[30.9882636,-29.7463315],[30.9886887,-29.7456865],[30.9890455,-29.7451459],[30.9893019,-29.7448011],[30.9895006,-29.7445662],[30.9897121,-29.7443556],[30.9899001,-29.7441841],[30.9901949,-29.7439455],[30.9904556,-29.7437684],[30.9906756,-29.7436361],[30.9908957,-29.7435131],[30.9911862,-29.7433714],[30.9915622,-29.7431999],[30.992101,-29.7429626],[30.9925019,-29.7427643],[30.9948879,-29.7415842],[30.9953293,-29.7413591],[30.9959136,-29.7410489],[30.9962946,-29.7408427],[30.9971415,-29.7404285],[30.9972331,-29.7403831],[30.997792,-29.7400618],[30.9983745,-29.7397758],[30.9990785,-29.7394271],[30.9993501,-29.7392932],[31.0000773,-29.7389334],[31.0014941,-29.7382374],[31.0016457,-29.7381631],[31.0018623,-29.7380612],[31.0020681,-29.7379779],[31.0022794,-29.7378958],[31.0025228,-29.7378149],[31.0028017,-29.7377246],[31.0030132,-29.7376607],[31.0032711,-29.7375767],[31.0038632,-29.7373939],[31.0040677,-29.7373281],[31.0043145,-29.7372582],[31.0045398,-29.737207],[31.0046967,-29.7371791],[31.0048657,-29.7371622],[31.0050414,-29.7371598],[31.0051889,-29.7371727],[31.0053767,-29.7372035],[31.0056288,-29.7372693],[31.0058407,-29.7373491],[31.0059956,-29.7374236],[31.0060928,-29.737483],[31.0062276,-29.7375872],[31.0063496,-29.7376938],[31.0064435,-29.7377846],[31.0065178,-29.7378764],[31.00662,-29.7380163],[31.0067203,-29.7382018],[31.0067835,-29.7383671],[31.0068266,-29.7385342],[31.0068466,-29.7386934],[31.0068527,-29.7388911],[31.0068326,-29.7390556],[31.0067885,-29.739241],[31.0067525,-29.7393701],[31.0066507,-29.7396318],[31.00657,-29.7398394],[31.0064631,-29.7400783],[31.0064038,-29.740192],[31.0065515,-29.739986],[31.0066901,-29.7397891],[31.0067566,-29.739678],[31.0068398,-29.7395104],[31.0069089,-29.7393514],[31.0070162,-29.7391028],[31.0070685,-29.7389596],[31.0070953,-29.7388821],[31.0071194,-29.7387738],[31.0071375,-29.7386783],[31.0071462,-29.7385799],[31.0071483,-29.7384885],[31.0071395,-29.7383645],[31.0071248,-29.7382463],[31.0071094,-29.7381613],[31.0070839,-29.7380617],[31.0070571,-29.7379791],[31.0070215,-29.7378894],[31.0069739,-29.7377834],[31.0069196,-29.7376914],[31.0068552,-29.7375884],[31.0067771,-29.7374844],[31.0066973,-29.7373852],[31.0065769,-29.7372472],[31.0063245,-29.7369598],[31.006188,-29.7368274],[31.0060472,-29.7367057],[31.0058735,-29.7365764],[31.0056502,-29.7364285],[31.0050843,-29.7360641],[31.0046364,-29.7357846],[31.0042065,-29.7355249],[31.0038143,-29.7353135],[31.0033824,-29.7351022],[31.0020125,-29.73445],[31.0014412,-29.7341746],[31.0011448,-29.7340256],[31.0005359,-29.7337344],[30.999913,-29.733434],[30.9994034,-29.7331929],[30.9989119,-29.7329571],[30.9986202,-29.7328168],[30.9976948,-29.7323707],[30.9969679,-29.7320243],[30.9966434,-29.7318677],[30.9963718,-29.7317349],[30.9960748,-29.7316068],[30.995889,-29.7315294],[30.9957073,-29.7314636],[30.9955578,-29.7314164],[30.9953915,-29.7313704],[30.9952111,-29.7313314],[30.9950367,-29.7312976],[30.9948436,-29.7312644],[30.9946478,-29.7312341],[30.9943615,-29.7311986],[30.994155,-29.7311614],[30.9940215,-29.7311322],[30.993701,-29.7310734],[30.9936152,-29.7310618],[30.9928297,-29.7309648],[30.9922861,-29.7308953],[30.9917906,-29.73083],[30.9913293,-29.7307683],[30.990994,-29.7307223],[30.9908129,-29.7306915],[30.9906299,-29.7306431],[30.9904522,-29.7305983],[30.9902745,-29.730543],[30.9901109,-29.7304853],[30.9899493,-29.7304219],[30.9897716,-29.7303438],[30.9896247,-29.7302675],[30.9894819,-29.7301866],[30.9893283,-29.7300911],[30.9891533,-29.7299683],[30.9889783,-29.7298256],[30.988877,-29.7297382],[30.9887771,-29.7296381],[30.9886631,-29.7295234],[30.9884584,-29.7292755],[30.9882434,-29.7289848],[30.9880254,-29.7286738],[30.9878473,-29.7284226],[30.9878029,-29.72836],[30.9877821,-29.7283306],[30.9877379,-29.7282683],[30.9876563,-29.7281532],[30.9875966,-29.728069],[30.9875406,-29.72799],[30.9869505,-29.7272309]]}},{"type":"Feature","properties":{"routeId":"kzn-winklespruit","source":"OpenStreetMap","license":"ODbL","stations":18},"geometry":{"type":"LineString","coordinates":[[31.024811,-29.8392475],[31.0248403,-29.8391642],[31.0248727,-29.8390615],[31.0249871,-29.8386916],[31.025114,-29.838262],[31.0251527,-29.8381315],[31.0251365,-29.8382592],[31.0251248,-29.8383447],[31.0250668,-29.8386135],[31.0250429,-29.83869],[31.0249269,-29.839071],[31.0248917,-29.8391898],[31.024826,-29.8393806],[31.0247281,-29.8396155],[31.0246523,-29.8397784],[31.0245746,-29.8399488],[31.0244132,-29.8403246],[31.0240988,-29.8409778],[31.0236893,-29.8417851],[31.0235206,-29.8421296],[31.0234861,-29.8422001],[31.0232352,-29.842702],[31.0230149,-29.84313],[31.0229471,-29.8432696],[31.0228819,-29.8434066],[31.0228237,-29.843544],[31.0227683,-29.8436968],[31.0224245,-29.8447601],[31.0219978,-29.8460868],[31.0219353,-29.8462979],[31.0218808,-29.8465132],[31.0217313,-29.8471126],[31.021584,-29.8477118],[31.0215124,-29.847943],[31.0214243,-29.8482434],[31.0213937,-29.8483551],[31.02137,-29.8484731],[31.0213385,-29.8486368],[31.021317,-29.8487349],[31.0212854,-29.8489119],[31.0212513,-29.8490785],[31.0212239,-29.849189],[31.0211932,-29.8493003],[31.0211521,-29.8494275],[31.021085,-29.8495979],[31.0210018,-29.8497846],[31.0207766,-29.8502668],[31.0206647,-29.8505112],[31.0205301,-29.8507488],[31.0205225,-29.8507603],[31.0203917,-29.8509996],[31.0202023,-29.8514044],[31.0200764,-29.8516601],[31.0199666,-29.8518474],[31.0198344,-29.8520336],[31.0196985,-29.8522025],[31.0196053,-29.8523053],[31.0195142,-29.8523953],[31.0193855,-29.8524947],[31.0192501,-29.8525883],[31.0190003,-29.8527205],[31.0186259,-29.8528892],[31.0184008,-29.8529717],[31.0181232,-29.8530364],[31.0178657,-29.8530828],[31.0170684,-29.8532055],[31.0162859,-29.8533352],[31.0158098,-29.8534112],[31.0156146,-29.8534515],[31.0154483,-29.853493],[31.0152975,-29.8535416],[31.0151707,-29.8535887],[31.0150346,-29.8536527],[31.014962,-29.8536935],[31.0148221,-29.8537684],[31.0145753,-29.8539261],[31.01447,-29.8540034],[31.0143621,-29.854104],[31.0142427,-29.8542141],[31.0141387,-29.8543144],[31.0137033,-29.8547711],[31.0132377,-29.855264],[31.0131494,-29.8553667],[31.0130788,-29.8554548],[31.0129961,-29.8555787],[31.0129044,-29.8557181],[31.0128262,-29.8558541],[31.0127582,-29.8559982],[31.0124854,-29.8566398],[31.0122343,-29.8572535],[31.0120835,-29.8576381],[31.0119675,-29.857926],[31.0119253,-29.8580551],[31.0118964,-29.8581522],[31.0118716,-29.8582429],[31.0118589,-29.8583226],[31.0118421,-29.8584104],[31.0118307,-29.8584977],[31.01182,-29.858607],[31.0118186,-29.8587082],[31.0118124,-29.8588538],[31.0118172,-29.8590028],[31.0118399,-29.8592819],[31.0118579,-29.8595315],[31.0118763,-29.8597892],[31.0118955,-29.860023],[31.0119143,-29.8601554],[31.0119381,-29.8602906],[31.011956,-29.8604468],[31.0119631,-29.8606208],[31.011967,-29.8607539],[31.0119614,-29.8608718],[31.0119523,-29.8609762],[31.011932,-29.8611078],[31.0118989,-29.8612803],[31.0118353,-29.8615957],[31.0117103,-29.862156],[31.0116223,-29.8625316],[31.0115893,-29.8626783],[31.0115337,-29.862844],[31.0115015,-29.8629277],[31.0114659,-29.8629975],[31.0114156,-29.8630888],[31.0113714,-29.8631621],[31.0113037,-29.8632511],[31.0111582,-29.8634255],[31.0109865,-29.8636017],[31.0107045,-29.863886],[31.0102538,-29.8643446],[31.0098954,-29.8647103],[31.0095307,-29.8650822],[31.0090399,-29.8655614],[31.0085913,-29.8659719],[31.0081433,-29.866358],[31.0076791,-29.8667804],[31.0074741,-29.8669744],[31.0069295,-29.8674828],[31.0063791,-29.8679967],[31.0059099,-29.8684273],[31.0054692,-29.8688462],[31.0052142,-29.8690887],[31.0048462,-29.8694533],[31.004407,-29.8698906],[31.0039807,-29.870303],[31.0037706,-29.8705146],[31.0030358,-29.8712426],[31.0020131,-29.8722471],[31.0010164,-29.8732291],[31.0004525,-29.8737823],[31.0000985,-29.8741369],[30.9992183,-29.8750041],[30.9989445,-29.8752681],[30.9987932,-29.8754075],[30.9984192,-29.8757452],[30.9982042,-29.875938],[30.9980494,-29.8760786],[30.9979664,-29.8761604],[30.997889,-29.8762395],[30.9978027,-29.8763297],[30.9977028,-29.8764495],[30.9976002,-29.8765796],[30.9973124,-29.8769585],[30.9967755,-29.8776815],[30.9964563,-29.8781156],[30.9961583,-29.8785545],[30.995881,-29.8789612],[30.9957034,-29.8792206],[30.9955123,-29.879509],[30.9953123,-29.8798188],[30.9952444,-29.8799157],[30.9950669,-29.8801653],[30.9949509,-29.8803124],[30.9948181,-29.8804665],[30.9946539,-29.8806368],[30.9945211,-29.8807659],[30.9942663,-29.8809737],[30.9940014,-29.8812054],[30.9937106,-29.8814421],[30.9927422,-29.882253],[30.9919408,-29.8829101],[30.9916418,-29.8831623],[30.9904246,-29.8841709],[30.9893072,-29.8850966],[30.988561,-29.8857182],[30.9883433,-29.8859124],[30.9881228,-29.8861234],[30.9871299,-29.8870839],[30.986632,-29.8875612],[30.9864156,-29.8877791],[30.9862257,-29.8879523],[30.986072,-29.8881125],[30.9858576,-29.8883403],[30.9856531,-29.8885759],[30.9854124,-29.8888794],[30.985262,-29.8890795],[30.9850722,-29.8893637],[30.9848889,-29.8896579],[30.9846291,-29.8900896],[30.9844613,-29.8903757],[30.9843651,-29.8905396],[30.9842694,-29.8907141],[30.984184,-29.8908758],[30.9841177,-29.8910027],[30.9840411,-29.8911531],[30.983862,-29.8915648],[30.9836512,-29.892151],[30.9834281,-29.8928812],[30.9833128,-29.8932021],[30.9832437,-29.8933951],[30.9831204,-29.8936887],[30.9829165,-29.8941235],[30.9828045,-29.8944153],[30.9827433,-29.8946173],[30.9826424,-29.8948346],[30.982492,-29.8951641],[30.9824071,-29.8953469],[30.9821809,-29.8958338],[30.9820061,-29.8962081],[30.9818374,-29.8965682],[30.9816552,-29.8969627],[30.9813046,-29.8977033],[30.9810541,-29.8982459],[30.9806726,-29.8990629],[30.9805401,-29.89934],[30.9803161,-29.8998106],[30.9801412,-29.9002022],[30.9798904,-29.9007259],[30.9797,-29.9011377],[30.9794698,-29.9016327],[30.9794276,-29.9017401],[30.9793911,-29.90184],[30.9793657,-29.9019312],[30.9793435,-29.9020272],[30.9793317,-29.9020994],[30.9792419,-29.9027036],[30.9791849,-29.9029251],[30.9791473,-29.9030425],[30.9791191,-29.9031279],[30.9787298,-29.9041262],[30.9785389,-29.9045873],[30.9784502,-29.9047471],[30.9783453,-29.9049087],[30.9782496,-29.9050329],[30.9780448,-29.9052565],[30.9778754,-29.9054128],[30.9776798,-29.9055709],[30.9773127,-29.9057992],[30.9768749,-29.9060007],[30.975755,-29.9064476],[30.9755287,-29.9065485],[30.9752861,-29.9066742],[30.9751247,-29.9067808],[30.9748202,-29.9070706],[30.9747052,-29.9072013],[30.9746325,-29.907298],[30.97456,-29.9073991],[30.97437,-29.9077037],[30.9743125,-29.9078361],[30.9742756,-29.9079471],[30.9742352,-29.9081052],[30.974213,-29.9082897],[30.9742088,-29.9084776],[30.9742166,-29.9086716],[30.9742664,-29.9094497],[30.9742854,-29.9097242],[30.9743022,-29.9099985],[30.9743189,-29.9101876],[30.9743376,-29.9103215],[30.9743699,-29.9105027],[30.9744134,-29.9106997],[30.9744643,-29.9108949],[30.9747545,-29.9117359],[30.9748247,-29.9119376],[30.9750695,-29.9126285],[30.9752825,-29.913232],[30.9753456,-29.9134221],[30.9754226,-29.913658],[30.9754884,-29.9138886],[30.9756664,-29.9145478],[30.9757356,-29.914779],[30.9758306,-29.915101],[30.9759091,-29.91534],[30.9759518,-29.9154866],[30.976008,-29.9156315],[30.9760348,-29.9156941],[30.9760857,-29.9158055],[30.9761388,-29.9159229],[30.9761964,-29.9160437],[30.9762539,-29.9161663],[30.976309,-29.9162839],[30.9763487,-29.9163678],[30.9764022,-29.9164857],[30.9764764,-29.9166433],[30.9764997,-29.9166991],[30.9765601,-29.9168786],[30.9762286,-29.9157262],[30.9765601,-29.9168786],[30.9764997,-29.9166991],[30.9764764,-29.9166433],[30.9764022,-29.9164857],[30.9763487,-29.9163678],[30.976309,-29.9162839],[30.9762539,-29.9161663],[30.9761964,-29.9160437],[30.9761388,-29.9159229],[30.9760857,-29.9158055],[30.9760348,-29.9156941],[30.976008,-29.9156315],[30.9759518,-29.9154866],[30.9759091,-29.91534],[30.9758306,-29.915101],[30.9757356,-29.914779],[30.9756664,-29.9145478],[30.9754884,-29.9138886],[30.9754226,-29.913658],[30.9753456,-29.9134221],[30.9752825,-29.913232],[30.9750695,-29.9126285],[30.9748247,-29.9119376],[30.9750695,-29.9126285],[30.9752825,-29.913232],[30.9753456,-29.9134221],[30.9754226,-29.913658],[30.9754884,-29.9138886],[30.9756664,-29.9145478],[30.9757356,-29.914779],[30.9758306,-29.915101],[30.9759091,-29.91534],[30.9759518,-29.9154866],[30.9760597,-29.9158353],[30.9761147,-29.9160248],[30.9761518,-29.916187],[30.976168,-29.9162669],[30.9761928,-29.9164206],[30.9762069,-29.9164859],[30.9762392,-29.9166155],[30.9762852,-29.9167789],[30.9763262,-29.9169412],[30.9763656,-29.9171442],[30.9763905,-29.9172993],[30.9764057,-29.9174318],[30.976423,-29.9177005],[30.9764279,-29.917873],[30.9764202,-29.918056],[30.9764039,-29.9182485],[30.976384,-29.9183968],[30.9763643,-29.9185241],[30.976328,-29.9187002],[30.9762951,-29.9188369],[30.976205,-29.9191214],[30.9761259,-29.9193603],[30.9757991,-29.9202738],[30.9756265,-29.9207677],[30.9754789,-29.9211772],[30.9752676,-29.9217786],[30.9751649,-29.9220666],[30.9749583,-29.9226636],[30.9747855,-29.9231413],[30.9747115,-29.9233329],[30.9746472,-29.9234803],[30.9745353,-29.9237262],[30.9744449,-29.9239009],[30.9743739,-29.9240237],[30.9742704,-29.9241995],[30.9741932,-29.9243161],[30.974104,-29.9244489],[30.9739218,-29.9246891],[30.9737122,-29.9249526],[30.9729818,-29.9258534],[30.9727895,-29.9260974],[30.9723512,-29.9266386],[30.9717585,-29.9273674],[30.9714869,-29.9277079],[30.9708256,-29.9285675],[30.970571,-29.9288952],[30.970398,-29.9291174],[30.9700687,-29.9295367],[30.9699071,-29.9297465],[30.9695481,-29.930203],[30.9691337,-29.9307325],[30.9684668,-29.9315843],[30.967624,-29.9326625],[30.9672755,-29.9331066],[30.9670066,-29.9334499],[30.9667772,-29.9337433],[30.966181,-29.9345042],[30.965854,-29.9349238],[30.9656381,-29.9351981],[30.9654292,-29.935464],[30.9651637,-29.9358063],[30.9649109,-29.9361273],[30.9644404,-29.936727],[30.9639587,-29.9373429],[30.9635004,-29.9379287],[30.9634265,-29.9380217],[30.9631239,-29.938412],[30.9629208,-29.9386695],[30.9627826,-29.9388462],[30.9626806,-29.9389767],[30.9624623,-29.9392545],[30.9621178,-29.9396931],[30.9617886,-29.9401171],[30.96132,-29.9407173],[30.9609702,-29.941162],[30.960439,-29.94184],[30.9602427,-29.9420866],[30.9601406,-29.9422118],[30.9600278,-29.9423417],[30.9599239,-29.94246],[30.9597815,-29.9426112],[30.9595804,-29.942819],[30.9593118,-29.9430878],[30.9591012,-29.943309],[30.9588531,-29.9435851],[30.9583001,-29.9442901],[30.9581463,-29.9444901],[30.957816,-29.9449445],[30.9576583,-29.9451719],[30.9575797,-29.9452818],[30.9574987,-29.945398],[30.9574114,-29.9455234],[30.9572799,-29.9457097],[30.9571409,-29.9458959],[30.9570101,-29.9460682],[30.9569239,-29.9461779],[30.9568427,-29.9462804],[30.9567559,-29.9463912],[30.9566956,-29.9464689],[30.9566178,-29.94657],[30.9565285,-29.9466849],[30.9564515,-29.9467759],[30.9563478,-29.9469126],[30.9561039,-29.9472254],[30.9558662,-29.9475324],[30.9556225,-29.947794],[30.95544,-29.9479796],[30.9550273,-29.9483813],[30.9540158,-29.9493543],[30.9530223,-29.9503015],[30.9520639,-29.9512255],[30.9517714,-29.9515026],[30.9510721,-29.9521769],[30.9502587,-29.9529533],[30.9497302,-29.9534565],[30.9491709,-29.9539539],[30.948732,-29.954376],[30.9481564,-29.9549295],[30.948093,-29.9549948],[30.9478153,-29.9552716],[30.9473944,-29.9557052],[30.9472378,-29.9558585],[30.946338,-29.9567223],[30.9454475,-29.957577],[30.9448104,-29.9581928],[30.9446423,-29.9583533],[30.9443951,-29.9585898],[30.9441017,-29.9588722],[30.9438068,-29.9591698],[30.9436807,-29.9593091],[30.9435357,-29.9594787],[30.943409,-29.9596391],[30.9432898,-29.9598003],[30.9431621,-29.9599798],[30.9428868,-29.9603854],[30.9425855,-29.9608392],[30.9424788,-29.9610133],[30.9423692,-29.9612124],[30.9422757,-29.96137],[30.9421112,-29.9616212],[30.9416827,-29.9622435],[30.9406919,-29.9637328],[30.9405863,-29.9638879],[30.9403556,-29.9642328],[30.9391189,-29.9659751],[30.938929,-29.9663142],[30.9387328,-29.9666471],[30.9383867,-29.9671703],[30.9380024,-29.9677388],[30.937519,-29.9684589],[30.936777,-29.9695568],[30.9364239,-29.9700865],[30.9355918,-29.971321],[30.9351248,-29.9720195],[30.9349904,-29.9722205],[30.9346709,-29.9727051],[30.9344718,-29.9730124],[30.9339152,-29.9739249],[30.9336524,-29.9743554],[30.9334566,-29.9746725],[30.9333037,-29.974917],[30.9331562,-29.9751732],[30.9328537,-29.9756536],[30.9326512,-29.9759823],[30.93233,-29.9765069],[30.93209,-29.9769013],[30.9319371,-29.9771638],[30.9317793,-29.9774371],[30.9315509,-29.9778821],[30.9310491,-29.9788931],[30.9309897,-29.9790144],[30.9308681,-29.9792645],[30.9305236,-29.9799477],[30.9302461,-29.9805148],[30.9300353,-29.9809392],[30.9297786,-29.9814463],[30.9295302,-29.9819458],[30.9294295,-29.9821578],[30.9291376,-29.9827334],[30.9290831,-29.9828433],[30.9287561,-29.98351],[30.9286362,-29.9837479],[30.9284743,-29.9840641],[30.9284374,-29.9841427],[30.9279826,-29.9850603],[30.9276712,-29.9856915],[30.9274048,-29.9862144],[30.9273017,-29.9863907],[30.927006,-29.9869064],[30.9268623,-29.9871559],[30.9266721,-29.9875063],[30.9264492,-29.9879393],[30.9260362,-29.9887631],[30.9259645,-29.9889067],[30.9257727,-29.9892952],[30.9256829,-29.9894794],[30.9255644,-29.9897076],[30.9254011,-29.9900709],[30.9252995,-29.9903737],[30.9252772,-29.9904614],[30.925241,-29.9906084],[30.9252101,-29.9907245],[30.9251779,-29.9908912],[30.9251499,-29.9910842],[30.9251144,-29.9915592],[30.9250856,-29.9919881],[30.9250835,-29.9920474],[30.9250694,-29.9923324],[30.9250339,-29.9929065],[30.9249627,-29.9940611],[30.9249486,-29.9943622],[30.9249144,-29.9949228],[30.924858,-29.995923],[30.9248036,-29.9967778],[30.9247755,-29.9972398],[30.9247452,-29.9977883],[30.924699,-29.9986384],[30.9246533,-29.999404],[30.9246143,-30.0000378],[30.9245418,-30.0012248],[30.9245237,-30.0015882],[30.9244993,-30.0019235],[30.9244515,-30.0022987],[30.9243937,-30.0025606],[30.924294,-30.0028957],[30.9241725,-30.0032233],[30.9240296,-30.003532],[30.923871,-30.0038093],[30.9237491,-30.0040204],[30.9230748,-30.005137],[30.923012,-30.0052294],[30.9228364,-30.005482],[30.9227405,-30.0055992],[30.9226285,-30.0057171],[30.9224749,-30.0058577],[30.9223516,-30.0059622],[30.9222094,-30.0060661],[30.9221204,-30.0061246],[30.9219915,-30.0062038],[30.9217394,-30.0063391],[30.9214621,-30.0064593],[30.9211365,-30.0065819],[30.9208023,-30.006705],[30.9203571,-30.0068699],[30.9199704,-30.0070138],[30.9198068,-30.0070823],[30.9196439,-30.0071572],[30.9195232,-30.0072159],[30.9193984,-30.007285],[30.9192134,-30.0073906],[30.9190598,-30.0074882],[30.9188697,-30.0076251],[30.9185829,-30.007847],[30.9183228,-30.0080463],[30.9179851,-30.0083061],[30.9176501,-30.0085636],[30.9170991,-30.0089854],[30.9169447,-30.0090865],[30.9167632,-30.0091942],[30.9166224,-30.0092749],[30.916397,-30.009391],[30.9162475,-30.0094584],[30.9160732,-30.009535],[30.9159136,-30.0096007],[30.9157741,-30.0096506],[30.9156427,-30.0096941],[30.9155025,-30.0097371],[30.915231,-30.0098091],[30.9147569,-30.0099113],[30.9144625,-30.009967],[30.914209,-30.010021],[30.9139864,-30.0100687],[30.9137584,-30.0101267],[30.9136076,-30.0101714],[30.9133903,-30.0102365],[30.9131078,-30.0103449],[30.9128345,-30.0104599],[30.9126184,-30.0105673],[30.9123464,-30.0107306],[30.9120516,-30.0109258],[30.9117948,-30.0111123],[30.9115259,-30.0113354],[30.9113092,-30.0115412],[30.9110845,-30.0117923],[30.9108718,-30.0120399],[30.9105607,-30.0124253],[30.910382,-30.012645],[30.9101873,-30.0129101],[30.9100288,-30.013135],[30.9099384,-30.013285],[30.9098581,-30.0134402],[30.9098039,-30.0135431],[30.9097175,-30.0137315],[30.9096411,-30.0139321],[30.9095527,-30.0141576],[30.9094917,-30.0143939],[30.9094621,-30.0145263],[30.9094347,-30.014672],[30.9094059,-30.0149246],[30.9093978,-30.0150796],[30.9093904,-30.0151957],[30.9093972,-30.0154289],[30.9094129,-30.0157099],[30.9095116,-30.0166295],[30.9095481,-30.0169609],[30.9096058,-30.0175245],[30.9096337,-30.0176938],[30.9096595,-30.0180096],[30.9096612,-30.0182958],[30.909647,-30.0185452],[30.9096308,-30.0187023],[30.9095925,-30.0189325],[30.9095381,-30.0191366],[30.9094945,-30.0193118],[30.9094654,-30.0194126],[30.9092913,-30.019975],[30.9092208,-30.0201569],[30.9091422,-30.0203388],[30.9090415,-30.0205434],[30.9089392,-30.0207101],[30.9088688,-30.0208207],[30.9087742,-30.0209542],[30.9086569,-30.0211127],[30.9085596,-30.0212387],[30.9079623,-30.0220207],[30.9074663,-30.0226739],[30.9063628,-30.024126],[30.9060754,-30.0245087],[30.9059537,-30.0246764],[30.9056285,-30.0250992],[30.9055172,-30.025231],[30.9053557,-30.02542],[30.9050933,-30.025692],[30.9048562,-30.0259309],[30.9045584,-30.0262504],[30.9038398,-30.0269896],[30.9028764,-30.027988],[30.9027902,-30.0280844],[30.902564,-30.0283134],[30.9012969,-30.0296318],[30.9007061,-30.0302531],[30.9004688,-30.030494],[30.9003185,-30.0306392],[30.9000738,-30.0308662],[30.8998933,-30.0310271],[30.8993248,-30.0315415],[30.8987177,-30.0320444],[30.8984021,-30.0322972],[30.8981634,-30.0324806],[30.8977242,-30.0328005],[30.8974158,-30.0330066],[30.8970372,-30.0332457],[30.8968692,-30.0333398],[30.8966898,-30.0334434],[30.8964945,-30.0335582],[30.8960605,-30.0338176],[30.8956291,-30.0340908],[30.8953457,-30.0342965],[30.8952076,-30.0343958],[30.8950438,-30.0345257],[30.8948145,-30.0347153],[30.8946296,-30.0348695],[30.8943419,-30.0351406],[30.8942232,-30.0352561],[30.8940551,-30.0354342],[30.8938547,-30.0356599],[30.8937022,-30.0358377],[30.8935291,-30.036053],[30.8933027,-30.0363466],[30.8928495,-30.036949],[30.8927597,-30.0370692],[30.892612,-30.0372661],[30.8914545,-30.0387965],[30.8910589,-30.0393213],[30.8896765,-30.0411468],[30.8885509,-30.0426617],[30.8874178,-30.0441607],[30.8870376,-30.0446674],[30.8864415,-30.0454603],[30.8857245,-30.0464264],[30.8855899,-30.0466288],[30.8854383,-30.0468633],[30.8852681,-30.0471621],[30.8851513,-30.0473659],[30.8850025,-30.0476619],[30.8849247,-30.0478279],[30.8848268,-30.0480729],[30.8846932,-30.0484482],[30.8845969,-30.0487395],[30.884155,-30.0502437],[30.8838148,-30.0513804],[30.8835999,-30.0520975],[30.8833945,-30.0527731],[30.8832718,-30.0531022],[30.8829693,-30.0538753],[30.8828828,-30.0540872],[30.8828,-30.0543193],[30.8826968,-30.0546349],[30.8824507,-30.0553926],[30.8823732,-30.0556322],[30.8823041,-30.0558901],[30.8822231,-30.056255],[30.882169,-30.0564302],[30.8820735,-30.0568545],[30.8820064,-30.0571121],[30.8819622,-30.0573559],[30.8819413,-30.0575288],[30.8819282,-30.0577849],[30.8819433,-30.0580004],[30.8819737,-30.0582252],[30.8820656,-30.0587997],[30.8821131,-30.0590699],[30.8821466,-30.0593025],[30.8821815,-30.0595381],[30.8821964,-30.0597338],[30.8821961,-30.0600457],[30.8821768,-30.0602589],[30.8821519,-30.060422],[30.8821117,-30.0605799],[30.8820594,-30.0607621],[30.8817872,-30.0616675],[30.8816745,-30.0620511],[30.8815803,-30.0623712],[30.8814546,-30.0627997],[30.8813104,-30.0632698],[30.8812091,-30.0635542],[30.8811367,-30.0637254],[30.8810636,-30.0638826],[30.8809919,-30.0640068],[30.8809403,-30.0640992],[30.8808209,-30.0642813],[30.8807143,-30.0644374],[30.8806357,-30.0645392],[30.8805339,-30.0646644],[30.8804354,-30.0647797],[30.8802535,-30.0649905],[30.8800733,-30.0651815],[30.8793866,-30.0659417],[30.878688,-30.0667036],[30.877343,-30.0681869],[30.8767949,-30.0687922],[30.8763651,-30.0692576],[30.8761492,-30.0694758],[30.8760151,-30.0696029],[30.8758669,-30.0697323],[30.8756945,-30.0698768],[30.8755108,-30.0700155],[30.8751799,-30.0702465],[30.8745309,-30.0706649],[30.8735309,-30.0713006],[30.871996,-30.0722842],[30.8717819,-30.0724307],[30.8716772,-30.0725114],[30.8715574,-30.0726096],[30.8713453,-30.0728119],[30.8712421,-30.0729297],[30.8711529,-30.0730342],[30.8710704,-30.0731444],[30.8710047,-30.0732431],[30.8709095,-30.0734033],[30.8708228,-30.0735699],[30.8707733,-30.0736789],[30.8707123,-30.0738367],[30.8706647,-30.0739632],[30.8706347,-30.0740889],[30.8705943,-30.074265],[30.8705774,-30.0743678],[30.8705606,-30.0745387],[30.8705501,-30.0746809],[30.8705487,-30.0747768],[30.8705521,-30.0748975],[30.8705638,-30.0750438],[30.8706131,-30.0754308],[30.8706728,-30.0758462],[30.8707117,-30.076094],[30.8707378,-30.0762954],[30.8707546,-30.0764776],[30.8707673,-30.0766389],[30.870772,-30.076788],[30.870772,-30.0769435],[30.8707687,-30.0770543],[30.8707653,-30.0771605],[30.870759,-30.0772593],[30.8707331,-30.0774408],[30.8707029,-30.0776172],[30.87066,-30.0778058],[30.8706178,-30.0779828],[30.8705621,-30.0781499],[30.8705045,-30.0783112],[30.8704226,-30.0785073],[30.8702666,-30.0788493],[30.8696354,-30.0800373],[30.8695503,-30.0801918],[30.8694137,-30.0804538],[30.8693277,-30.0806185],[30.8691281,-30.0809961],[30.868612,-30.0819663],[30.8682695,-30.082598],[30.8681361,-30.0828348],[30.8679376,-30.0831533],[30.8677746,-30.0833953],[30.8676928,-30.0835032],[30.8674025,-30.0838954],[30.8671302,-30.0842592],[30.8668835,-30.0845859],[30.8667031,-30.0848215],[30.8664208,-30.0851969],[30.8662532,-30.085415],[30.8660433,-30.0857005],[30.8657003,-30.0861395],[30.8654481,-30.086422],[30.8653318,-30.0865389],[30.8649114,-30.0869236],[30.8643622,-30.0874278],[30.8639959,-30.087761],[30.8638164,-30.0879556],[30.8637393,-30.0880613],[30.8636655,-30.0881635],[30.8635978,-30.0882783],[30.86352,-30.0884095],[30.8633069,-30.0888184],[30.863062,-30.0892972],[30.8629527,-30.0894973],[30.8628655,-30.0896406],[30.8627663,-30.0897938],[30.8626496,-30.0899603],[30.8625128,-30.0901384],[30.862378,-30.0903003],[30.8622593,-30.0904245],[30.8621071,-30.0905846],[30.8618409,-30.0908364],[30.8614632,-30.0911892],[30.8608888,-30.0917321],[30.8607888,-30.0918215],[30.8605568,-30.0920391],[30.8601122,-30.092458],[30.8597126,-30.0928219],[30.859636,-30.0928914],[30.8591634,-30.0933108],[30.8588644,-30.0935948],[30.8586759,-30.0937953],[30.8585304,-30.0939743],[30.8583912,-30.0941415],[30.8583014,-30.0942788],[30.8581884,-30.0944462],[30.8581173,-30.0945773],[30.8580215,-30.0947438],[30.8579551,-30.0948796],[30.8578321,-30.0951556],[30.8575751,-30.0959087],[30.8575113,-30.0960974],[30.857312,-30.0966874],[30.857223,-30.0969323],[30.8570024,-30.0975638],[30.856661,-30.0985755]]}},{"type":"Feature","properties":{"routeId":"kzn-catoridge","source":"OpenStreetMap","license":"ODbL","stations":24},"geometry":{"type":"LineString","coordinates":[[31.024811,-29.8392475],[31.0248403,-29.8391642],[31.0248727,-29.8390615],[31.0249871,-29.8386916],[31.025114,-29.838262],[31.0251527,-29.8381315],[31.0251365,-29.8382592],[31.0251248,-29.8383447],[31.0250668,-29.8386135],[31.0250429,-29.83869],[31.0249269,-29.839071],[31.0248917,-29.8391898],[31.024826,-29.8393806],[31.0247281,-29.8396155],[31.0246523,-29.8397784],[31.0245746,-29.8399488],[31.0244132,-29.8403246],[31.0240988,-29.8409778],[31.0236893,-29.8417851],[31.0235206,-29.8421296],[31.0234861,-29.8422001],[31.0232352,-29.842702],[31.0230149,-29.84313],[31.0229471,-29.8432696],[31.0228819,-29.8434066],[31.0228237,-29.843544],[31.0227683,-29.8436968],[31.0224245,-29.8447601],[31.0219978,-29.8460868],[31.0219353,-29.8462979],[31.0218808,-29.8465132],[31.0217313,-29.8471126],[31.021584,-29.8477118],[31.0215124,-29.847943],[31.0214243,-29.8482434],[31.0213937,-29.8483551],[31.02137,-29.8484731],[31.0213385,-29.8486368],[31.021317,-29.8487349],[31.0212854,-29.8489119],[31.0212513,-29.8490785],[31.0212239,-29.849189],[31.0211932,-29.8493003],[31.0211521,-29.8494275],[31.021085,-29.8495979],[31.0210018,-29.8497846],[31.0207766,-29.8502668],[31.0206647,-29.8505112],[31.0205301,-29.8507488],[31.0205225,-29.8507603],[31.0203917,-29.8509996],[31.0202023,-29.8514044],[31.0200764,-29.8516601],[31.0199666,-29.8518474],[31.0198344,-29.8520336],[31.0196985,-29.8522025],[31.0196053,-29.8523053],[31.0195142,-29.8523953],[31.0193855,-29.8524947],[31.0192501,-29.8525883],[31.0190003,-29.8527205],[31.0186259,-29.8528892],[31.0184008,-29.8529717],[31.0181232,-29.8530364],[31.0178657,-29.8530828],[31.0170684,-29.8532055],[31.0162859,-29.8533352],[31.0158098,-29.8534112],[31.0156146,-29.8534515],[31.0154483,-29.853493],[31.0152975,-29.8535416],[31.0151707,-29.8535887],[31.0150346,-29.8536527],[31.014962,-29.8536935],[31.0148221,-29.8537684],[31.0145753,-29.8539261],[31.01447,-29.8540034],[31.0143621,-29.854104],[31.0142427,-29.8542141],[31.0141387,-29.8543144],[31.0137033,-29.8547711],[31.0132377,-29.855264],[31.0131494,-29.8553667],[31.0130788,-29.8554548],[31.0129961,-29.8555787],[31.0129044,-29.8557181],[31.0128262,-29.8558541],[31.0127582,-29.8559982],[31.0124854,-29.8566398],[31.0122343,-29.8572535],[31.0120835,-29.8576381],[31.0119675,-29.857926],[31.0119253,-29.8580551],[31.0118964,-29.8581522],[31.0118716,-29.8582429],[31.0118589,-29.8583226],[31.0118421,-29.8584104],[31.0118307,-29.8584977],[31.01182,-29.858607],[31.0118186,-29.8587082],[31.0118124,-29.8588538],[31.0118172,-29.8590028],[31.0118399,-29.8592819],[31.0118579,-29.8595315],[31.0118763,-29.8597892],[31.0118955,-29.860023],[31.0119143,-29.8601554],[31.0119381,-29.8602906],[31.011956,-29.8604468],[31.0119631,-29.8606208],[31.011967,-29.8607539],[31.0119614,-29.8608718],[31.0119523,-29.8609762],[31.011932,-29.8611078],[31.0118989,-29.8612803],[31.0118353,-29.8615957],[31.0117103,-29.862156],[31.0116223,-29.8625316],[31.0115893,-29.8626783],[31.0115337,-29.862844],[31.0115015,-29.8629277],[31.0114659,-29.8629975],[31.0114156,-29.8630888],[31.0113714,-29.8631621],[31.0113037,-29.8632511],[31.0111582,-29.8634255],[31.0109865,-29.8636017],[31.0107045,-29.863886],[31.0102538,-29.8643446],[31.0098954,-29.8647103],[31.0095307,-29.8650822],[31.0090399,-29.8655614],[31.0085913,-29.8659719],[31.0081433,-29.866358],[31.0076791,-29.8667804],[31.0074741,-29.8669744],[31.0069295,-29.8674828],[31.0063791,-29.8679967],[31.0059099,-29.8684273],[31.0054692,-29.8688462],[31.0052142,-29.8690887],[31.0048462,-29.8694533],[31.004407,-29.8698906],[31.0039807,-29.870303],[31.0037706,-29.8705146],[31.0030358,-29.8712426],[31.0020131,-29.8722471],[31.0010164,-29.8732291],[31.0004525,-29.8737823],[31.0000985,-29.8741369],[30.9992183,-29.8750041],[30.9989445,-29.8752681],[30.9987932,-29.8754075],[30.9984192,-29.8757452],[30.9982042,-29.875938],[30.9980494,-29.8760786],[30.9979664,-29.8761604],[30.997889,-29.8762395],[30.9978027,-29.8763297],[30.9977028,-29.8764495],[30.9976002,-29.8765796],[30.9973124,-29.8769585],[30.9967755,-29.8776815],[30.9964563,-29.8781156],[30.9961583,-29.8785545],[30.995881,-29.8789612],[30.9957034,-29.8792206],[30.9955123,-29.879509],[30.9953123,-29.8798188],[30.9952444,-29.8799157],[30.9950669,-29.8801653],[30.9949509,-29.8803124],[30.9948181,-29.8804665],[30.9946539,-29.8806368],[30.9945211,-29.8807659],[30.9942663,-29.8809737],[30.9940014,-29.8812054],[30.9937106,-29.8814421],[30.9927422,-29.882253],[30.9919408,-29.8829101],[30.9916418,-29.8831623],[30.9904246,-29.8841709],[30.9893072,-29.8850966],[30.988561,-29.8857182],[30.9883433,-29.8859124],[30.9881228,-29.8861234],[30.9871299,-29.8870839],[30.986632,-29.8875612],[30.9864156,-29.8877791],[30.9862257,-29.8879523],[30.986072,-29.8881125],[30.9858576,-29.8883403],[30.9856531,-29.8885759],[30.9854124,-29.8888794],[30.985262,-29.8890795],[30.9850722,-29.8893637],[30.9848889,-29.8896579],[30.9846291,-29.8900896],[30.9844613,-29.8903757],[30.9843651,-29.8905396],[30.9842694,-29.8907141],[30.984184,-29.8908758],[30.9841177,-29.8910027],[30.9840411,-29.8911531],[30.983862,-29.8915648],[30.9836512,-29.892151],[30.9834281,-29.8928812],[30.9833128,-29.8932021],[30.9832437,-29.8933951],[30.9831204,-29.8936887],[30.9829165,-29.8941235],[30.9828045,-29.8944153],[30.9827433,-29.8946173],[30.9826424,-29.8948346],[30.982492,-29.8951641],[30.9824071,-29.8953469],[30.9821809,-29.8958338],[30.9820061,-29.8962081],[30.9818374,-29.8965682],[30.9816552,-29.8969627],[30.9813046,-29.8977033],[30.9810541,-29.8982459],[30.9806726,-29.8990629],[30.9805401,-29.89934],[30.9806726,-29.8990629],[30.9810541,-29.8982459],[30.9813046,-29.8977033],[30.9816552,-29.8969627],[30.9818374,-29.8965682],[30.9820061,-29.8962081],[30.9821809,-29.8958338],[30.9824071,-29.8953469],[30.982492,-29.8951641],[30.9823801,-29.89546],[30.9822829,-29.8957227],[30.9820489,-29.896216],[30.9818807,-29.8965688],[30.9817107,-29.896943],[30.9813531,-29.8976963],[30.9809099,-29.8986473],[30.9806418,-29.89922],[30.9804051,-29.8997324],[30.9803323,-29.899888],[30.980184,-29.9002256],[30.9800157,-29.900597],[30.9798718,-29.900903],[30.9797823,-29.9011371],[30.9797028,-29.9013834],[30.9796079,-29.9016996],[30.9795684,-29.9018172],[30.979542,-29.901902],[30.9795043,-29.9020196],[30.9794621,-29.902198],[30.9794339,-29.902373],[30.979384,-29.9028379],[30.9793632,-29.9029629],[30.9793411,-29.9030658],[30.9793143,-29.903175],[30.9792767,-29.9032878],[30.9792367,-29.9034022],[30.9790409,-29.9038386],[30.9788385,-29.9042902],[30.9786364,-29.9047439],[30.9784553,-29.9051584],[30.9783652,-29.9053291],[30.9782736,-29.9054775],[30.9782012,-29.9055682],[30.9781024,-29.9056804],[30.9780187,-29.9057597],[30.9778578,-29.905898],[30.9776935,-29.9060035],[30.9775264,-29.9060911],[30.9773435,-29.906161],[30.9771591,-29.9062134],[30.9769982,-29.9062447],[30.9768681,-29.9062657],[30.9767494,-29.9062756],[30.9765105,-29.9062805],[30.9758522,-29.9062478],[30.9757072,-29.9062422],[30.9756222,-29.9062388],[30.9751936,-29.9062352],[30.974723,-29.9062453],[30.9743462,-29.9062546],[30.9741577,-29.9062616],[30.9737004,-29.9062721],[30.9731695,-29.9062866],[30.9727736,-29.9063021],[30.9723982,-29.9063087],[30.9722044,-29.9063035],[30.9720469,-29.9062907],[30.971849,-29.906261],[30.9716653,-29.9062198],[30.9715004,-29.9061715],[30.97132,-29.9061052],[30.9711302,-29.9060198],[30.9706672,-29.9057919],[30.9705245,-29.9057291],[30.9703526,-29.905663],[30.9701541,-29.9055982],[30.9699997,-29.9055554],[30.9698334,-29.9055158],[30.9696349,-29.9054711],[30.9693876,-29.9054334],[30.9689804,-29.9053798],[30.9687343,-29.905367],[30.9685265,-29.9053589],[30.9682394,-29.9053625],[30.9677729,-29.9053606],[30.9674414,-29.9053652],[30.967273,-29.9053709],[30.9670925,-29.9053802],[30.9669467,-29.9053948],[30.9667581,-29.9054204],[30.9665681,-29.9054582],[30.9663654,-29.9055106],[30.9662166,-29.9055577],[30.9660341,-29.9056198],[30.965344,-29.9058807],[30.9649581,-29.9060296],[30.9646016,-29.9061602],[30.9643804,-29.9062453],[30.9641622,-29.9063255],[30.9639664,-29.9063918],[30.9637756,-29.9064462],[30.9636468,-29.9064784],[30.9634812,-29.9065078],[30.9632302,-29.9065407],[30.9629983,-29.9065477],[30.9626455,-29.9065212],[30.9623551,-29.9064614],[30.9620991,-29.9063753],[30.9618733,-29.9062716],[30.9616435,-29.9061362],[30.9614298,-29.905971],[30.9612585,-29.9058217],[30.9611073,-29.905653],[30.9609562,-29.9054702],[30.9607748,-29.9052523],[30.9605006,-29.9048886],[30.960355,-29.9047071],[30.9601576,-29.9044637],[30.9599163,-29.9041735],[30.9596517,-29.903872],[30.959497,-29.9037078],[30.9593989,-29.9036128],[30.95925,-29.9034808],[30.9590857,-29.9033587],[30.9589275,-29.9032547],[30.9587934,-29.9031745],[30.9586492,-29.9030913],[30.9583562,-29.9029611],[30.9581812,-29.9028989],[30.9580551,-29.9028582],[30.9578164,-29.9027949],[30.9576636,-29.9027641],[30.9575388,-29.9027414],[30.9573705,-29.9027182],[30.9571686,-29.902703],[30.9570077,-29.9026961],[30.9568173,-29.9026949],[30.9566322,-29.9027054],[30.9564726,-29.9027222],[30.9562594,-29.902753],[30.9561011,-29.9027827],[30.9558658,-29.9028431],[30.9556291,-29.9029187],[30.9554279,-29.9030007],[30.9551805,-29.903114],[30.9550172,-29.9032105],[30.9548438,-29.9033221],[30.9547372,-29.903398],[30.9546118,-29.9034942],[30.9545099,-29.9035811],[30.9544016,-29.9036785],[30.9542577,-29.9038261],[30.9540982,-29.904013],[30.9540056,-29.9041283],[30.953895,-29.9042795],[30.9537596,-29.904455],[30.9536435,-29.9046079],[30.9535396,-29.9047247],[30.9534243,-29.9048509],[30.9532888,-29.9049787],[30.9531212,-29.9051142],[30.9530079,-29.9051973],[30.9528355,-29.9053107],[30.9526324,-29.9054281],[30.9524741,-29.9055019],[30.9523313,-29.9055652],[30.952163,-29.9056269],[30.952,-29.9056786],[30.9518351,-29.9057216],[30.9515595,-29.9057803],[30.9512705,-29.9058158],[30.9509727,-29.9058303],[30.9508212,-29.9058262],[30.9506529,-29.9058169],[30.950496,-29.9058007],[30.9503176,-29.9057751],[30.9501654,-29.9057443],[30.9500152,-29.9057071],[30.9497939,-29.9056426],[30.9496108,-29.905578],[30.9493688,-29.9054804],[30.9487989,-29.9052406],[30.9486822,-29.9051921],[30.9485547,-29.9051381],[30.9483704,-29.9050601],[30.9481728,-29.9049775],[30.9477253,-29.904777],[30.9474892,-29.9046759],[30.9472113,-29.9045475],[30.9470574,-29.9044701],[30.9469143,-29.9043946],[30.9467576,-29.9042969],[30.9466321,-29.9042197],[30.9455618,-29.9034922],[30.9452815,-29.9033007],[30.9450659,-29.9031539],[30.9445664,-29.9028146],[30.9444961,-29.9027663],[30.9442056,-29.9025656],[30.9440344,-29.9024376],[30.943887,-29.9023078],[30.9437757,-29.9022026],[30.9436684,-29.9020805],[30.9435692,-29.9019567],[30.9434599,-29.9018137],[30.9433419,-29.9016625],[30.9432413,-29.9015416],[30.9431487,-29.9014399],[30.9430716,-29.9013638],[30.9429603,-29.9012626],[30.9427849,-29.9011302],[30.9426478,-29.9010424],[30.9424978,-29.900962],[30.9423649,-29.9009022],[30.9422535,-29.9008592],[30.941872,-29.9007507],[30.9416577,-29.9007114],[30.9414713,-29.9006908],[30.9412441,-29.900686],[30.9397233,-29.900683],[30.9394662,-29.9006905],[30.9389086,-29.9007161],[30.9386998,-29.9007188],[30.9383751,-29.9007156],[30.9382007,-29.9007191],[30.9372065,-29.9007749],[30.9360882,-29.900837],[30.9342724,-29.9009344],[30.9340358,-29.9009497],[30.9336363,-29.9009691],[30.9332621,-29.9009929],[30.9327699,-29.901015],[30.9323636,-29.9010284],[30.9320913,-29.9010318],[30.9317212,-29.9010301],[30.9315354,-29.9010185],[30.931294,-29.9009929],[30.9310969,-29.9009615],[30.9309239,-29.9009266],[30.9307274,-29.9008731],[30.9305135,-29.900804],[30.9302725,-29.9007092],[30.9300906,-29.900626],[30.9299427,-29.9005493],[30.9298067,-29.9004795],[30.9296568,-29.9003889],[30.9294567,-29.9002599],[30.9292723,-29.9001346],[30.9289581,-29.8999155],[30.9286905,-29.8997462],[30.9283637,-29.8995485],[30.9276422,-29.8990421],[30.9273755,-29.8988526],[30.9270408,-29.8986175],[30.9269958,-29.8985901],[30.9264419,-29.8982474],[30.9261883,-29.8980711],[30.9253384,-29.8974734],[30.9251231,-29.8973019],[30.9248614,-29.8970214],[30.9244437,-29.8965567],[30.9242893,-29.8963954],[30.9241402,-29.8962461],[30.9239629,-29.896071],[30.9237813,-29.8959107],[30.9235232,-29.895696],[30.9233516,-29.8955695],[30.9231193,-29.8953757],[30.9228921,-29.8951989],[30.9226965,-29.8950009],[30.9224949,-29.8947736],[30.9222912,-29.8945304],[30.9221693,-29.8944079],[30.9220672,-29.8943101],[30.9219164,-29.8941933],[30.9218077,-29.894127],[30.9216978,-29.8940648],[30.9215355,-29.8939945],[30.9214161,-29.8939532],[30.9213176,-29.8939284],[30.9211734,-29.893898],[30.9211153,-29.8938891],[30.9210078,-29.8938753],[30.9208844,-29.8938676],[30.9207154,-29.8938689],[30.9205967,-29.8938875],[30.920413,-29.8939282],[30.9202997,-29.8939613],[30.9201367,-29.89402],[30.9199651,-29.8941003],[30.919782,-29.894227],[30.9196204,-29.8943665],[30.9194326,-29.8945671],[30.9190846,-29.8949693],[30.9189472,-29.8951129],[30.9188214,-29.8952231],[30.9185965,-29.8953761],[30.918392,-29.8954757],[30.9183041,-29.895514],[30.9181026,-29.895584],[30.9178829,-29.8956463],[30.9177073,-29.8956919],[30.9174787,-29.8957437],[30.9172822,-29.8957867],[30.9169308,-29.8958454],[30.9159525,-29.8960146],[30.9152216,-29.8961587],[30.9148242,-29.8962374],[30.9145874,-29.896286],[30.9140686,-29.8963817],[30.9135924,-29.8964668],[30.9129737,-29.8965731],[30.912473,-29.896661],[30.911995,-29.8967454],[30.9116703,-29.8967941],[30.9115034,-29.8968174],[30.9112472,-29.896843],[30.9109448,-29.8968598],[30.9100228,-29.8969069],[30.909485,-29.8969238],[30.9092537,-29.8969208],[30.9090035,-29.8969022],[30.9088359,-29.8968842],[30.9086307,-29.8968534],[30.9082934,-29.8967813],[30.9080091,-29.8966947],[30.9075729,-29.8965338],[30.9072322,-29.8963998],[30.9067584,-29.8962087],[30.9063867,-29.8960671],[30.9062009,-29.8960032],[30.9061,-29.8959739],[30.9058841,-29.895925],[30.9057735,-29.8959064],[30.9056714,-29.8958955],[30.9055971,-29.8958874],[30.9055106,-29.8958826],[30.9053839,-29.8958797],[30.9052712,-29.8958814],[30.9051479,-29.8958896],[30.9050077,-29.8959082],[30.9048756,-29.8959297],[30.9047087,-29.8959611],[30.9045363,-29.8960157],[30.9043707,-29.8960785],[30.9042024,-29.8961535],[30.9040099,-29.8962564],[30.9037209,-29.8963994],[30.9034467,-29.8965325],[30.9032234,-29.8966273],[30.903041,-29.8966901],[30.9028673,-29.8967348],[30.9027252,-29.8967639],[30.9025247,-29.8967924],[30.9023698,-29.8968028],[30.9022008,-29.896804],[30.9020285,-29.8967976],[30.9018588,-29.8967807],[30.9016967,-29.8967548],[30.9015009,-29.8967081],[30.9013151,-29.8966476],[30.9010991,-29.8965616],[30.9009381,-29.8964773],[30.9008241,-29.8964163],[30.9006746,-29.8963111],[30.9004661,-29.896139],[30.9003454,-29.8960279],[30.9002083,-29.8958696],[30.9001154,-29.8957239],[30.900047,-29.895614],[30.8999538,-29.8954396],[30.8998787,-29.895274],[30.8995845,-29.8946226],[30.8992878,-29.8939618],[30.8992791,-29.8939429],[30.8991302,-29.8936036],[30.8989727,-29.8932527],[30.8988336,-29.89292],[30.8987968,-29.8928105],[30.8987726,-29.8927488],[30.8987106,-29.8925254],[30.898677,-29.892326],[30.8986556,-29.8921685],[30.8986489,-29.8919638],[30.8986482,-29.8918051],[30.8986623,-29.8916586],[30.8986784,-29.8915394],[30.8987052,-29.8914022],[30.8987481,-29.891236],[30.898787,-29.8911081],[30.8988862,-29.8908459],[30.8991096,-29.8902589],[30.899151,-29.890318],[30.8988862,-29.8908459],[30.898787,-29.8911081],[30.8987481,-29.891236],[30.8987052,-29.8914022],[30.8986784,-29.8915394],[30.8986623,-29.8916586],[30.8986482,-29.8918051],[30.8986489,-29.8919638],[30.8986556,-29.8921685],[30.898677,-29.892326],[30.8987106,-29.8925254],[30.8987726,-29.8927488],[30.8987968,-29.8928105],[30.8988336,-29.89292],[30.8989727,-29.8932527],[30.8991533,-29.8935892],[30.8990251,-29.8932288],[30.8989004,-29.8929436],[30.89885,-29.8928085],[30.8988226,-29.8927451],[30.8987823,-29.8926033],[30.8987541,-29.8925022],[30.8987213,-29.8923237],[30.8987005,-29.8921644],[30.8986871,-29.8919615],[30.8986884,-29.8918162],[30.8987005,-29.8916807],[30.8987173,-29.891547],[30.8987381,-29.891415],[30.898783,-29.8912505],[30.8988259,-29.8911156],[30.8989165,-29.8908643],[30.8990753,-29.8904663],[30.8991726,-29.890218],[30.8993751,-29.8896971],[30.8995374,-29.8892687],[30.8995876,-29.8891216],[30.8996259,-29.8889681],[30.8996507,-29.8888356],[30.8996715,-29.8886792],[30.8996788,-29.8885303],[30.8996809,-29.8884088],[30.8996601,-29.8882583],[30.8996312,-29.8880955],[30.8995977,-29.8879751],[30.8995467,-29.8878385],[30.8994804,-29.887692],[30.8994281,-29.8875932],[30.8993288,-29.8874385],[30.8992182,-29.8872978],[30.8991223,-29.8871897],[30.8990063,-29.8870798],[30.8988594,-29.886956],[30.8986757,-29.8868327],[30.8985443,-29.8867548],[30.898382,-29.8866763],[30.8981922,-29.8866019],[30.8979408,-29.8865263],[30.8977899,-29.8864932],[30.8976283,-29.88647],[30.8974338,-29.8864531],[30.8972749,-29.8864508],[30.8971415,-29.8864548],[30.8969872,-29.8864682],[30.8968357,-29.8864915],[30.8966674,-29.8865258],[30.8964951,-29.8865717],[30.8962872,-29.886642],[30.8960049,-29.8867647],[30.8957233,-29.8868938],[30.8954678,-29.8870182],[30.894489,-29.8874775],[30.8933079,-29.8879746],[30.892921,-29.8881338],[30.8924563,-29.8883141],[30.8914932,-29.8886673],[30.8913074,-29.8887458],[30.8911143,-29.8888142],[30.8909198,-29.8889043],[30.8906754,-29.8890266],[30.8904748,-29.889137],[30.8903032,-29.8892448],[30.8901261,-29.889367],[30.889868,-29.8895553],[30.8885824,-29.8905442],[30.8884317,-29.8906558],[30.8882841,-29.8907883],[30.8881802,-29.8909064],[30.8880897,-29.891022],[30.8880005,-29.8911389],[30.8879308,-29.8912959],[30.8878765,-29.891479],[30.8878349,-29.8918278],[30.8878121,-29.8920266],[30.8877779,-29.8921795],[30.8877249,-29.8923289],[30.8876545,-29.892469],[30.8875787,-29.8925795],[30.8874922,-29.8926841],[30.887456,-29.8927271],[30.8874044,-29.8927777],[30.887281,-29.8928794],[30.8871536,-29.892962],[30.8870242,-29.8930289],[30.8868579,-29.8931021],[30.8866229,-29.8931725],[30.8863905,-29.8931986],[30.8861947,-29.8931992],[30.8860163,-29.8931823],[30.8858702,-29.8931544],[30.8857347,-29.8931131],[30.8855899,-29.8930573],[30.8854685,-29.892998],[30.8853384,-29.8929207],[30.8852117,-29.8928167],[30.8851238,-29.8927324],[30.8850279,-29.8926237],[30.8849394,-29.8924998],[30.8848804,-29.8923905],[30.8848375,-29.8922702],[30.8847966,-29.8921342],[30.8847731,-29.8919813],[30.8847691,-29.891872],[30.8847772,-29.8917261],[30.8847933,-29.8916319],[30.8848228,-29.8915214],[30.8848576,-29.8914156],[30.8849253,-29.8912621],[30.8850018,-29.891122],[30.8851667,-29.8908302],[30.8852814,-29.8906046],[30.8853444,-29.8904628],[30.8853994,-29.8902924],[30.8854524,-29.890082],[30.8854685,-29.8899524],[30.8854806,-29.889807],[30.8854839,-29.8896843],[30.8854752,-29.8895187],[30.8854457,-29.8892286],[30.8853807,-29.8886693],[30.8853398,-29.8883385],[30.8852988,-29.8881228],[30.885264,-29.8879734],[30.885211,-29.8878228],[30.8851493,-29.8876775],[30.8850849,-29.8875548],[30.8850172,-29.8874467],[30.8849314,-29.8873228],[30.8848409,-29.8872112],[30.884698,-29.8870647],[30.8845867,-29.8869682],[30.8844479,-29.886856],[30.8843004,-29.8867618],[30.8840979,-29.8866449],[30.8839229,-29.8865572],[30.8835279,-29.8863682],[30.8831631,-29.8862037],[30.8829023,-29.8860723],[30.8826475,-29.8859438],[30.8823876,-29.8857917],[30.8821405,-29.8856101],[30.8819901,-29.8854736],[30.8819152,-29.885381],[30.8817748,-29.8851543],[30.8816524,-29.8849089],[30.8815277,-29.8845991],[30.8812893,-29.8839047],[30.8812263,-29.8837442],[30.8811609,-29.8836084],[30.8810938,-29.8834834],[30.8810254,-29.8833723],[30.8809456,-29.8832613],[30.8808812,-29.8831799],[30.8807015,-29.8829816],[30.8805929,-29.8828776],[30.879972,-29.882327],[30.8797753,-29.8821548],[30.878709,-29.8812168],[30.8781292,-29.8807011],[30.8770725,-29.8797669],[30.8763678,-29.8791414],[30.8762518,-29.8790408],[30.8759142,-29.8787372],[30.8758719,-29.8787001],[30.8756583,-29.878485],[30.8755859,-29.8784013],[30.8755021,-29.8782978],[30.8753854,-29.8781495],[30.8753043,-29.878028],[30.8751256,-29.8777191],[30.8749856,-29.8774355],[30.8749027,-29.8771988],[30.874825,-29.8768382],[30.8746427,-29.8758921],[30.8744578,-29.874922],[30.8743895,-29.8745467],[30.8743658,-29.8743558],[30.8743522,-29.874132],[30.8743596,-29.8738995],[30.8743705,-29.8737745],[30.8744006,-29.8736062],[30.8744467,-29.8734032],[30.8745126,-29.8732055],[30.8746065,-29.8729887],[30.8746703,-29.8728707],[30.8747641,-29.8727147],[30.8748977,-29.8725291],[30.8752187,-29.8721018],[30.8753285,-29.8719499],[30.875502,-29.8717124],[30.8755986,-29.8715576],[30.8756496,-29.871464],[30.8757066,-29.871357],[30.8757743,-29.8711925],[30.8758105,-29.8710872],[30.8758434,-29.8709704],[30.8758736,-29.8708145],[30.875883,-29.870736],[30.8758937,-29.8705536],[30.875884,-29.8703263],[30.8758541,-29.8701453],[30.8758088,-29.8699653],[30.8757473,-29.8698004],[30.87564,-29.8696042],[30.8755705,-29.8694827],[30.8754771,-29.8693542],[30.8752809,-29.8691348],[30.8751609,-29.8690259],[30.8749858,-29.8688858],[30.8746988,-29.8686962],[30.8744553,-29.8685433],[30.8740857,-29.8683146],[30.873844,-29.8681657],[30.8735953,-29.8680249],[30.8734282,-29.8679432],[30.8732511,-29.8678719],[30.8731058,-29.8678214],[30.8729247,-29.8677709],[30.8725325,-29.8677107],[30.8722855,-29.8677072],[30.8720507,-29.8677163],[30.8718775,-29.8677387],[30.8717002,-29.8677715],[30.871533,-29.8678164],[30.8713338,-29.8678839],[30.8711186,-29.8679687],[30.8707129,-29.8681677],[30.8692514,-29.8689361],[30.8691005,-29.8690096],[30.868967,-29.8690806],[30.8687797,-29.8691689],[30.8685905,-29.8692434],[30.8684072,-29.8693074],[30.86822,-29.8693558],[30.8680607,-29.8693834],[30.8678319,-29.8694091],[30.8676445,-29.869416],[30.8674355,-29.8694053],[30.8672762,-29.8693896],[30.867115,-29.8693599],[30.866906,-29.8693076],[30.8666712,-29.8692258],[30.8664057,-29.869101],[30.8662932,-29.8690363],[30.866138,-29.8689286],[30.8660207,-29.8688365],[30.8659133,-29.8687357],[30.8658338,-29.8686419],[30.8657065,-29.8684873],[30.8654877,-29.8681576],[30.8652874,-29.8677946],[30.8651762,-29.8675793],[30.8650491,-29.8673605],[30.8649235,-29.867178],[30.8648245,-29.8670618],[30.8646535,-29.8668847],[30.8644964,-29.8667544],[30.8643393,-29.8666501],[30.8636042,-29.8662349],[30.8634998,-29.8661807],[30.8633406,-29.8660834],[30.8631278,-29.8659235],[30.8629329,-29.8657532],[30.8628354,-29.8656356],[30.86268,-29.8654244],[30.8625953,-29.8652838],[30.8625356,-29.8651445],[30.8624981,-29.8650415],[30.8624565,-29.8649183],[30.8623955,-29.8646391],[30.8623593,-29.8644634],[30.8623416,-29.8643158],[30.8623158,-29.8641272],[30.8622666,-29.8638542],[30.8622091,-29.8636528],[30.8620656,-29.863332],[30.8620067,-29.8632275],[30.8619153,-29.8630816],[30.861798,-29.862941],[30.8616807,-29.862809],[30.8614201,-29.862578],[30.8613387,-29.8625223],[30.8611516,-29.8624055],[30.8610014,-29.8623282],[30.8608519,-29.862266],[30.8607191,-29.8622171],[30.8605964,-29.8621793],[30.8605092,-29.8621572],[30.8603724,-29.8621258],[30.8602396,-29.8621037],[30.8601109,-29.862088],[30.8600606,-29.8620863],[30.859899,-29.8620799],[30.8597542,-29.8620834],[30.8596449,-29.8620898],[30.8595617,-29.8620944],[30.8594403,-29.8621101],[30.8592848,-29.8621409],[30.859154,-29.8621712],[30.8590259,-29.8622101],[30.858861,-29.8622671],[30.8586672,-29.8623538],[30.8585163,-29.8624323],[30.8582535,-29.8625876],[30.8580865,-29.8626934],[30.8579088,-29.8628021],[30.8578096,-29.8628609],[30.8576882,-29.8629289],[30.8575246,-29.8630074],[30.857418,-29.8630545],[30.8572865,-29.8631074],[30.8571605,-29.8631499],[30.8570351,-29.8631819],[30.8568487,-29.8632232],[30.8566803,-29.8632487],[30.8565043,-29.8632673],[30.8562264,-29.8632836],[30.8559802,-29.8632933],[30.8557613,-29.8633024],[30.8556063,-29.8633155],[30.8553751,-29.8633425],[30.8551778,-29.8633798],[30.8550165,-29.8634213],[30.8548612,-29.8634732],[30.8547018,-29.8635303],[30.8544946,-29.863629],[30.8542814,-29.8637641],[30.854116,-29.8638715],[30.8539366,-29.8640274],[30.8538358,-29.8641406],[30.8536913,-29.8643378],[30.8535995,-29.8644782],[30.8535256,-29.8646204],[30.8534797,-29.8647158],[30.8534349,-29.864828],[30.8533556,-29.8651356],[30.8533136,-29.865323],[30.8532069,-29.8658104],[30.8531613,-29.8659683],[30.8530874,-29.8661609],[30.8529676,-29.8663742],[30.8528459,-29.8665562],[30.8526365,-29.8667816],[30.8525095,-29.8668942],[30.8523761,-29.8669942],[30.8522339,-29.8670837],[30.8520877,-29.867164],[30.8519174,-29.8672431],[30.8517914,-29.8672879],[30.8516721,-29.8673254],[30.8515634,-29.8673553],[30.8514078,-29.8673873],[30.8512093,-29.8674222],[30.8510651,-29.8674297],[30.8508519,-29.867435],[30.8507382,-29.8674267],[30.8506085,-29.8674158],[30.8504635,-29.8673969],[30.8503088,-29.8673658],[30.8501807,-29.8673338],[30.8500519,-29.8672995],[30.8498803,-29.8672442],[30.8496925,-29.8671739],[30.8495336,-29.8671058],[30.8493485,-29.8670146],[30.8491085,-29.8668785],[30.8489677,-29.866786],[30.8488221,-29.8666841],[30.8486053,-29.866508],[30.8484125,-29.8663256],[30.8483078,-29.8662039],[30.8482304,-29.8661147],[30.8477026,-29.8653613],[30.8475939,-29.865202],[30.8474727,-29.8650214],[30.8473496,-29.8648529],[30.8472462,-29.8647313],[30.8470912,-29.8645836],[30.8468333,-29.8643755],[30.8466934,-29.8642865],[30.8465264,-29.8641926],[30.8463314,-29.8641142],[30.8461324,-29.8640498],[30.8459155,-29.8639992],[30.8457463,-29.8639713],[30.8455512,-29.8639485],[30.8452507,-29.8639366],[30.8450336,-29.8639548],[30.8448464,-29.8639876],[30.8446731,-29.8640203],[30.8444859,-29.8640739],[30.8442608,-29.8641604],[30.8440576,-29.8642608],[30.8439101,-29.8643543],[30.843695,-29.8645052],[30.8435334,-29.8646472],[30.8433858,-29.8648049],[30.8432422,-29.8649991],[30.8431583,-29.8651378],[30.8429911,-29.8654912],[30.8428426,-29.8658992],[30.8427227,-29.8661715],[30.8425992,-29.8664057],[30.8424831,-29.8665807],[30.8423834,-29.8667038],[30.8423057,-29.8667971],[30.8422078,-29.8668884],[30.8421025,-29.8669814],[30.842006,-29.8670535],[30.8418987,-29.8671274],[30.8417619,-29.8672076],[30.8416586,-29.8672599],[30.8415235,-29.8673189],[30.841357,-29.867381],[30.8412989,-29.8673982],[30.8411758,-29.8674346],[30.8409587,-29.8674829],[30.840652,-29.8675207],[30.8402777,-29.8675359],[30.8400069,-29.8675448],[30.8398078,-29.8675475],[30.8396206,-29.8675559],[30.8394434,-29.8675592],[30.8392682,-29.8675763],[30.8391009,-29.8675952],[30.8388938,-29.8676349],[30.8384475,-29.8677344],[30.8376276,-29.8679362],[30.8370956,-29.8680664],[30.8368716,-29.8681188],[30.8367059,-29.8681508],[30.836549,-29.86817],[30.8363346,-29.8681905],[30.8362003,-29.8681938],[30.8360401,-29.8681892],[30.8358926,-29.8681764],[30.8357564,-29.8681618],[30.8356597,-29.868141],[30.8355191,-29.8681107],[30.8353856,-29.8680729],[30.8352557,-29.8680277],[30.8350429,-29.8679425],[30.8348478,-29.8678385],[30.834651,-29.867732],[30.834468,-29.8676277],[30.8342711,-29.8675077],[30.8340747,-29.867414],[30.8338695,-29.8673286],[30.8337374,-29.8672815],[30.8335302,-29.8672251],[30.8333505,-29.8671873],[30.8332254,-29.8671692],[30.8331228,-29.8671573],[30.8330316,-29.8671506],[30.8329163,-29.8671431],[30.8327745,-29.8671416],[30.8326531,-29.867146],[30.8325324,-29.8671625],[30.832403,-29.86718],[30.8322743,-29.8672079],[30.8321438,-29.867237],[30.8320275,-29.8672628],[30.8318818,-29.8673058],[30.8316185,-29.8673808],[30.8312436,-29.8674819],[30.8310023,-29.8675493],[30.8308427,-29.8676013],[30.8303242,-29.8677877],[30.829804,-29.8679712],[30.8287478,-29.8683438],[30.8276877,-29.8687334],[30.8270564,-29.8689605],[30.8268804,-29.869029],[30.8266418,-29.8691079],[30.8264841,-29.8691588],[30.826205,-29.8692254],[30.8259402,-29.8692708],[30.8255662,-29.8693073],[30.825164,-29.8693438],[30.8246322,-29.8693977],[30.8240312,-29.869458],[30.8238414,-29.8694783],[30.8236445,-29.8695056],[30.8234138,-29.8695457],[30.8231648,-29.8695833],[30.8229775,-29.869602],[30.8227847,-29.8696172],[30.8224754,-29.8696414],[30.8222409,-29.8696464],[30.8220267,-29.8696373],[30.8217802,-29.8696105],[30.8215849,-29.8695769],[30.8215384,-29.8695689],[30.820186,-29.869292],[30.8195271,-29.8691591],[30.8192367,-29.8690974],[30.8184941,-29.8689504],[30.8181906,-29.8688834],[30.8180574,-29.8688463],[30.8179526,-29.8688084],[30.8178085,-29.8687477],[30.8176575,-29.8686608],[30.817561,-29.8685974],[30.8174558,-29.8685169],[30.8173401,-29.8684009],[30.817266,-29.8683153],[30.8172076,-29.8682347],[30.8171486,-29.8681415],[30.8170943,-29.868017],[30.8170608,-29.8679257],[30.8170305,-29.8677809],[30.8170125,-29.86766],[30.8170086,-29.8675352],[30.8170266,-29.8673673],[30.8170534,-29.8672349],[30.8170901,-29.8671246],[30.817147,-29.8669804],[30.8172043,-29.8668692],[30.8175095,-29.86636],[30.8175925,-29.8662092],[30.8176643,-29.8660405],[30.8176931,-29.8659725],[30.8177219,-29.8658487],[30.817738,-29.8657434],[30.8177494,-29.865637],[30.8177441,-29.8655248],[30.8177374,-29.8654486],[30.8177199,-29.8653393],[30.8176944,-29.8652485],[30.8176737,-29.8651846],[30.8176301,-29.8650677],[30.8175677,-29.8649497],[30.8174918,-29.8648433],[30.8173551,-29.8646955],[30.8172459,-29.8645964],[30.8170784,-29.8644764],[30.8168547,-29.8643399],[30.8166692,-29.8642416],[30.8164889,-29.8641409],[30.8162764,-29.8640012],[30.8161196,-29.8638704],[30.8159906,-29.8637407],[30.8158839,-29.8635965],[30.815811,-29.8634723],[30.8157446,-29.863319],[30.8157136,-29.863204],[30.8156888,-29.8630702],[30.8156821,-29.8629696],[30.8156767,-29.8628961],[30.8156911,-29.8627358],[30.8157278,-29.8625738],[30.8157729,-29.8624356],[30.8158725,-29.8622317],[30.8160321,-29.861919],[30.8161437,-29.8616866],[30.8161914,-29.861535],[30.8162332,-29.8613802],[30.8162537,-29.8612323],[30.8162499,-29.8610667],[30.816228,-29.8609117],[30.8161939,-29.8607777],[30.8161126,-29.8605939],[30.8160469,-29.8604816],[30.8159663,-29.8603635],[30.8158574,-29.860233],[30.8157222,-29.8600972],[30.8151963,-29.8596027],[30.8146872,-29.8591727],[30.8144632,-29.8590033],[30.8142796,-29.8588691],[30.8141161,-29.8587685],[30.8138769,-29.8586499],[30.8137547,-29.8585936],[30.8136113,-29.8585494],[30.8134901,-29.8585157],[30.8133588,-29.8584909],[30.813185,-29.858466],[30.8130314,-29.8584534],[30.8129041,-29.8584497],[30.8127465,-29.8584548],[30.8125646,-29.8584739],[30.8123933,-29.8584998],[30.8122795,-29.8585281],[30.8121097,-29.8585825],[30.8118872,-29.8586755],[30.8116384,-29.858802],[30.8114401,-29.8589303],[30.8112782,-29.8590586],[30.811157,-29.8591685],[30.8111365,-29.859187],[30.8109294,-29.8593977],[30.8108429,-29.8594984],[30.8107315,-29.859648],[30.8107042,-29.8596864],[30.8102031,-29.8603908],[30.8095131,-29.8613946],[30.8092334,-29.8617967],[30.8089518,-29.8622003],[30.808823,-29.8623893],[30.8089518,-29.8622003],[30.8092334,-29.8617967],[30.8095131,-29.8613946],[30.8102031,-29.8603908],[30.8107042,-29.8596864],[30.8107315,-29.859648],[30.8108429,-29.8594984],[30.8109294,-29.8593977],[30.8111365,-29.859187],[30.811157,-29.8591685],[30.8112782,-29.8590586],[30.8114401,-29.8589303],[30.8116384,-29.858802],[30.8118872,-29.8586755],[30.8121097,-29.8585825],[30.8122795,-29.8585281],[30.8123933,-29.8584998],[30.8125646,-29.8584739],[30.8127465,-29.8584548],[30.8129041,-29.8584497],[30.8130314,-29.8584534],[30.813185,-29.858466],[30.8133588,-29.8584909],[30.8134901,-29.8585157],[30.8136113,-29.8585494],[30.8137547,-29.8585936],[30.8138769,-29.8586499],[30.8141161,-29.8587685],[30.8142796,-29.8588691],[30.8144632,-29.8590033],[30.8146872,-29.8591727],[30.8151963,-29.8596027],[30.8157222,-29.8600972],[30.8158574,-29.860233],[30.8159663,-29.8603635],[30.8160469,-29.8604816],[30.8161126,-29.8605939],[30.8161939,-29.8607777],[30.816228,-29.8609117],[30.8162499,-29.8610667],[30.8162537,-29.8612323],[30.8162332,-29.8613802],[30.8161914,-29.861535],[30.8161437,-29.8616866],[30.8160321,-29.861919],[30.8158725,-29.8622317],[30.8157729,-29.8624356],[30.8157278,-29.8625738],[30.8156911,-29.8627358],[30.8156767,-29.8628961],[30.8156821,-29.8629696],[30.8156888,-29.8630702],[30.8157136,-29.863204],[30.8157446,-29.863319],[30.815811,-29.8634723],[30.8158839,-29.8635965],[30.8159906,-29.8637407],[30.8161196,-29.8638704],[30.8162764,-29.8640012],[30.8164889,-29.8641409],[30.8166692,-29.8642416],[30.8168547,-29.8643399],[30.8170784,-29.8644764],[30.8172459,-29.8645964],[30.8173551,-29.8646955],[30.8174918,-29.8648433],[30.8175677,-29.8649497],[30.8176301,-29.8650677],[30.8176737,-29.8651846],[30.8176944,-29.8652485],[30.8177199,-29.8653393],[30.8177374,-29.8654486],[30.8177441,-29.8655248],[30.8177494,-29.865637],[30.817738,-29.8657434],[30.8177219,-29.8658487],[30.8176931,-29.8659725],[30.8176643,-29.8660405],[30.8175925,-29.8662092],[30.8175095,-29.86636],[30.8172043,-29.8668692],[30.817147,-29.8669804],[30.8170901,-29.8671246],[30.8170534,-29.8672349],[30.8170266,-29.8673673],[30.8170086,-29.8675352],[30.8170125,-29.86766],[30.8170305,-29.8677809],[30.8170608,-29.8679257],[30.8170943,-29.868017],[30.8171486,-29.8681415],[30.8172076,-29.8682347],[30.817266,-29.8683153],[30.8173401,-29.8684009],[30.8174558,-29.8685169],[30.817561,-29.8685974],[30.8176575,-29.8686608],[30.8178085,-29.8687477],[30.8179526,-29.8688084],[30.8180574,-29.8688463],[30.8181906,-29.8688834],[30.8184941,-29.8689504],[30.8192367,-29.8690974],[30.8195271,-29.8691591],[30.8201817,-29.8693311],[30.8194021,-29.8691704],[30.8183091,-29.8689505],[30.8181041,-29.8688968],[30.8179758,-29.8688549],[30.8178143,-29.8687895],[30.8176426,-29.8686924],[30.817463,-29.8685759],[30.8172834,-29.8684048],[30.8171725,-29.8682549],[30.8170765,-29.8680868],[30.8170232,-29.8679554],[30.8169877,-29.8678153],[30.81697,-29.8677287],[30.8169629,-29.8675902],[30.8169634,-29.8674534],[30.8169924,-29.8673204],[30.8170201,-29.8671881],[30.8170735,-29.867046],[30.8171128,-29.8669535],[30.8171774,-29.8668285],[30.8172835,-29.8666556],[30.8174447,-29.8663863],[30.8175542,-29.8661962],[30.8176435,-29.8659797],[30.8176864,-29.8657332],[30.817701,-29.8655147],[30.817685,-29.8654073],[30.8176188,-29.8651623],[30.817508,-29.8649191],[30.8173285,-29.8647198],[30.8170904,-29.864531],[30.8169615,-29.8644472],[30.8168097,-29.8643573],[30.8164928,-29.8641867],[30.8162688,-29.8640442],[30.8161678,-29.8639625],[30.8160549,-29.863868],[30.8159459,-29.8637508],[30.8158746,-29.8636544],[30.8157658,-29.8634686],[30.8156989,-29.8633139],[30.8156674,-29.863204],[30.8156472,-29.8630894],[30.8156365,-29.8630051],[30.8156325,-29.8629056],[30.8156385,-29.8627888],[30.8156752,-29.8625914],[30.8157213,-29.8624576],[30.815774,-29.8623288],[30.81586,-29.8621531],[30.8159937,-29.8619242],[30.8161216,-29.8616179],[30.8161683,-29.8614911],[30.816203,-29.8613009],[30.8162094,-29.8611477],[30.8161996,-29.8609927],[30.8161555,-29.8607918],[30.8161052,-29.8606667],[30.8160427,-29.8605485],[30.8159783,-29.8604392],[30.8158815,-29.8603123],[30.8157383,-29.8601606],[30.8155271,-29.8599592],[30.8147093,-29.8592625],[30.8143723,-29.8589961],[30.8141301,-29.8588266],[30.8139484,-29.858726],[30.8138434,-29.8586836],[30.8137121,-29.8586323],[30.8135324,-29.8585757],[30.813391,-29.8585438],[30.8132435,-29.8585207],[30.8130597,-29.8584957],[30.8128354,-29.8584831],[30.8126858,-29.8584899],[30.8125666,-29.8585056],[30.8123907,-29.8585335],[30.8122229,-29.858572],[30.8119984,-29.858651],[30.8117213,-29.8587933],[30.8114724,-29.8589409],[30.8112356,-29.8591308],[30.8109866,-29.8593823],[30.8108428,-29.8595565],[30.8106138,-29.859868],[30.8099046,-29.8608939],[30.8097425,-29.8611332],[30.8095556,-29.8614107],[30.8091716,-29.861956],[30.808988,-29.8622253],[30.8088882,-29.8623689],[30.8084574,-29.862988],[30.8079169,-29.863769],[30.807659,-29.8641129],[30.8075631,-29.8642245],[30.8074903,-29.8642955],[30.8074176,-29.8643652],[30.8073096,-29.8644554],[30.807213,-29.8645281],[30.8070454,-29.8646292],[30.8068985,-29.8647043],[30.8067141,-29.8647816],[30.8064263,-29.8648762],[30.8061919,-29.8649197],[30.8059073,-29.864948],[30.8056401,-29.8649391],[30.8053111,-29.864888],[30.8049318,-29.8647828],[30.8046068,-29.8646389],[30.8042335,-29.8644342],[30.8038719,-29.8642396],[30.8035257,-29.8640129],[30.8033073,-29.8638388],[30.8032759,-29.8638092],[30.8031817,-29.8637205],[30.803031,-29.8635397],[30.8029288,-29.8633691],[30.8027899,-29.8631073],[30.8027244,-29.8629452],[30.802699,-29.8628138],[30.8026592,-29.8626076],[30.8026444,-29.8622819],[30.8026446,-29.8621385],[30.8026472,-29.8618128],[30.8026208,-29.8614685],[30.8025631,-29.8612423],[30.8025169,-29.8611106],[30.8024668,-29.8610177],[30.8024127,-29.8609366],[30.8022466,-29.8607474],[30.8021306,-29.8606527],[30.8019818,-29.8605495],[30.8017961,-29.8604548],[30.8015736,-29.8603751],[30.8013607,-29.8603276],[30.8012117,-29.8603138],[30.8010742,-29.8603136],[30.8009193,-29.8603235],[30.8007954,-29.8603402],[30.8006211,-29.8603906],[30.8003924,-29.860483],[30.8001954,-29.8605815],[30.8001375,-29.8606105],[30.7999636,-29.860728],[30.7983407,-29.8619687],[30.7974288,-29.8626332],[30.797222,-29.8627826],[30.7970385,-29.8628771],[30.7967393,-29.862992],[30.7965772,-29.8630372],[30.796388,-29.8630588],[30.7961758,-29.8630584],[30.7957243,-29.863012],[30.795383,-29.8629693],[30.7951632,-29.8629526],[30.7949355,-29.8629388],[30.7947118,-29.8629334],[30.7944764,-29.8629465],[30.7941946,-29.8629814],[30.7938337,-29.8630346],[30.7932382,-29.863116],[30.7930367,-29.8631275],[30.7928002,-29.8631101],[30.7925468,-29.8630595],[30.7923097,-29.8629801],[30.7921565,-29.8628981],[30.7920465,-29.8628318],[30.7919191,-29.8627312],[30.7917733,-29.8625942],[30.7916318,-29.8624207],[30.7915395,-29.8622592],[30.7914915,-29.8621212],[30.7914398,-29.8619345],[30.7914133,-29.8617343],[30.7914271,-29.8615779],[30.7914466,-29.8614603],[30.7915087,-29.8612754],[30.7916172,-29.8610519],[30.7917504,-29.8608627],[30.791863,-29.8607042],[30.7919888,-29.8605458],[30.7921247,-29.8603586],[30.7922306,-29.8601818],[30.7922886,-29.8600533],[30.7923335,-29.8599277],[30.792361,-29.8598218],[30.7923757,-29.8596991],[30.7923811,-29.8595921],[30.7923724,-29.8594828],[30.7923616,-29.8593715],[30.7923175,-29.8591999],[30.7922591,-29.8590571],[30.7922119,-29.8589626],[30.7920242,-29.8586228],[30.7919563,-29.858508],[30.791808,-29.8582372],[30.7916032,-29.8578962],[30.7910541,-29.8569432],[30.7908729,-29.856635],[30.7907326,-29.8563893],[30.7906814,-29.8563008],[30.7905981,-29.8561563],[30.7905371,-29.8560488],[30.7904834,-29.8559365],[30.7904385,-29.8558254],[30.7903902,-29.855687],[30.7903627,-29.8555573],[30.7903326,-29.8554044],[30.7903218,-29.8553148],[30.7903198,-29.8551915],[30.7903205,-29.8550543],[30.7903473,-29.8547586],[30.790377,-29.8546008],[30.7904206,-29.8543197],[30.7904621,-29.8541237],[30.7905223,-29.8539191],[30.7905883,-29.8537387],[30.7907062,-29.853522],[30.7908978,-29.8532741],[30.7910909,-29.8530908],[30.7913027,-29.8529138],[30.7913944,-29.8528515],[30.7915214,-29.8527765],[30.7915379,-29.8527667],[30.791775,-29.8526526],[30.7921117,-29.8525212],[30.7925958,-29.8523502],[30.792795,-29.8522655],[30.7928853,-29.852218],[30.7929691,-29.852168],[30.7930684,-29.8521008],[30.7931719,-29.8520173],[30.7933273,-29.8518759],[30.7935408,-29.8516506],[30.7937024,-29.8514895],[30.7938419,-29.85137],[30.7940273,-29.8512488],[30.7942306,-29.8511346],[30.7944996,-29.8510049],[30.7945592,-29.8509743],[30.7949301,-29.8507557],[30.7950895,-29.8506449],[30.7952231,-29.8505444],[30.7953907,-29.8503781],[30.7954605,-29.850288],[30.795543,-29.8501521],[30.7956144,-29.849995],[30.7956565,-29.8498441],[30.7956663,-29.8497821],[30.7956868,-29.8496498],[30.795685,-29.849537],[30.7956714,-29.849379],[30.7956356,-29.8492249],[30.7955804,-29.849077],[30.7955252,-29.8489709],[30.7954694,-29.8488755],[30.7953582,-29.848733],[30.7952489,-29.8486305],[30.7951456,-29.8485418],[30.7950084,-29.8484514],[30.7948931,-29.8483853],[30.7946902,-29.8483034],[30.7945251,-29.8482494],[30.7941571,-29.8481551],[30.7939223,-29.848094],[30.7936816,-29.848019],[30.7934887,-29.8479441],[30.7933535,-29.8478762],[30.7931706,-29.84777],[30.7929996,-29.8476518],[30.7928879,-29.8475633],[30.7927314,-29.8474102],[30.7926103,-29.8472712],[30.7924912,-29.8470974],[30.7923501,-29.8469096],[30.7922234,-29.8467399],[30.7916521,-29.8459585],[30.7906805,-29.8446392],[30.7903511,-29.8441261],[30.7902538,-29.8440052],[30.7901958,-29.8439354],[30.7901226,-29.8438598],[30.790034,-29.8437799],[30.7898348,-29.8435968],[30.7892503,-29.8431275],[30.7888675,-29.8428996],[30.7881165,-29.8426752],[30.7877595,-29.8426302],[30.787598,-29.8426191],[30.7872827,-29.8425965],[30.7869545,-29.8425869],[30.7865685,-29.8425701],[30.7861813,-29.8425186],[30.7858579,-29.8424504],[30.7852774,-29.8422742],[30.7848294,-29.8421303],[30.7842811,-29.8419511],[30.7838188,-29.8418049],[30.7831108,-29.8415765],[30.7826858,-29.8414354],[30.7823841,-29.8413433],[30.7807087,-29.8408006],[30.7802681,-29.8406629],[30.7795482,-29.8404259],[30.7791604,-29.8402795],[30.7789542,-29.8401892],[30.7787397,-29.8400935],[30.7783666,-29.8399058],[30.7779925,-29.8397278],[30.7776366,-29.8395595],[30.7770438,-29.839276],[30.776543,-29.839036],[30.7762608,-29.8388887],[30.7761684,-29.8388318],[30.7759713,-29.8386936],[30.7758332,-29.8385878],[30.7757715,-29.8385354],[30.7756387,-29.8384104],[30.7755402,-29.838308],[30.7754175,-29.8381632],[30.7752353,-29.8378973],[30.7751818,-29.8378144],[30.7750927,-29.8376576],[30.7749575,-29.8373203],[30.7748803,-29.8371185],[30.7747878,-29.8368777],[30.7747422,-29.8367631],[30.7746369,-29.8365444],[30.7745044,-29.8363461],[30.7744599,-29.8362768],[30.7743379,-29.8361244],[30.7741649,-29.8359499],[30.7738792,-29.8356864],[30.7736613,-29.8355032],[30.7734897,-29.8353628],[30.7733428,-29.8352333],[30.7732134,-29.8351332],[30.7730578,-29.8350227],[30.7728452,-29.8348814],[30.7725711,-29.8347279],[30.7723212,-29.8345973],[30.7720632,-29.8344878],[30.7715411,-29.8343092],[30.7711176,-29.8342047],[30.7706033,-29.8341123],[30.7700709,-29.8340217],[30.7697359,-29.8339641],[30.7695401,-29.8339199],[30.7694816,-29.8339029],[30.7672985,-29.833307],[30.7664916,-29.8330763],[30.7655122,-29.8329025],[30.7653035,-29.8328711],[30.7650735,-29.8328571],[30.7649039,-29.8328536],[30.7647195,-29.8328577],[30.7645827,-29.8328658],[30.7643963,-29.8328868],[30.764228,-29.8329182],[30.7640295,-29.8329758],[30.7638841,-29.8330309],[30.7637646,-29.8330788],[30.7633166,-29.8332648],[30.7629613,-29.8334016],[30.7628319,-29.8334493],[30.7626756,-29.8334929],[30.7625013,-29.8335231],[30.7623766,-29.8335307],[30.7621828,-29.8335336],[30.7619923,-29.8335127],[30.7618334,-29.8334801],[30.7616906,-29.8334353],[30.7615706,-29.8333853],[30.7614183,-29.8333114],[30.7612634,-29.8332137],[30.7611313,-29.8330997],[30.7610301,-29.8329967],[30.7609362,-29.8328879],[30.7608779,-29.8327989],[30.7608283,-29.8327053],[30.7607773,-29.8325919],[30.7606949,-29.8323286],[30.760643,-29.8320741],[30.7605852,-29.8318077],[30.7605392,-29.8316001],[30.7604849,-29.8314343],[30.7604206,-29.8312877],[30.7603676,-29.8311993],[30.7603184,-29.8311282],[30.7602409,-29.8310312],[30.7601617,-29.8309497],[30.7600611,-29.8308677],[30.7599391,-29.8307834],[30.7598358,-29.8307246],[30.7597493,-29.8306827],[30.7596213,-29.8306327],[30.7594751,-29.8305844],[30.7592648,-29.830529],[30.7590764,-29.8304891],[30.7585912,-29.8303897],[30.7582671,-29.8303265],[30.7565931,-29.8299919],[30.7561077,-29.8299026],[30.7558865,-29.8298574],[30.7557515,-29.8298282],[30.7555302,-29.8297875],[30.7553431,-29.8297642],[30.7551709,-29.8297554],[30.7549904,-29.8297526],[30.7547835,-29.8297635],[30.7546538,-29.8297735],[30.754505,-29.8297947],[30.7543678,-29.8298155],[30.7541296,-29.8298643],[30.7538813,-29.8299272],[30.7525912,-29.8302837],[30.7521699,-29.8303984],[30.7518778,-29.8304746],[30.7514707,-29.8305713],[30.7510107,-29.8306816],[30.7507505,-29.8307467],[30.7503992,-29.830838],[30.749703,-29.8310349],[30.7493511,-29.8310917],[30.7483265,-29.8312255],[30.7472697,-29.831411],[30.7431978,-29.8325384],[30.7421727,-29.8329258],[30.7412139,-29.8332761],[30.7407004,-29.8334624],[30.7400979,-29.8335985],[30.7395206,-29.8337257],[30.7391741,-29.8337942],[30.7385887,-29.8338557],[30.7384273,-29.8338857],[30.7376886,-29.8340121],[30.7363029,-29.834205],[30.7376886,-29.8340121],[30.7384273,-29.8338857],[30.7377472,-29.8340448],[30.7364362,-29.8342737],[30.7358067,-29.8343692],[30.7348074,-29.8345314],[30.734672,-29.8345534],[30.7343211,-29.8346139],[30.7342607,-29.8346245],[30.7336261,-29.8346795],[30.7315949,-29.8347739],[30.7232325,-29.8350033],[30.7226685,-29.8350006],[30.7225277,-29.8350053],[30.7220972,-29.8350483],[30.7217257,-29.83511],[30.7213113,-29.8352052],[30.7209381,-29.8353219],[30.7201539,-29.8356368],[30.7123471,-29.8391785],[30.7119619,-29.8392994],[30.7116362,-29.8393765],[30.7114816,-29.8394044],[30.7112723,-29.8394235],[30.7110451,-29.8394253],[30.7109063,-29.8394172],[30.7107883,-29.8394062],[30.7106027,-29.8393787],[30.710443,-29.8393468],[30.7102786,-29.8393046],[30.710108,-29.8392552],[30.7098711,-29.8391799],[30.7097009,-29.8391055],[30.7095646,-29.8390492],[30.7094608,-29.839004],[30.7092704,-29.8389252],[30.7089684,-29.838828],[30.7088283,-29.8387946],[30.7087213,-29.8387736],[30.7085909,-29.8387559],[30.7084373,-29.8387419],[30.7082127,-29.8387367],[30.7080625,-29.8387419],[30.7077636,-29.8387594],[30.7072716,-29.8387865],[30.7070138,-29.8387849],[30.7068343,-29.8387716],[30.7066905,-29.8387564],[30.7065152,-29.8387212],[30.7063538,-29.8386776],[30.7062307,-29.8386388],[30.7060877,-29.8385872],[30.7059198,-29.8385094],[30.7057444,-29.8384127],[30.7055824,-29.8383047],[30.7054153,-29.8381691],[30.7053063,-29.8380665],[30.7051906,-29.8379471],[30.7050807,-29.8378222],[30.7048686,-29.8375828],[30.7046381,-29.83727],[30.7044496,-29.8370353],[30.7040407,-29.8365591],[30.7038581,-29.8363443],[30.7034561,-29.8358781],[30.7030436,-29.8353966],[30.7027004,-29.8349985],[30.7030436,-29.8353966],[30.7034561,-29.8358781],[30.7038581,-29.8363443],[30.7040407,-29.8365591],[30.7044496,-29.8370353],[30.7046381,-29.83727],[30.7048686,-29.8375828],[30.7050807,-29.8378222],[30.7051906,-29.8379471],[30.7053063,-29.8380665],[30.7054153,-29.8381691],[30.7055824,-29.8383047],[30.7057444,-29.8384127],[30.7059198,-29.8385094],[30.7060877,-29.8385872],[30.7062307,-29.8386388],[30.7063538,-29.8386776],[30.7065152,-29.8387212],[30.7066905,-29.8387564],[30.7068343,-29.8387716],[30.7070138,-29.8387849],[30.7072716,-29.8387865],[30.7077636,-29.8387594],[30.7080625,-29.8387419],[30.7082127,-29.8387367],[30.7084373,-29.8387419],[30.7085909,-29.8387559],[30.7087213,-29.8387736],[30.7088283,-29.8387946],[30.7089684,-29.838828],[30.7092704,-29.8389252],[30.7094608,-29.839004],[30.7095646,-29.8390492],[30.7094335,-29.8390152],[30.7092561,-29.8389618],[30.7091602,-29.8389274],[30.7090174,-29.8388815],[30.7088504,-29.8388386],[30.7087313,-29.8388157],[30.7085989,-29.8387948],[30.7084363,-29.8387839],[30.7083461,-29.838778],[30.7081825,-29.8387751],[30.7079449,-29.8387851],[30.70727,-29.8388228],[30.7070758,-29.8388237],[30.7068408,-29.83881],[30.7066632,-29.8387862],[30.7064644,-29.8387457],[30.7062946,-29.8387024],[30.7061355,-29.8386473],[30.7059279,-29.8385563],[30.7057243,-29.8384446],[30.7055625,-29.8383361],[30.7053879,-29.8381978],[30.7052015,-29.8380172],[30.7050341,-29.8378289],[30.7048274,-29.8376026],[30.7045815,-29.837304],[30.7043832,-29.8370801],[30.704164,-29.836819],[30.7037763,-29.836371],[30.7033834,-29.8359127],[30.7029694,-29.8354333],[30.7017221,-29.8339881],[30.7008717,-29.8330004],[30.7006395,-29.8327291],[30.7004444,-29.8324889],[30.7003149,-29.8323028],[30.7001909,-29.8321003],[30.6998987,-29.8315972],[30.699683,-29.831227],[30.6992998,-29.8305674],[30.6991663,-29.8303349],[30.6990229,-29.8300893],[30.6989283,-29.8299273],[30.6988584,-29.8297955],[30.6987807,-29.8296313],[30.6986825,-29.8293813],[30.6986284,-29.82919],[30.6985849,-29.8289969],[30.6985655,-29.8288381],[30.6985487,-29.8286444],[30.6985454,-29.8284647],[30.6985334,-29.8277529],[30.6985385,-29.8275637],[30.698533,-29.8271521],[30.698536,-29.8269557],[30.6985333,-29.8268007],[30.6985154,-29.82654],[30.6985004,-29.8264094],[30.6984828,-29.8263131],[30.6984642,-29.8262274],[30.6984281,-29.826118],[30.6983837,-29.8260011],[30.6983467,-29.8259182],[30.6982852,-29.825794],[30.6982071,-29.8256666],[30.6980664,-29.8254828],[30.6979613,-29.8253658],[30.697867,-29.825267],[30.6976153,-29.8250178],[30.6974564,-29.8248597],[30.6973652,-29.8247562],[30.697278,-29.8246415],[30.6971911,-29.8245088],[30.6971513,-29.824424],[30.6970943,-29.824296],[30.6970587,-29.824168],[30.6970339,-29.8240278],[30.6970292,-29.8239056],[30.6970326,-29.8237905],[30.6970567,-29.8236311],[30.6970983,-29.8234862],[30.6971492,-29.8233524],[30.6972619,-29.8231471],[30.697392,-29.8229341],[30.697616,-29.8225926],[30.6977233,-29.8224187],[30.6978091,-29.8222484],[30.6978853,-29.8220603],[30.6979354,-29.8219192],[30.6979714,-29.8217654],[30.6979875,-29.8215752],[30.6979908,-29.8214504],[30.6979861,-29.8213459],[30.6979626,-29.8211586],[30.6979278,-29.821019],[30.6978694,-29.8208757],[30.6978419,-29.8207939],[30.6977963,-29.8207043],[30.6977038,-29.8205425],[30.6976079,-29.8204076],[30.697508,-29.8202941],[30.6974128,-29.8201964],[30.697237,-29.8200456],[30.6971258,-29.8199608],[30.6969112,-29.8198235],[30.6966635,-29.8196921],[30.6963149,-29.8195009],[30.6961548,-29.8193959],[30.6960361,-29.8193057],[30.6959624,-29.8192469],[30.6958665,-29.8191463],[30.6957793,-29.8190253],[30.6956694,-29.8188339],[30.6955911,-29.8186709],[30.6955377,-29.8184881],[30.6955103,-29.8182469],[30.6955092,-29.8179004],[30.6954888,-29.81752],[30.6954548,-29.8173429],[30.6954142,-29.8172034],[30.6953348,-29.8170318],[30.6952617,-29.8169055],[30.6950615,-29.8166885],[30.6948892,-29.8165544],[30.6947146,-29.8164504],[30.694501,-29.8163614],[30.6942593,-29.8162987],[30.6938686,-29.8162469],[30.6936181,-29.8162269],[30.6933747,-29.8161978],[30.693201,-29.8161682],[30.6930703,-29.8161344],[30.692963,-29.8161013],[30.6928316,-29.8160489],[30.692725,-29.815993],[30.6926123,-29.8159308],[30.6925151,-29.8158581],[30.69244,-29.8157987],[30.692383,-29.8157475],[30.6922757,-29.8156323],[30.6921845,-29.8155067],[30.6921355,-29.8154235],[30.6920906,-29.8153397],[30.6920537,-29.8152524],[30.6920229,-29.8151675],[30.6919433,-29.8149277],[30.6917198,-29.8141515],[30.6916193,-29.8138067],[30.6915612,-29.813577],[30.6914999,-29.8133205],[30.6914789,-29.8131284],[30.6914776,-29.8128534],[30.6915149,-29.8126445],[30.6915559,-29.8124832],[30.6916314,-29.8122848],[30.6917319,-29.8120836],[30.6917977,-29.8119777],[30.6918729,-29.8118799],[30.6920015,-29.8117247],[30.6922138,-29.8115086],[30.692361,-29.8113715],[30.6926382,-29.8111217],[30.6928807,-29.8109188],[30.6930626,-29.8107498],[30.6932532,-29.8105638],[30.6933486,-29.8104435],[30.693444,-29.8103006],[30.6935571,-29.8100391],[30.6935878,-29.8098922],[30.6936014,-29.8096983],[30.6935761,-29.8094948],[30.6935227,-29.8092989],[30.6934519,-29.8091537],[30.6933551,-29.808999],[30.6932346,-29.8088594],[30.6931119,-29.8087499],[30.6928859,-29.8086139],[30.6927377,-29.808543],[30.6925922,-29.8084848],[30.6924219,-29.8084359],[30.6922837,-29.8084097],[30.6921543,-29.8084004],[30.6920222,-29.8083934],[30.691817,-29.8083981],[30.6914811,-29.808419],[30.6908729,-29.8084627],[30.6905195,-29.8084865],[30.6902125,-29.8084983],[30.689967,-29.8084825],[30.689798,-29.8084534],[30.6896418,-29.808412],[30.6894162,-29.8083439],[30.6892675,-29.8082532],[30.6891058,-29.8081454],[30.6889519,-29.8079956],[30.6888217,-29.8078472],[30.6887079,-29.8076548],[30.6886329,-29.8074645],[30.6885795,-29.8072515],[30.6885692,-29.8071009],[30.6885827,-29.8069163],[30.6886265,-29.8067394],[30.6887135,-29.8065381],[30.6888589,-29.8062936],[30.6890715,-29.8059947],[30.6891757,-29.8058345],[30.6892481,-29.8056925],[30.6892837,-29.8056128],[30.6893165,-29.8055273],[30.6893434,-29.8054161],[30.6893574,-29.8053289],[30.6893662,-29.8052212],[30.6893656,-29.8051404],[30.6893601,-29.805024],[30.6893467,-29.8049187],[30.689302,-29.8046916],[30.6892005,-29.8042205],[30.6884548,-29.8011265],[30.6883781,-29.8007668],[30.6883288,-29.8005366],[30.6882499,-29.8001744],[30.6881997,-29.7999332],[30.6880619,-29.799303],[30.6879707,-29.7988771],[30.6878383,-29.798264],[30.6877837,-29.7980595],[30.687734,-29.7979042],[30.6876858,-29.7977767],[30.6876455,-29.7976877],[30.6875724,-29.7975341],[30.6874976,-29.797402],[30.6874108,-29.7972652],[30.6873091,-29.7971327],[30.6872372,-29.7970395],[30.6871474,-29.796944],[30.6869377,-29.7967434],[30.686806,-29.796631],[30.6866656,-29.7965234],[30.6864164,-29.79637],[30.6862635,-29.7962917],[30.6861235,-29.7962287],[30.6859852,-29.7961707],[30.6858373,-29.7961151],[30.68565,-29.7960601],[30.6854919,-29.7960194],[30.6852014,-29.7959577],[30.6848757,-29.795889],[30.6845942,-29.7958296],[30.6844161,-29.7957826],[30.6842586,-29.7957316],[30.6841338,-29.7956825],[30.6840146,-29.7956283],[30.6839012,-29.7955702],[30.6837845,-29.7954942],[30.6836554,-29.7954019],[30.6835672,-29.7953229],[30.6834981,-29.7952459],[30.6833589,-29.7950697],[30.6832624,-29.7949204],[30.6830723,-29.7945901],[30.6829624,-29.7944221],[30.6828799,-29.794308],[30.682774,-29.7941672],[30.6826821,-29.7940269],[30.6825896,-29.7938756],[30.6823103,-29.7934055],[30.6817795,-29.7925064],[30.6811284,-29.7914035],[30.6804432,-29.7902431],[30.6803523,-29.7900957],[30.6802574,-29.7899598],[30.6801702,-29.7898528],[30.6801099,-29.7897847],[30.6800471,-29.7897168],[30.6798925,-29.7895693],[30.6797826,-29.7894821],[30.6796635,-29.7894003],[30.6795667,-29.7893377],[30.6794615,-29.7892788],[30.6793065,-29.789206],[30.6791449,-29.7891396],[30.6790021,-29.7890952],[30.6788299,-29.789049],[30.6786619,-29.7890229],[30.6784947,-29.7890037],[30.6783347,-29.7889995],[30.6780841,-29.7889996],[30.6771427,-29.7890212],[30.6769361,-29.7890165],[30.6767122,-29.7890031],[30.6764688,-29.7889977],[30.6763783,-29.7889988],[30.675011,-29.7890302],[30.6747621,-29.7890481],[30.6745382,-29.7890683],[30.6743968,-29.7890922],[30.674201,-29.7891346],[30.6740782,-29.7891701],[30.6738932,-29.7892196],[30.6737356,-29.7892731],[30.6735258,-29.7893529],[30.6732512,-29.7894728],[30.6729148,-29.7896491],[30.6727591,-29.7897442],[30.6726272,-29.7898283],[30.6724374,-29.7899668],[30.6723321,-29.7900605],[30.6722389,-29.7901495],[30.672145,-29.7902508],[30.6720592,-29.790362],[30.6719734,-29.7904853],[30.6718909,-29.7906302],[30.6718218,-29.790774],[30.6717776,-29.7908979],[30.67174,-29.7910347],[30.6717061,-29.7912197],[30.6716998,-29.7913192],[30.6716938,-29.7914641],[30.6717025,-29.7916125],[30.671728,-29.7917685],[30.6717615,-29.7918994],[30.6717896,-29.7920048],[30.6718406,-29.7921305],[30.6718835,-29.7922305],[30.6719626,-29.7923882],[30.6720626,-29.7925698],[30.672349,-29.7930813],[30.6729085,-29.7940736],[30.6734056,-29.7949442],[30.6739066,-29.7958442],[30.674089,-29.7961689],[30.6741574,-29.7962877],[30.674268,-29.7965024],[30.6743411,-29.7966746],[30.6743854,-29.7968207],[30.6744182,-29.7969545],[30.6744343,-29.7970796],[30.674445,-29.7972158],[30.674445,-29.7973403],[30.674435,-29.7974788],[30.6744182,-29.7975917],[30.6743988,-29.7976935],[30.6743652,-29.797807],[30.6743038,-29.7979583],[30.6742374,-29.7981176],[30.6740344,-29.798425],[30.6738423,-29.7986304],[30.673627,-29.7988005],[30.6733862,-29.7989612],[30.6731306,-29.7990904],[30.6728687,-29.7991862],[30.6725964,-29.799243],[30.6722858,-29.7992738],[30.6720222,-29.799275],[30.6717564,-29.7992447],[30.6713379,-29.7991361],[30.6711426,-29.7990503],[30.6708878,-29.7989198],[30.6702808,-29.7985678],[30.669973,-29.7984186],[30.6697499,-29.7983513],[30.669514,-29.7983173],[30.6693588,-29.7983095],[30.6691015,-29.7983256],[30.6689717,-29.7983512],[30.6686609,-29.7984562],[30.6684756,-29.7985447],[30.6682795,-29.798687],[30.6681301,-29.7988499],[30.6679977,-29.799035],[30.667912,-29.7992165],[30.6678604,-29.7994018],[30.6678409,-29.7994927],[30.6678484,-29.7998135],[30.6678946,-29.7999917],[30.6679726,-29.8001829],[30.6681079,-29.8004373],[30.6692473,-29.802356],[30.6695163,-29.8029015],[30.6695706,-29.8029949],[30.6704005,-29.8043906],[30.6712304,-29.8058061],[30.6714042,-29.8061725],[30.671461,-29.8063767],[30.6714898,-29.8066512],[30.6714977,-29.8068571],[30.671452,-29.8071723],[30.6714155,-29.8072742],[30.6712635,-29.8075854],[30.6711196,-29.8078118],[30.6708919,-29.8080518],[30.6705295,-29.8083217],[30.6702321,-29.8085049],[30.6697667,-29.8087705],[30.6694704,-29.8089886],[30.669272,-29.8091939],[30.6691204,-29.8093734],[30.6690132,-29.8095416],[30.6685106,-29.8104921],[30.6684016,-29.8106736],[30.668186,-29.8109104],[30.6680175,-29.8110509],[30.6678321,-29.8111896],[30.6676084,-29.8113077],[30.6674039,-29.8113925],[30.6670484,-29.8114992],[30.6668654,-29.8115247],[30.6666038,-29.8115444],[30.6663912,-29.8115383],[30.6661825,-29.8115143],[30.6659069,-29.8114678],[30.6655877,-29.8114026],[30.665237,-29.8113305],[30.6649672,-29.8112658],[30.6648105,-29.8112176],[30.6646783,-29.8111705],[30.6642982,-29.810984],[30.6641773,-29.810904],[30.6640349,-29.8107873],[30.6637766,-29.8105209],[30.6636894,-29.8103949],[30.6636042,-29.8102628],[30.6635506,-29.8101657],[30.6635009,-29.8100511],[30.663458,-29.80993],[30.6634238,-29.8098026],[30.6633997,-29.8096705],[30.6633876,-29.8095728],[30.6633809,-29.809478],[30.6633809,-29.8093284],[30.6633876,-29.8092254],[30.6634131,-29.8090753],[30.663446,-29.8089182],[30.6634909,-29.8087513],[30.6635901,-29.8084371],[30.6637736,-29.8078759],[30.6638889,-29.8075115],[30.6639395,-29.8073176],[30.6639683,-29.8071617],[30.6639743,-29.8070768],[30.6639817,-29.8069356],[30.6639817,-29.8068521],[30.6639727,-29.8067118],[30.6639583,-29.8066095],[30.6639388,-29.8065071],[30.6639086,-29.806389],[30.6638729,-29.8062842],[30.6638221,-29.8061679],[30.6637829,-29.8060855],[30.6637256,-29.8059823],[30.6636687,-29.8058932],[30.6635365,-29.8057216],[30.663412,-29.8055797],[30.6632783,-29.8054511],[30.6631563,-29.8053411],[30.6630371,-29.8052471],[30.662825,-29.8050851],[30.6626102,-29.804934],[30.6623691,-29.8047421],[30.6621018,-29.8045356],[30.6613105,-29.8039761],[30.6606695,-29.8035256],[30.6600098,-29.8030651],[30.6590491,-29.8023891],[30.657979,-29.8016536],[30.6572263,-29.8011286],[30.6559294,-29.8002003],[30.6556776,-29.8000222],[30.6554355,-29.7998559],[30.6551968,-29.7997138],[30.654985,-29.7995804],[30.6546245,-29.7993349],[30.6544572,-29.7992256],[30.654264,-29.7991108],[30.6540381,-29.7989894],[30.6539102,-29.798929],[30.6537054,-29.798841],[30.6535153,-29.7987632],[30.6533595,-29.7987101],[30.6531288,-29.7986414],[30.6528955,-29.7985827],[30.6526695,-29.7985373],[30.6524804,-29.7985076],[30.652288,-29.7984849],[30.6521559,-29.7984715],[30.6519654,-29.7984593],[30.6517676,-29.7984552],[30.6515839,-29.7984564],[30.6514002,-29.7984663],[30.6512084,-29.7984814],[30.651024,-29.7985035],[30.6508112,-29.7985389],[30.6506046,-29.7985775],[30.6504252,-29.7986211],[30.650214,-29.7986798],[30.6499575,-29.798768],[30.6497177,-29.7988596],[30.6495447,-29.7989376],[30.6493539,-29.799036],[30.6491286,-29.7991602],[30.6488827,-29.7993147],[30.6485191,-29.7995893],[30.6477966,-29.8002515],[30.6468042,-29.8011755],[30.6465474,-29.8014135],[30.6463469,-29.8015904],[30.6461544,-29.8017516],[30.6459031,-29.8019456],[30.6441078,-29.8032031],[30.6438374,-29.8033486],[30.6435835,-29.8034691],[30.6433931,-29.8035471],[30.6429817,-29.8036886],[30.6426706,-29.8037769],[30.6424394,-29.8038244],[30.6420917,-29.8038734],[30.6417481,-29.8039046],[30.636999,-29.8039237],[30.6367659,-29.8039124],[30.6365003,-29.8038867],[30.6361572,-29.8038248],[30.6359614,-29.8037759],[30.6357931,-29.8037247],[30.6356322,-29.803665],[30.6354122,-29.8035693],[30.6352767,-29.8035065],[30.635203,-29.8034663],[30.635034,-29.8033703],[30.6347916,-29.8032044],[30.6346428,-29.8030828],[30.6343098,-29.8027705],[30.6336661,-29.802103],[30.6330125,-29.8014389],[30.6322867,-29.8006943],[30.6319381,-29.8003446],[30.6317185,-29.8001487],[30.6314736,-29.7999619],[30.631301,-29.7998471],[30.6309877,-29.7996591],[30.6278165,-29.7979377],[30.6274036,-29.7977327],[30.6272419,-29.7976646],[30.6268674,-29.79753],[30.6266829,-29.7974817],[30.6264315,-29.7974241],[30.6261736,-29.7973801],[30.6259317,-29.7973551],[30.6255772,-29.7973281],[30.6250032,-29.797292],[30.6247283,-29.7972746],[30.6244969,-29.7972478],[30.6243233,-29.7972257],[30.6241573,-29.7971952],[30.6240182,-29.7971675],[30.6238779,-29.7971306],[30.6236167,-29.7970584],[30.6234764,-29.7970098],[30.6233505,-29.7969569],[30.6231091,-29.7968517],[30.6229465,-29.7967717],[30.6227837,-29.7966781],[30.6226242,-29.7965755],[30.6223985,-29.7964161],[30.6222104,-29.7962574],[30.6220447,-29.7960997],[30.6219055,-29.7959484],[30.6218094,-29.7958402],[30.6216994,-29.7957087],[30.6218094,-29.7958402],[30.6219055,-29.7959484],[30.6220447,-29.7960997],[30.6222104,-29.7962574],[30.6223985,-29.7964161],[30.6226242,-29.7965755],[30.6227837,-29.7966781],[30.6229465,-29.7967717],[30.6231091,-29.7968517],[30.6233505,-29.7969569],[30.6234764,-29.7970098],[30.6236167,-29.7970584],[30.6238779,-29.7971306],[30.6240182,-29.7971675],[30.6241573,-29.7971952],[30.6243233,-29.7972257],[30.6244969,-29.7972478],[30.6247283,-29.7972746],[30.6250032,-29.797292],[30.6255772,-29.7973281],[30.6259317,-29.7973551],[30.6261736,-29.7973801],[30.6264315,-29.7974241],[30.6266829,-29.7974817],[30.6268674,-29.79753],[30.6272419,-29.7976646],[30.6274036,-29.7977327],[30.6278165,-29.7979377],[30.6309877,-29.7996591],[30.631301,-29.7998471],[30.6314736,-29.7999619],[30.6317185,-29.8001487],[30.6319381,-29.8003446],[30.6322867,-29.8006943],[30.6330125,-29.8014389],[30.6336661,-29.802103],[30.6343098,-29.8027705],[30.6346428,-29.8030828],[30.6347916,-29.8032044],[30.635034,-29.8033703],[30.635203,-29.8034663],[30.6352767,-29.8035065],[30.6354122,-29.8035693],[30.6356322,-29.803665],[30.6357931,-29.8037247],[30.6359614,-29.8037759],[30.6361572,-29.8038248],[30.6365003,-29.8038867],[30.6367659,-29.8039124],[30.636999,-29.8039237],[30.6417481,-29.8039046],[30.6420917,-29.8038734],[30.6424394,-29.8038244],[30.6426706,-29.8037769],[30.6429817,-29.8036886],[30.6433931,-29.8035471],[30.6435835,-29.8034691],[30.6438374,-29.8033486],[30.6441078,-29.8032031],[30.6459031,-29.8019456],[30.6461544,-29.8017516],[30.6463469,-29.8015904],[30.6465474,-29.8014135],[30.6468042,-29.8011755],[30.6477966,-29.8002515],[30.6485191,-29.7995893],[30.6488827,-29.7993147],[30.6491286,-29.7991602],[30.6493539,-29.799036],[30.6495447,-29.7989376],[30.6497177,-29.7988596],[30.6499575,-29.798768],[30.650214,-29.7986798],[30.6504252,-29.7986211],[30.6506046,-29.7985775],[30.6508112,-29.7985389],[30.651024,-29.7985035],[30.6512084,-29.7984814],[30.6514002,-29.7984663],[30.6515839,-29.7984564],[30.6517676,-29.7984552],[30.6519654,-29.7984593],[30.6521559,-29.7984715],[30.652288,-29.7984849],[30.6524804,-29.7985076],[30.6526695,-29.7985373],[30.6528955,-29.7985827],[30.6531288,-29.7986414],[30.6533595,-29.7987101],[30.6535153,-29.7987632],[30.6537054,-29.798841],[30.6539102,-29.798929],[30.6540381,-29.7989894],[30.654264,-29.7991108],[30.6544572,-29.7992256],[30.6546245,-29.7993349],[30.654985,-29.7995804],[30.6570929,-29.8010661],[30.6572075,-29.8011507],[30.657837,-29.8015865],[30.6599641,-29.803079],[30.6626102,-29.804934],[30.662825,-29.8050851],[30.6630371,-29.8052471],[30.6631563,-29.8053411],[30.6632783,-29.8054511],[30.663412,-29.8055797],[30.6635365,-29.8057216],[30.6636687,-29.8058932],[30.6637256,-29.8059823],[30.6637829,-29.8060855],[30.6638221,-29.8061679],[30.6638729,-29.8062842],[30.6639086,-29.806389],[30.6639388,-29.8065071],[30.6639583,-29.8066095],[30.6639727,-29.8067118],[30.6639817,-29.8068521],[30.6639817,-29.8069356],[30.6639743,-29.8070768],[30.6639683,-29.8071617],[30.6639395,-29.8073176],[30.6638889,-29.8075115],[30.6637736,-29.8078759],[30.6636618,-29.8081469],[30.6637315,-29.8078671],[30.6638362,-29.8075445],[30.6638872,-29.8073624],[30.6639133,-29.8072309],[30.6639317,-29.8071127],[30.6639368,-29.8070139],[30.6639375,-29.806929],[30.6639376,-29.8067864],[30.6639274,-29.8066956],[30.6639121,-29.8065968],[30.6638932,-29.8065083],[30.663864,-29.8063887],[30.6638322,-29.8062947],[30.6637995,-29.8062239],[30.6637611,-29.8061347],[30.6637034,-29.8060264],[30.6636376,-29.8059207],[30.6635486,-29.8057967],[30.6634625,-29.8056932],[30.6634099,-29.805638],[30.6632528,-29.8054807],[30.6631338,-29.8053736],[30.6630168,-29.8052765],[30.6627534,-29.8050793],[30.6625879,-29.8049627],[30.6612287,-29.8040077],[30.6578059,-29.8016096],[30.65718,-29.8011795],[30.6567894,-29.8008967],[30.6552934,-29.7998477],[30.6549636,-29.7996162],[30.6546665,-29.7994072],[30.6544309,-29.7992541],[30.654248,-29.7991448],[30.6540776,-29.7990525],[30.6538824,-29.7989559],[30.6536692,-29.7988639],[30.6534626,-29.7987842],[30.6532363,-29.7987112],[30.6530873,-29.7986699],[30.6529533,-29.7986349],[30.6527339,-29.7985873],[30.652579,-29.79856],[30.6524181,-29.7985361],[30.6522182,-29.7985128],[30.6519929,-29.7984992],[30.6517619,-29.7984932],[30.6515846,-29.7984936],[30.6513203,-29.7985099],[30.6511105,-29.7985303],[30.6508356,-29.7985728],[30.6506126,-29.798615],[30.6503712,-29.798675],[30.6501549,-29.7987386],[30.6498759,-29.7988341],[30.6495667,-29.7989724],[30.6493758,-29.7990668],[30.6492417,-29.7991395],[30.6490908,-29.7992303],[30.6488735,-29.79937],[30.6486509,-29.7995364],[30.6484377,-29.7997129],[30.6473621,-29.8007124],[30.6473058,-29.8007659],[30.646834,-29.8012031],[30.6465715,-29.8014502],[30.6463724,-29.8016207],[30.6461752,-29.801783],[30.645987,-29.8019226],[30.6451856,-29.8025071],[30.644165,-29.8032086],[30.6438148,-29.8033949],[30.643481,-29.8035473],[30.6430798,-29.8036924],[30.6427462,-29.803786],[30.6424782,-29.8038424],[30.6420957,-29.8039019],[30.6416949,-29.8039329],[30.6402351,-29.8039468],[30.6374614,-29.8039592],[30.6369294,-29.803952],[30.6366728,-29.8039394],[30.636534,-29.8039266],[30.6362987,-29.8038899],[30.6361096,-29.8038515],[30.6359446,-29.8038096],[30.6358172,-29.8037724],[30.6355678,-29.8036816],[30.6353974,-29.8036077],[30.6352459,-29.8035338],[30.6350474,-29.8034186],[30.6349099,-29.8033314],[30.6347504,-29.803222],[30.6345364,-29.8030416],[30.6342902,-29.8028044],[30.6336044,-29.8020966],[30.6324282,-29.8008968],[30.6319609,-29.8004197],[30.6318163,-29.8002841],[30.6315177,-29.8000375],[30.6312897,-29.7998859],[30.6310449,-29.7997377],[30.6305236,-29.7994464],[30.6299519,-29.7991389],[30.627543,-29.7978357],[30.6272717,-29.7977156],[30.6270142,-29.7976196],[30.6267507,-29.7975347],[30.6266031,-29.7974968],[30.6264174,-29.7974579],[30.6261767,-29.7974189],[30.625895,-29.7973892],[30.6252513,-29.7973461],[30.6248101,-29.7973188],[30.6245674,-29.7972912],[30.624217,-29.7972419],[30.623818,-29.7971536],[30.6236057,-29.7970932],[30.6234654,-29.797047],[30.6231089,-29.7968904],[30.6228233,-29.7967425],[30.6226284,-29.7966277],[30.6223939,-29.7964606],[30.6221948,-29.7962936],[30.6220024,-29.7961189],[30.6218102,-29.7959074],[30.6214439,-29.7954282],[30.6210728,-29.794921],[30.6208067,-29.7945555],[30.6205185,-29.7941881],[30.6204025,-29.7940589],[30.6203087,-29.7939612],[30.6200037,-29.7936787],[30.6198708,-29.7935823],[30.6196884,-29.7934497],[30.6195483,-29.7933612],[30.6193885,-29.7932609],[30.6188527,-29.7929613],[30.6186249,-29.7928177],[30.6184506,-29.7926926],[30.6183091,-29.7925716],[30.6182092,-29.7924697],[30.618128,-29.7923801],[30.6180565,-29.7922952],[30.6178976,-29.7920567],[30.6178283,-29.7919157],[30.6177894,-29.7918255],[30.6177328,-29.7916557],[30.6176977,-29.7915394],[30.617664,-29.7912942],[30.6176549,-29.7911368],[30.6176607,-29.7910219],[30.6176736,-29.7908737],[30.6177233,-29.7906358],[30.6177727,-29.790483],[30.6177921,-29.7904376],[30.6178384,-29.7903305],[30.6178806,-29.7902462],[30.6179591,-29.7901117],[30.6183674,-29.789556],[30.6185089,-29.7893692],[30.6185981,-29.7892237],[30.6186665,-29.7891003],[30.6187215,-29.7889676],[30.6187738,-29.7888204],[30.6188181,-29.7886302],[30.6188477,-29.7884116],[30.6188551,-29.7882239],[30.6188469,-29.7881046],[30.6188294,-29.7879722],[30.618788,-29.7877863],[30.6187557,-29.7876734],[30.6186772,-29.7874575],[30.6185848,-29.7872142],[30.6185178,-29.7870579],[30.6182852,-29.7864768],[30.6180663,-29.7859543],[30.6178665,-29.7854491],[30.6174009,-29.7843017],[30.58766,-29.731996]]}},{"type":"Feature","properties":{"routeId":"kzn-pinetown","source":"OpenStreetMap","license":"ODbL","stations":17},"geometry":{"type":"LineString","coordinates":[[31.024811,-29.8392475],[31.0248403,-29.8391642],[31.0248727,-29.8390615],[31.0249871,-29.8386916],[31.025114,-29.838262],[31.0251527,-29.8381315],[31.0251365,-29.8382592],[31.0251248,-29.8383447],[31.0250668,-29.8386135],[31.0250429,-29.83869],[31.0249269,-29.839071],[31.0248917,-29.8391898],[31.024826,-29.8393806],[31.0247281,-29.8396155],[31.0246523,-29.8397784],[31.0245746,-29.8399488],[31.0244132,-29.8403246],[31.0240988,-29.8409778],[31.0236893,-29.8417851],[31.0235206,-29.8421296],[31.0234861,-29.8422001],[31.0232352,-29.842702],[31.0230149,-29.84313],[31.0229471,-29.8432696],[31.0228819,-29.8434066],[31.0228237,-29.843544],[31.0227683,-29.8436968],[31.0224245,-29.8447601],[31.0219978,-29.8460868],[31.0219353,-29.8462979],[31.0218808,-29.8465132],[31.0217313,-29.8471126],[31.021584,-29.8477118],[31.0215124,-29.847943],[31.0214243,-29.8482434],[31.0213937,-29.8483551],[31.02137,-29.8484731],[31.0213385,-29.8486368],[31.021317,-29.8487349],[31.0212854,-29.8489119],[31.0212513,-29.8490785],[31.0212239,-29.849189],[31.0211932,-29.8493003],[31.0211521,-29.8494275],[31.021085,-29.8495979],[31.0210018,-29.8497846],[31.0207766,-29.8502668],[31.0206647,-29.8505112],[31.0205301,-29.8507488],[31.0205225,-29.8507603],[31.0203917,-29.8509996],[31.0202023,-29.8514044],[31.0200764,-29.8516601],[31.0199666,-29.8518474],[31.0198344,-29.8520336],[31.0196985,-29.8522025],[31.0196053,-29.8523053],[31.0195142,-29.8523953],[31.0193855,-29.8524947],[31.0192501,-29.8525883],[31.0190003,-29.8527205],[31.0186259,-29.8528892],[31.0184008,-29.8529717],[31.0181232,-29.8530364],[31.0178657,-29.8530828],[31.0170684,-29.8532055],[31.0162859,-29.8533352],[31.0158098,-29.8534112],[31.0156146,-29.8534515],[31.0154483,-29.853493],[31.0152975,-29.8535416],[31.0151707,-29.8535887],[31.0150346,-29.8536527],[31.014962,-29.8536935],[31.0148221,-29.8537684],[31.0145753,-29.8539261],[31.01447,-29.8540034],[31.0143621,-29.854104],[31.0142427,-29.8542141],[31.0141387,-29.8543144],[31.0137033,-29.8547711],[31.0132377,-29.855264],[31.0131494,-29.8553667],[31.0130788,-29.8554548],[31.0129961,-29.8555787],[31.0129044,-29.8557181],[31.0128262,-29.8558541],[31.0127582,-29.8559982],[31.0124854,-29.8566398],[31.0122343,-29.8572535],[31.0120835,-29.8576381],[31.0119675,-29.857926],[31.0119253,-29.8580551],[31.0118964,-29.8581522],[31.0118716,-29.8582429],[31.0118589,-29.8583226],[31.0118421,-29.8584104],[31.0118307,-29.8584977],[31.01182,-29.858607],[31.0118186,-29.8587082],[31.0118124,-29.8588538],[31.0118172,-29.8590028],[31.0118399,-29.8592819],[31.0118579,-29.8595315],[31.0118763,-29.8597892],[31.0118955,-29.860023],[31.0119143,-29.8601554],[31.0119381,-29.8602906],[31.011956,-29.8604468],[31.0119631,-29.8606208],[31.011967,-29.8607539],[31.0119614,-29.8608718],[31.0119523,-29.8609762],[31.011932,-29.8611078],[31.0118989,-29.8612803],[31.0118353,-29.8615957],[31.0117103,-29.862156],[31.0116223,-29.8625316],[31.0115893,-29.8626783],[31.0115337,-29.862844],[31.0115015,-29.8629277],[31.0114659,-29.8629975],[31.0114156,-29.8630888],[31.0113714,-29.8631621],[31.0113037,-29.8632511],[31.0111582,-29.8634255],[31.0109865,-29.8636017],[31.0107045,-29.863886],[31.0102538,-29.8643446],[31.0098954,-29.8647103],[31.0095307,-29.8650822],[31.0090399,-29.8655614],[31.0085913,-29.8659719],[31.0081433,-29.866358],[31.0076791,-29.8667804],[31.0074741,-29.8669744],[31.0069295,-29.8674828],[31.0063791,-29.8679967],[31.0059099,-29.8684273],[31.0054692,-29.8688462],[31.0052142,-29.8690887],[31.0048462,-29.8694533],[31.004407,-29.8698906],[31.0039807,-29.870303],[31.0037706,-29.8705146],[31.0030358,-29.8712426],[31.0020131,-29.8722471],[31.0010164,-29.8732291],[31.0004525,-29.8737823],[31.0000985,-29.8741369],[30.9992183,-29.8750041],[30.9989445,-29.8752681],[30.9987932,-29.8754075],[30.9984192,-29.8757452],[30.9982042,-29.875938],[30.9980494,-29.8760786],[30.9979664,-29.8761604],[30.997889,-29.8762395],[30.9978027,-29.8763297],[30.9977028,-29.8764495],[30.9976002,-29.8765796],[30.9973124,-29.8769585],[30.9967755,-29.8776815],[30.9964563,-29.8781156],[30.9961583,-29.8785545],[30.995881,-29.8789612],[30.9957034,-29.8792206],[30.9955123,-29.879509],[30.9953123,-29.8798188],[30.9952444,-29.8799157],[30.9950669,-29.8801653],[30.9949509,-29.8803124],[30.9948181,-29.8804665],[30.9946539,-29.8806368],[30.9945211,-29.8807659],[30.9942663,-29.8809737],[30.9940014,-29.8812054],[30.9937106,-29.8814421],[30.9927422,-29.882253],[30.9919408,-29.8829101],[30.9916418,-29.8831623],[30.9904246,-29.8841709],[30.9893072,-29.8850966],[30.988561,-29.8857182],[30.9883433,-29.8859124],[30.9881228,-29.8861234],[30.9871299,-29.8870839],[30.986632,-29.8875612],[30.9864156,-29.8877791],[30.9862257,-29.8879523],[30.986072,-29.8881125],[30.9858576,-29.8883403],[30.9856531,-29.8885759],[30.9854124,-29.8888794],[30.985262,-29.8890795],[30.9850722,-29.8893637],[30.9848889,-29.8896579],[30.9846291,-29.8900896],[30.9844613,-29.8903757],[30.9843651,-29.8905396],[30.9842694,-29.8907141],[30.984184,-29.8908758],[30.9841177,-29.8910027],[30.9840411,-29.8911531],[30.983862,-29.8915648],[30.9836512,-29.892151],[30.9834281,-29.8928812],[30.9833128,-29.8932021],[30.9832437,-29.8933951],[30.9831204,-29.8936887],[30.9829165,-29.8941235],[30.9828045,-29.8944153],[30.9827433,-29.8946173],[30.9826424,-29.8948346],[30.982492,-29.8951641],[30.9824071,-29.8953469],[30.9821809,-29.8958338],[30.9820061,-29.8962081],[30.9818374,-29.8965682],[30.9816552,-29.8969627],[30.9813046,-29.8977033],[30.9810541,-29.8982459],[30.9806726,-29.8990629],[30.9805401,-29.89934],[30.9806726,-29.8990629],[30.9810541,-29.8982459],[30.9813046,-29.8977033],[30.9816552,-29.8969627],[30.9818374,-29.8965682],[30.9820061,-29.8962081],[30.9821809,-29.8958338],[30.9824071,-29.8953469],[30.982492,-29.8951641],[30.9823801,-29.89546],[30.9822829,-29.8957227],[30.9820489,-29.896216],[30.9818807,-29.8965688],[30.9817107,-29.896943],[30.9813531,-29.8976963],[30.9809099,-29.8986473],[30.9806418,-29.89922],[30.9804051,-29.8997324],[30.9803323,-29.899888],[30.980184,-29.9002256],[30.9800157,-29.900597],[30.9798718,-29.900903],[30.9797823,-29.9011371],[30.9797028,-29.9013834],[30.9796079,-29.9016996],[30.9795684,-29.9018172],[30.979542,-29.901902],[30.9795043,-29.9020196],[30.9794621,-29.902198],[30.9794339,-29.902373],[30.979384,-29.9028379],[30.9793632,-29.9029629],[30.9793411,-29.9030658],[30.9793143,-29.903175],[30.9792767,-29.9032878],[30.9792367,-29.9034022],[30.9790409,-29.9038386],[30.9788385,-29.9042902],[30.9786364,-29.9047439],[30.9784553,-29.9051584],[30.9783652,-29.9053291],[30.9782736,-29.9054775],[30.9782012,-29.9055682],[30.9781024,-29.9056804],[30.9780187,-29.9057597],[30.9778578,-29.905898],[30.9776935,-29.9060035],[30.9775264,-29.9060911],[30.9773435,-29.906161],[30.9771591,-29.9062134],[30.9769982,-29.9062447],[30.9768681,-29.9062657],[30.9767494,-29.9062756],[30.9765105,-29.9062805],[30.9758522,-29.9062478],[30.9757072,-29.9062422],[30.9756222,-29.9062388],[30.9752125,-29.9062105],[30.9745854,-29.906155],[30.9743489,-29.9061221],[30.9741544,-29.9060925],[30.973978,-29.9060611],[30.9737648,-29.9060186],[30.9735187,-29.9059652],[30.9732599,-29.9058983],[30.9730647,-29.9058425],[30.9724324,-29.9056309],[30.9721702,-29.905531],[30.9719791,-29.9054583],[30.9715359,-29.9052671],[30.9704315,-29.9047226],[30.9699101,-29.9044591],[30.9696761,-29.9043453],[30.969455,-29.9042424],[30.9692603,-29.9041572],[30.9690392,-29.9040661],[30.9687833,-29.9039778],[30.9685506,-29.9038935],[30.9682795,-29.9038126],[30.9680765,-29.9037546],[30.9678767,-29.9037034],[30.9676474,-29.9036482],[30.9673899,-29.9035942],[30.967121,-29.9035442],[30.9668467,-29.9034942],[30.9665745,-29.9034512],[30.9651096,-29.9032215],[30.9635386,-29.9029779],[30.9633089,-29.9029251],[30.963099,-29.9028699],[30.9629535,-29.9028152],[30.9628247,-29.9027618],[30.9627,-29.9027007],[30.9624727,-29.9025595],[30.9623024,-29.9024234],[30.9621817,-29.9023107],[30.9620952,-29.9022246],[30.9620362,-29.9021462],[30.9619483,-29.9020288],[30.9619007,-29.9019555],[30.9618431,-29.9018579],[30.9617452,-29.901641],[30.9615354,-29.9010817],[30.961387,-29.9006906],[30.9612386,-29.9002995],[30.961071,-29.8998385],[30.9609975,-29.8996743],[30.9609209,-29.8995477],[30.9608352,-29.8994182],[30.9607581,-29.8993313],[30.9606564,-29.8992266],[30.9604651,-29.8990599],[30.960303,-29.8989033],[30.9601606,-29.8987549],[30.9600762,-29.8986427],[30.9600118,-29.8985334],[30.9599642,-29.8984404],[30.9599213,-29.8983288],[30.9598576,-29.8981416],[30.9597985,-29.897898],[30.9596954,-29.897429],[30.9596212,-29.8971053],[30.9595602,-29.8969315],[30.9594931,-29.8967967],[30.9594118,-29.896669],[30.9593466,-29.8965848],[30.9592748,-29.8965017],[30.9591917,-29.8964198],[30.9590743,-29.8963285],[30.9589738,-29.8962599],[30.9588115,-29.8961698],[30.9586968,-29.8961204],[30.9585775,-29.8960835],[30.9584568,-29.8960419],[30.9583066,-29.8960053],[30.9579384,-29.8959262],[30.9576789,-29.8958704],[30.9574985,-29.8958268],[30.957341,-29.8957838],[30.9572129,-29.8957425],[30.9570345,-29.8956751],[30.9569125,-29.8956181],[30.9568416,-29.8955881],[30.9566798,-29.8954914],[30.9565544,-29.8954036],[30.9564485,-29.8953292],[30.956319,-29.895217],[30.9562037,-29.8950949],[30.9561293,-29.8950036],[30.9560166,-29.894838],[30.9559502,-29.8947112],[30.9559093,-29.8946182],[30.9558805,-29.8945479],[30.9558423,-29.8943991],[30.9558,-29.894184],[30.9557759,-29.8940206],[30.9557353,-29.893543],[30.9557109,-29.8933259],[30.955688,-29.8931877],[30.9556541,-29.8930429],[30.9556053,-29.8928921],[30.9555362,-29.8927343],[30.9554802,-29.8926237],[30.9554121,-29.8925179],[30.9553273,-29.892387],[30.9552135,-29.8922509],[30.9550316,-29.8920295],[30.9549451,-29.8919319],[30.9547876,-29.8917568],[30.9545857,-29.8915179],[30.9545046,-29.8914137],[30.9544408,-29.8913243],[30.9543791,-29.8912145],[30.9543389,-29.8911383],[30.9542873,-29.8910005],[30.9542345,-29.8908008],[30.9541615,-29.8904709],[30.9539609,-29.8895868],[30.9538241,-29.8889407],[30.9537799,-29.8887664],[30.9537228,-29.8885936],[30.953649,-29.8883959],[30.9535998,-29.8882837],[30.9535049,-29.8881133],[30.9533689,-29.8879311],[30.9532499,-29.8878007],[30.9531449,-29.8877134],[30.9529846,-29.8875873],[30.9528706,-29.8875211],[30.9527771,-29.8874694],[30.9525391,-29.8873571],[30.9516332,-29.8869595],[30.9512195,-29.8867781],[30.9506529,-29.8865362],[30.9503972,-29.8864383],[30.9501895,-29.886382],[30.95,-29.8863482],[30.9498003,-29.8863339],[30.9494722,-29.8863391],[30.9492582,-29.886371],[30.9490357,-29.8864213],[30.948803,-29.886498],[30.9486888,-29.8865479],[30.9485702,-29.8866075],[30.9484185,-29.8866939],[30.9482676,-29.8867933],[30.9481494,-29.8868909],[30.9480556,-29.8869779],[30.9478939,-29.8871552],[30.9478252,-29.8872477],[30.947768,-29.8873388],[30.9476946,-29.8874572],[30.9476334,-29.8875939],[30.9474973,-29.8879442],[30.9474006,-29.8882177],[30.9473477,-29.8883693],[30.9472867,-29.8885158],[30.947229,-29.8886472],[30.9471687,-29.8887635],[30.9470574,-29.8889385],[30.9469488,-29.8890809],[30.9468709,-29.8891633],[30.9467644,-29.8892771],[30.9466926,-29.8893406],[30.9466359,-29.8893907],[30.9464749,-29.8895096],[30.9462995,-29.8896196],[30.9460977,-29.8897207],[30.9458857,-29.8897935],[30.945709,-29.8898381],[30.9455698,-29.8898732],[30.9452636,-29.8899162],[30.9450843,-29.8899271],[30.9447856,-29.8899242],[30.944453,-29.8899012],[30.9441718,-29.8898815],[30.9438246,-29.8898483],[30.9435544,-29.8898082],[30.9434458,-29.8897843],[30.9432513,-29.8897349],[30.9430629,-29.8896716],[30.9429174,-29.8896146],[30.9427819,-29.8895495],[30.942619,-29.8894541],[30.9424358,-29.8893445],[30.941554,-29.888762],[30.9405881,-29.8881255],[30.9402258,-29.887885],[30.9400055,-29.8877132],[30.939869,-29.8875924],[30.9396511,-29.8873561],[30.9394877,-29.8871348],[30.9393903,-29.886967],[30.9391442,-29.8864641],[30.9390228,-29.8862095],[30.9388857,-29.8859666],[30.9386852,-29.8856608],[30.9384763,-29.8853915],[30.9382638,-29.8851153],[30.9380478,-29.8848409],[30.937669,-29.8843578],[30.9375416,-29.8842072],[30.9373283,-29.8839776],[30.9371728,-29.8838276],[30.9369689,-29.8836601],[30.936816,-29.8835398],[30.9366632,-29.8834194],[30.9365009,-29.8833177],[30.9363057,-29.8831793],[30.9361207,-29.883052],[30.9359745,-29.8829316],[30.9358384,-29.8828089],[30.9356908,-29.8826328],[30.9355829,-29.8824863],[30.9355326,-29.8824031],[30.9354877,-29.8823182],[30.935424,-29.8821874],[30.935322,-29.8819084],[30.9352516,-29.8817194],[30.9351524,-29.8814642],[30.9350967,-29.8813432],[30.935021,-29.8812078],[30.9349412,-29.8810769],[30.934851,-29.8809619],[30.9347648,-29.8808659],[30.9346683,-29.8807705],[30.9345442,-29.880663],[30.934449,-29.8805868],[30.9343088,-29.8804938],[30.9341553,-29.8804072],[30.9339729,-29.8803281],[30.9336738,-29.8802106],[30.9333211,-29.8800833],[30.9329537,-29.8799502],[30.9322388,-29.879692],[30.9316937,-29.8795033],[30.9311335,-29.8793017],[30.9305162,-29.8790745],[30.9302862,-29.8789966],[30.9301729,-29.8789687],[30.930086,-29.8789504],[30.9299003,-29.8789158],[30.929731,-29.878894],[30.9296153,-29.8788844],[30.9295593,-29.8788822],[30.9294188,-29.8788786],[30.9292537,-29.8788821],[30.9290691,-29.878896],[30.9288707,-29.878917],[30.9286874,-29.878946],[30.9284013,-29.8789885],[30.9280065,-29.8790521],[30.9275242,-29.8791205],[30.9272271,-29.8791577],[30.9268979,-29.8791827],[30.9266806,-29.8791873],[30.9264984,-29.8791842],[30.9262763,-29.8791717],[30.9259799,-29.8791414],[30.9258083,-29.8791147],[30.9255736,-29.8790722],[30.9249486,-29.8789344],[30.9245986,-29.8788583],[30.923603,-29.8786432],[30.9232481,-29.8785658],[30.9230161,-29.8785257],[30.9227772,-29.8784915],[30.9226613,-29.8784809],[30.9224776,-29.8784751],[30.9222765,-29.8784827],[30.9221041,-29.8784972],[30.9218211,-29.878546],[30.9216636,-29.8785786],[30.9215382,-29.8786222],[30.9213679,-29.8786803],[30.9212331,-29.8787362],[30.9210339,-29.8788263],[30.9207418,-29.878977],[30.9206523,-29.8790276],[30.9200066,-29.8793542],[30.919833,-29.8794327],[30.9196445,-29.879499],[30.9194574,-29.8795496],[30.9192737,-29.8795845],[30.9190967,-29.8796048],[30.9189337,-29.8796141],[30.9187272,-29.8796083],[30.9184798,-29.8795786],[30.9182639,-29.8795321],[30.9180573,-29.879467],[30.9178629,-29.8793885],[30.9177375,-29.8793251],[30.9176289,-29.8792618],[30.9175283,-29.8791966],[30.9173968,-29.8790995],[30.9173003,-29.8790164],[30.9172305,-29.8789472],[30.917132,-29.8788397],[30.9170428,-29.8787239],[30.9169436,-29.8785935],[30.9167635,-29.8783391],[30.9164775,-29.8779338],[30.9162287,-29.877578],[30.9159645,-29.877207],[30.9156554,-29.8767692],[30.915575,-29.8766546],[30.9154905,-29.8765227],[30.91541,-29.876386],[30.9153362,-29.8762436],[30.9152725,-29.8761005],[30.9152041,-29.8759383],[30.9151116,-29.8757115],[30.9149902,-29.8754045],[30.9149111,-29.8752202],[30.9148528,-29.8750964],[30.9147757,-29.8749522],[30.9146757,-29.874794],[30.9145765,-29.874658],[30.9144793,-29.8745463],[30.9143666,-29.8744231],[30.9142452,-29.8743097],[30.9141152,-29.8742027],[30.9139911,-29.8741126],[30.9138396,-29.8740102],[30.9137142,-29.8739416],[30.9135552,-29.8738596],[30.913391,-29.8737893],[30.9132481,-29.8737364],[30.9130973,-29.8736916],[30.9129645,-29.8736561],[30.9128344,-29.8736247],[30.9125776,-29.8735939],[30.9123865,-29.8735788],[30.9121927,-29.8735765],[30.9120036,-29.8735846],[30.9118279,-29.8736044],[30.9116831,-29.8736247],[30.9113578,-29.873685],[30.9110377,-29.8737534],[30.9108455,-29.8738009],[30.9104879,-29.8738787],[30.9088427,-29.8742463],[30.9079863,-29.8744382],[30.9076229,-29.8745068],[30.9074277,-29.874533],[30.9072313,-29.8745481],[30.9070717,-29.8745475],[30.9069315,-29.874544],[30.9068289,-29.8745394],[30.9066559,-29.8745184],[30.9064984,-29.8744934],[30.9063877,-29.8744707],[30.906277,-29.8744424],[30.9060062,-29.874362],[30.9057601,-29.8742637],[30.9055851,-29.8741759],[30.9054409,-29.8740922],[30.9053115,-29.8740108],[30.9046789,-29.8735898],[30.9045546,-29.873516],[30.904399,-29.8734364],[30.9043012,-29.8733927],[30.9041647,-29.8733397],[30.9039791,-29.8732715],[30.903748,-29.8732145],[30.9035689,-29.8731775],[30.9033508,-29.8731631],[30.9032217,-29.8731622],[30.9030909,-29.8731596],[30.9029072,-29.8731729],[30.9026621,-29.873207],[30.9023671,-29.8732497],[30.9020727,-29.8732799],[30.9018997,-29.8732857],[30.9017257,-29.8732755],[30.9015011,-29.8732526],[30.9012504,-29.8732042],[30.9009867,-29.8731416],[30.900772,-29.8730912],[30.9001825,-29.8729565],[30.899896,-29.8729194],[30.8997574,-29.8729091],[30.8996719,-29.8729054],[30.8994566,-29.8729175],[30.8992252,-29.8729472],[30.8990102,-29.8730067],[30.898805,-29.8730775],[30.8985802,-29.8731908],[30.8984906,-29.873245],[30.8983782,-29.8733269],[30.8982278,-29.8734573],[30.8981057,-29.873584],[30.8978985,-29.8738184],[30.8978033,-29.8739288],[30.8976263,-29.8741137],[30.8975143,-29.8742056],[30.8973654,-29.8743184],[30.8971884,-29.8744196],[30.8970074,-29.8744888],[30.8968102,-29.8745446],[30.8966319,-29.8745702],[30.896487,-29.8745789],[30.8963449,-29.8745783],[30.8962,-29.8745638],[30.896027,-29.8745318],[30.8958279,-29.8744702],[30.8956663,-29.8744039],[30.8955281,-29.8743306],[30.8953679,-29.8742155],[30.8952458,-29.8741149],[30.895109,-29.8739567],[30.8950346,-29.8738149],[30.8949789,-29.8737073],[30.8949347,-29.8735893],[30.8948831,-29.873359],[30.8948368,-29.8731631],[30.8947933,-29.8730176],[30.8947176,-29.8728525],[30.8946611,-29.8727496],[30.8945779,-29.8726357],[30.8944877,-29.8725264],[30.8943855,-29.8724362],[30.8942869,-29.8723577],[30.8941716,-29.8722833],[30.8940368,-29.8722124],[30.8938806,-29.8721472],[30.893717,-29.8720839],[30.8934622,-29.8720003],[30.8930655,-29.8718615],[30.8927219,-29.871745],[30.892052,-29.8715175],[30.891429,-29.8712977],[30.8911937,-29.8711971],[30.8910105,-29.8711101],[30.8907381,-29.8709482],[30.89056,-29.8708139],[30.8904467,-29.8707256],[30.8902811,-29.8705819],[30.8901456,-29.8704499],[30.890043,-29.8703348],[30.8899451,-29.8702168],[30.8898579,-29.8700993],[30.8897527,-29.8699429],[30.8896635,-29.8697923],[30.8895837,-29.8696446],[30.8895227,-29.8695109],[30.8894616,-29.8693498],[30.889408,-29.8691777],[30.8893637,-29.8690085],[30.8893322,-29.8688189],[30.8893094,-29.8686398],[30.8893067,-29.8685282],[30.8893047,-29.8683549],[30.8893087,-29.8681828],[30.8893242,-29.8680298],[30.8893463,-29.8678746],[30.8894509,-29.86736],[30.889475,-29.8672198],[30.8894958,-29.8670541],[30.8895025,-29.8668802],[30.8894918,-29.8667116],[30.8894784,-29.866586],[30.8894449,-29.8664185],[30.8894026,-29.8662708],[30.8893776,-29.8662045],[30.8893396,-29.8661039],[30.8892766,-29.865969],[30.8892048,-29.8658417],[30.8891371,-29.8657312],[30.8890459,-29.8656033],[30.8889366,-29.8654753],[30.8888286,-29.865366],[30.8887267,-29.8652765],[30.8885846,-29.8651596],[30.8885175,-29.865109],[30.8884712,-29.8650747],[30.8883183,-29.8649834],[30.8881319,-29.8648909],[30.8880273,-29.8648456],[30.8879167,-29.8648014],[30.887765,-29.8647442],[30.8874015,-29.8646117],[30.8871667,-29.8645275],[30.8869454,-29.8644458],[30.8867828,-29.8643769],[30.8866319,-29.8643042],[30.8864696,-29.8642158],[30.8863275,-29.8641204],[30.8861893,-29.8640128],[30.8860499,-29.8638849],[30.8859238,-29.8637448],[30.8858179,-29.8636023],[30.8857474,-29.8634953],[30.8856717,-29.8633575],[30.8856328,-29.8632909],[30.8855939,-29.8632243],[30.8854497,-29.862958],[30.8853451,-29.8627754],[30.8852613,-29.8626393],[30.8851339,-29.8624515],[30.8850199,-29.8622921],[30.8848892,-29.8621206],[30.8847865,-29.8619949],[30.8845733,-29.8617223],[30.884462,-29.8615972],[30.8843534,-29.8614926],[30.8842769,-29.8614263],[30.8841623,-29.8613414],[30.8840107,-29.8612384],[30.8837804,-29.8610839],[30.8835246,-29.8609203],[30.8832805,-29.8607418],[30.8831578,-29.860629],[30.8830445,-29.8605086],[30.8829693,-29.8604167],[30.882913,-29.8603365],[30.8828352,-29.8602103],[30.8827722,-29.8600963],[30.8827085,-29.8599562],[30.8826575,-29.8598114],[30.8826157,-29.8596391],[30.8825997,-29.8595444],[30.8825845,-29.8593764],[30.8825913,-29.8592054],[30.8826073,-29.8590519],[30.8826424,-29.8588634],[30.8826835,-29.8586996],[30.8827691,-29.8583296],[30.8828057,-29.8581761],[30.8828305,-29.85804],[30.8828532,-29.8578655],[30.8828701,-29.8576864],[30.8828775,-29.8574898],[30.882874,-29.8574057],[30.8828561,-29.8571333],[30.882838,-29.8569652],[30.8828005,-29.8567589],[30.8827407,-29.8565025],[30.8826368,-29.8561784],[30.8825267,-29.8558791],[30.8824444,-29.8556531],[30.8823814,-29.8554187],[30.8823571,-29.8552315],[30.8823533,-29.8550016],[30.882382,-29.8547611],[30.8824432,-29.8545064],[30.8825409,-29.8542692],[30.882608,-29.8541422],[30.8826832,-29.8540309],[30.8828132,-29.8538594],[30.8830833,-29.8535527],[30.8832262,-29.8533747],[30.8833335,-29.8532247],[30.8833898,-29.8531204],[30.8835184,-29.8528519],[30.8835565,-29.8527288],[30.8835885,-29.8525974],[30.8836184,-29.8523532],[30.8836166,-29.8522029],[30.8836029,-29.852073],[30.8835796,-29.8519057],[30.8835492,-29.8517693],[30.883434,-29.8513183],[30.883392,-29.8511824],[30.8831644,-29.8502713],[30.8829172,-29.8493182],[30.8828621,-29.849114],[30.8828044,-29.8489431],[30.8827407,-29.8487959],[30.8826817,-29.848679],[30.8825784,-29.8485039],[30.8823659,-29.8481783],[30.8821526,-29.8478334],[30.8818904,-29.8474268],[30.8818033,-29.8472779],[30.8817349,-29.8471366],[30.8816544,-29.8469534],[30.8816242,-29.8468435],[30.8815974,-29.8467126],[30.881584,-29.8465974],[30.8815726,-29.8463933],[30.8815699,-29.8461159],[30.8815686,-29.8459303],[30.8815605,-29.8457878],[30.8815464,-29.8456564],[30.8815203,-29.8455249],[30.8814894,-29.8453999],[30.8814371,-29.8452557],[30.8813714,-29.8451184],[30.8813097,-29.8449951],[30.8811542,-29.8447497],[30.8806995,-29.8440819],[30.8805614,-29.8438877],[30.8804125,-29.8436736],[30.8801343,-29.8432752],[30.8798666,-29.8428836],[30.8795979,-29.8424859],[30.8791491,-29.8418495],[30.8791049,-29.8417827],[30.8789458,-29.8415479],[30.8788341,-29.841382],[30.8787596,-29.8412715],[30.8786725,-29.8411278],[30.8785692,-29.840944],[30.8784404,-29.8406741],[30.8783653,-29.840488],[30.8782876,-29.840274],[30.8781722,-29.8399471],[30.8779771,-29.8393916],[30.8777558,-29.8387553],[30.8776016,-29.8383097],[30.8775546,-29.8381695],[30.8775017,-29.838023],[30.8773086,-29.8374837],[30.8770153,-29.8366435],[30.8768327,-29.8361233],[30.8766306,-29.835548],[30.8765101,-29.8351818],[30.8764363,-29.8348792],[30.8764125,-29.8347251],[30.8763953,-29.8345216],[30.8763955,-29.8343447],[30.8764066,-29.8341963],[30.8764394,-29.8338855],[30.8764663,-29.8336047],[30.8764905,-29.8333974],[30.8764948,-29.833329],[30.8765573,-29.8328343],[30.8766722,-29.8318554],[30.8767205,-29.8314174],[30.8767775,-29.8309329],[30.8768017,-29.830691],[30.8768385,-29.8304122],[30.8768809,-29.8300338],[30.8769644,-29.8292986],[30.8770185,-29.8288075],[30.8770511,-29.8284858],[30.8770688,-29.8282813],[30.8770745,-29.8280656],[30.8770563,-29.8278229],[30.8770363,-29.8277014],[30.8770195,-29.8275979],[30.8769894,-29.8274862],[30.8769585,-29.8273891],[30.8769169,-29.827264],[30.8768687,-29.8271517],[30.8768378,-29.8270778],[30.8767694,-29.826947],[30.8765294,-29.8265781],[30.876467,-29.8265019],[30.8763785,-29.826399],[30.8762605,-29.8262861],[30.8761518,-29.8261866],[30.8760513,-29.8260994],[30.8759252,-29.8260051],[30.8758011,-29.8259283],[30.8756067,-29.8258097],[30.8754692,-29.8257422],[30.8753546,-29.8256875],[30.875203,-29.8256264],[30.8750655,-29.8255752],[30.8749073,-29.8255258],[30.8747564,-29.8254833],[30.8746216,-29.8254537],[30.874389,-29.8254135],[30.8739028,-29.8253367],[30.8732209,-29.8252384],[30.8726596,-29.8251593],[30.8724537,-29.8251267],[30.8722465,-29.8250808],[30.8721084,-29.8250459],[30.8719824,-29.8250104],[30.8718677,-29.8249696],[30.8717208,-29.8249161],[30.8715773,-29.824855],[30.8714426,-29.8247881],[30.8712233,-29.8246625],[30.8709732,-29.8245182],[30.8708149,-29.8244333],[30.8706828,-29.8243716],[30.8705447,-29.8243105],[30.8703563,-29.8242471],[30.8700927,-29.824161],[30.8695757,-29.824004],[30.8690594,-29.8238469],[30.8684727,-29.8236729],[30.8682474,-29.8236066],[30.8680576,-29.8235485],[30.867845,-29.8234786],[30.8676305,-29.8233943],[30.8674434,-29.823307],[30.8671644,-29.8231564],[30.8669738,-29.8230318],[30.866514,-29.8227317],[30.8661921,-29.8225182],[30.865995,-29.822385],[30.8658569,-29.8223006],[30.8657288,-29.8222261],[30.8655484,-29.8221272],[30.8653915,-29.8220499],[30.8652366,-29.8219801],[30.8650596,-29.8219038],[30.8643917,-29.821638],[30.8640537,-29.8215053],[30.8634657,-29.8212686],[30.8627462,-29.8209835],[30.862138,-29.8207467],[30.8617712,-29.8205943],[30.8616324,-29.8205309],[30.8614292,-29.8204326],[30.8612763,-29.8203581],[30.8610892,-29.8202534],[30.860882,-29.8201248],[30.8604149,-29.8198195],[30.86019,-29.8196806],[30.8597717,-29.8193809],[30.8595845,-29.819251],[30.8592888,-29.8190363],[30.8579926,-29.8181055],[30.8577531,-29.8179255]]}}]}