{"type":"FeatureCollection","properties":{"region":"GP","generatedAt":"2026-08-06T15:37:23.866Z","attribution":"© OpenStreetMap contributors","license":"ODbL"},"features":[{"type":"Feature","properties":{"routeId":"pta-pien","source":"OpenStreetMap","license":"ODbL","stations":15},"geometry":{"type":"LineString","coordinates":[[28.189866445989118,-25.75864361043285],[28.201559350093763,-25.759836388884576],[28.2013866,-25.7599043],[28.2012156,-25.7599816],[28.2010809,-25.7600504],[28.2009273,-25.7601337],[28.2007791,-25.7602322],[28.2006135,-25.7603554],[28.2004639,-25.7604689],[28.2002596,-25.7606318],[28.1998707,-25.7609415],[28.1993956,-25.7613254],[28.199058,-25.7615906],[28.1985992,-25.7619593],[28.1979815,-25.7624418],[28.1972262,-25.7630572],[28.1968713,-25.7633422],[28.1964624,-25.7636563],[28.1961127,-25.7638654],[28.1959547,-25.7639371],[28.1956017,-25.7640399],[28.1954394,-25.7640848],[28.195317,-25.764101],[28.1951871,-25.7641126],[28.1950256,-25.7641187],[28.1948474,-25.7641168],[28.1946518,-25.7641082],[28.1944999,-25.7640913],[28.1943365,-25.7640563],[28.1941815,-25.7640152],[28.1940426,-25.7639669],[28.19387,-25.7638991],[28.1937407,-25.7638407],[28.1936357,-25.763793],[28.1935441,-25.7637432],[28.1934191,-25.7636514],[28.1932929,-25.7635495],[28.1931851,-25.7634463],[28.1930698,-25.763335],[28.1929409,-25.7632017],[28.1927626,-25.7630168],[28.1924683,-25.7626991],[28.1922313,-25.7624571],[28.1921046,-25.7623544],[28.1919965,-25.7622693],[28.1920911,-25.7623656],[28.1925789,-25.7628797],[28.1929307,-25.7632586],[28.1930536,-25.7633774],[28.1931813,-25.7635005],[28.1932766,-25.7635899],[28.1934106,-25.7636901],[28.1935393,-25.7637862],[28.1936717,-25.7638538],[28.1938093,-25.7639135],[28.1939584,-25.7639754],[28.1941386,-25.7640387],[28.194293,-25.7640834],[28.1944846,-25.7641241],[28.1946587,-25.7641415],[28.1947845,-25.7641491],[28.194929,-25.7641531],[28.195089,-25.7641533],[28.195261,-25.7641472],[28.1954543,-25.7641175],[28.1956167,-25.7640779],[28.195815,-25.7640289],[28.1959656,-25.7639754],[28.1961463,-25.7638912],[28.1964943,-25.7636883],[28.196898,-25.7633646],[28.1972496,-25.7630868],[28.1977297,-25.7627013],[28.1986266,-25.7619902],[28.1994246,-25.7613476],[28.1998786,-25.7609853],[28.2000374,-25.760859],[28.2002574,-25.7606845],[28.2004968,-25.7604888],[28.2007033,-25.7603306],[28.200824,-25.7602473],[28.2009146,-25.7601869],[28.2010011,-25.7601362],[28.2011144,-25.7600728],[28.2012451,-25.7600069],[28.2013585,-25.7599586],[28.2014852,-25.7599043],[28.2016052,-25.7598602],[28.2017782,-25.7598058],[28.2019211,-25.7597714],[28.2020773,-25.759737],[28.2021779,-25.7597195],[28.2023435,-25.7596983],[28.2024696,-25.7596881],[28.2026741,-25.759676],[28.2028686,-25.7596796],[28.2030234,-25.7596869],[28.2031918,-25.7597056],[28.2049807,-25.7599405],[28.2090175,-25.7604623],[28.2099429,-25.7605758],[28.213499980098053,-25.76012800529803],[28.2139669,-25.7600594],[28.2143388,-25.7599271],[28.2146976,-25.7598412],[28.2149009,-25.7598197],[28.2151064,-25.7598184],[28.2154304,-25.7598309],[28.2163413,-25.7599598],[28.2172988,-25.7600721],[28.217996,-25.7601665],[28.2186425,-25.7602316],[28.2190387,-25.7602152],[28.2194853,-25.760149],[28.2196089,-25.7601285],[28.2197465,-25.7600992],[28.219971,-25.7600375],[28.2201447,-25.7599781],[28.2205214,-25.7598453],[28.2208532,-25.7596758],[28.2211057,-25.7595284],[28.2213746,-25.7593485],[28.2217433,-25.7590114],[28.2221091,-25.7586245],[28.2243939,-25.7560812],[28.2247261,-25.7557266],[28.2255587,-25.7548071],[28.2264014,-25.7538841],[28.2272994,-25.7528962],[28.2282724,-25.7518302],[28.2286004,-25.7514809],[28.2289167,-25.7511957],[28.2293456,-25.7508648],[28.2297219,-25.7506375],[28.2299573,-25.7505197],[28.2301881,-25.750413],[28.2305608,-25.7502662],[28.2318397,-25.7498266],[28.232574,-25.7496333],[28.2318525,-25.7498674],[28.2305986,-25.7502895],[28.230207,-25.7504466],[28.2299763,-25.750548],[28.2297537,-25.7506592],[28.2293674,-25.7508911],[28.2289624,-25.7512052],[28.2286325,-25.7515023],[28.2283106,-25.7518478],[28.227337,-25.7529228],[28.2271063,-25.7531765],[28.2266074,-25.7537224],[28.2264492,-25.7538891],[28.2256123,-25.7548216],[28.2254139,-25.7550245],[28.232274866782785,-25.749263370927064],[28.2327296,-25.7494144],[28.2334799,-25.7491589],[28.2342202,-25.7489113],[28.2349008,-25.7486806],[28.2352891,-25.7485507],[28.2355539,-25.7484547],[28.2361021,-25.7482301],[28.2365503,-25.7480327],[28.2372521,-25.7477472],[28.2375754,-25.7476351],[28.2379386,-25.747527],[28.2382219,-25.7474543],[28.2383469,-25.7474222],[28.2387563,-25.747331],[28.2391637,-25.7472356],[28.239602,-25.7470857],[28.2410693,-25.7465903],[28.2411852,-25.7465518],[28.2412128,-25.7465424],[28.2413036,-25.7465119],[28.242413,-25.7461396],[28.24362,-25.7457325],[28.2464186,-25.7447835],[28.2474756,-25.7444257],[28.2479344,-25.7442703],[28.2489605,-25.7439224],[28.2501458,-25.7435189],[28.2506434,-25.7433534],[28.2509673,-25.7432387],[28.2511725,-25.7431559],[28.251322,-25.7430913],[28.2514628,-25.7430273],[28.2516787,-25.742924],[28.251896,-25.7428195],[28.2525417,-25.7425084],[28.2534238,-25.7420833],[28.2537648,-25.7419207],[28.2546734,-25.7414707],[28.2555293,-25.7410606],[28.2569065,-25.7404174],[28.2582582,-25.739765],[28.2589938,-25.7394111],[28.2593089,-25.7392546],[28.2595678,-25.7391078],[28.2598165,-25.7389556],[28.2600807,-25.738778],[28.2602511,-25.7386494],[28.260471,-25.7384772],[28.2607272,-25.7382531],[28.260931,-25.7380538],[28.2610832,-25.7378998],[28.2612307,-25.7377331],[28.2613452,-25.7375954],[28.2616112,-25.7372771],[28.2618658,-25.7368776],[28.2620869,-25.7364681],[28.2623773,-25.7357573],[28.2627433,-25.7349893],[28.2628897,-25.7347135],[28.263051,-25.7344676],[28.2632439,-25.7341757],[28.2636272,-25.7337253],[28.2641586,-25.7331813],[28.2645409,-25.7328468],[28.2657876,-25.7319021],[28.266909,-25.7310354],[28.2672728,-25.7307602],[28.2674722,-25.7306253],[28.2675695,-25.7305637],[28.2678011,-25.7304069],[28.2657891,-25.7319373],[28.2645553,-25.7328845],[28.2641986,-25.7332034],[28.2636487,-25.7337519],[28.2632866,-25.7341916],[28.2630855,-25.7344864],[28.2629272,-25.7347425],[28.2627824,-25.7349986],[28.2624203,-25.7357839],[28.261908,-25.7368929],[28.2616425,-25.7372915],[28.2613769,-25.7376274],[28.2611114,-25.7379306],[28.26087,-25.7381716],[28.260703,-25.7383256],[28.2605079,-25.7384948],[28.2603329,-25.7386355],[28.260133,-25.7387853],[28.2598434,-25.7389816],[28.2595691,-25.7391447],[28.2593257,-25.7392842],[28.2589951,-25.7394521],[28.2582763,-25.7397964],[28.2569197,-25.7404482],[28.255586,-25.7410915],[28.2548015,-25.7414647],[28.253795,-25.7419467],[28.2533987,-25.74214],[28.2519322,-25.7428436],[28.251609,-25.7429989],[28.2513736,-25.743107],[28.2511637,-25.7431994],[28.2509653,-25.7432767],[28.2506615,-25.7433842],[28.2501546,-25.7435515],[28.2489717,-25.7439581],[28.2474945,-25.7444569],[28.246972,-25.744619],[28.2464323,-25.744816],[28.2436254,-25.745767],[28.27872645216183,-25.72608149772232],[28.29699912151972,-25.727388634278455],[28.297395,-25.7273005],[28.2977847,-25.7272393],[28.2980286,-25.7271875],[28.2984056,-25.7270837],[28.2985792,-25.7270323],[28.2988118,-25.7269513],[28.2989761,-25.7268873],[28.2990914,-25.726837],[28.2993174,-25.7267423],[28.2995313,-25.726633],[28.2997325,-25.7265248],[28.2998954,-25.7264288],[28.3000235,-25.7263448],[28.3002792,-25.7261701],[28.3005311,-25.7259685],[28.3007699,-25.7257701],[28.300973,-25.7255909],[28.3014927,-25.7251161],[28.3031101,-25.7236415],[28.3039536,-25.7228767],[28.3044532,-25.7224242],[28.3051506,-25.7217512],[28.3054838,-25.7214341],[28.3058432,-25.7210988],[28.3067013,-25.7203339],[28.3072216,-25.7198459],[28.3077447,-25.7193714],[28.3080655,-25.7190956],[28.308274,-25.7189264],[28.3084631,-25.7187881],[28.3086247,-25.7186757],[28.3088064,-25.7185609],[28.3089774,-25.71846],[28.3091263,-25.718376],[28.3092818,-25.7182927],[28.309538,-25.7181694],[28.3098411,-25.7180371],[28.3100657,-25.7179501],[28.310238,-25.7178921],[28.3105015,-25.7178046],[28.3107121,-25.7177478],[28.3109757,-25.7176849],[28.3112687,-25.7176281],[28.3114719,-25.7175919],[28.3117206,-25.7175605],[28.3119748,-25.7175369],[28.3128813,-25.7174812],[28.3129625,-25.7174771],[28.313226,-25.7174614],[28.313521,-25.7174462],[28.3142976,-25.717398],[28.3153135,-25.7173375],[28.3157591,-25.7173148],[28.3180922,-25.7171659],[28.3185267,-25.7171479],[28.3190692,-25.7171074],[28.3197056,-25.7170506],[28.3199577,-25.7170306],[28.3222889,-25.716888],[28.3226795,-25.7168663],[28.3232478,-25.7168501],[28.3236779,-25.716841],[28.3243716,-25.7168026],[28.3244538,-25.7167972],[28.324964,-25.7167636],[28.325762,-25.7167177],[28.3261442,-25.7166978],[28.3262649,-25.7166899],[28.3267169,-25.7166772],[28.3269717,-25.7166803],[28.3271977,-25.7166917],[28.3273338,-25.7167008],[28.3275557,-25.7167201],[28.3277214,-25.7167358],[28.3279742,-25.7167685],[28.3282826,-25.716818],[28.3285797,-25.7168766],[28.3288546,-25.7169412],[28.3290584,-25.716992],[28.3313175,-25.717613],[28.3342411,-25.7184165],[28.3355195,-25.7187692],[28.3358649,-25.7188633],[28.3362696,-25.7189726],[28.3365975,-25.7190623],[28.3380675,-25.7195091],[28.3391195,-25.7198508],[28.3408541,-25.7203898],[28.3419978,-25.7207576],[28.3433855,-25.7211927],[28.3450278,-25.7217215],[28.3464612,-25.7221782],[28.3478698,-25.7226227],[28.348788,-25.7229034],[28.3492004,-25.7230166],[28.3495889,-25.7231037],[28.3500366,-25.7231888],[28.3504313,-25.7232422],[28.350853,-25.723274],[28.3510618,-25.7232805],[28.3514534,-25.7232815],[28.351818,-25.7232693],[28.3521899,-25.7232412],[28.3526002,-25.7231916],[28.3540835,-25.7229605],[28.3546139,-25.7228799],[28.3550641,-25.7228114],[28.3560169,-25.722671],[28.3560969,-25.7226592],[28.3567375,-25.7225976],[28.3568893,-25.722573],[28.3569326,-25.7225664],[28.3574252,-25.7224886],[28.3579528,-25.7224009],[28.3583291,-25.722344],[28.3597766,-25.722125],[28.3617921,-25.7218204],[28.3625103,-25.7217091],[28.3632894,-25.7215862],[28.3637107,-25.7215316],[28.3640122,-25.7215044],[28.3643508,-25.7215003],[28.364686,-25.7215076],[28.3648993,-25.7215201],[28.3652403,-25.7215588],[28.3655615,-25.7216089],[28.36587,-25.7216758],[28.3664603,-25.7218189],[28.3679244,-25.7222015],[28.3690143,-25.7224777],[28.3690982,-25.7224992],[28.3697723,-25.7226641],[28.3704713,-25.7228454],[28.3716382,-25.7231343],[28.3732525,-25.7235459],[28.3743229,-25.7238113],[28.3754176,-25.7240923],[28.3769032,-25.7244663],[28.3795482,-25.725135],[28.3802617,-25.7253129],[28.3816452,-25.7256694],[28.3818302,-25.7257256],[28.3820394,-25.7257915],[28.3822252,-25.7258555],[28.3823895,-25.7259165],[28.3825343,-25.7259751],[28.3827348,-25.7260597],[28.382934,-25.7261467],[28.3833008,-25.7263158],[28.3838901,-25.7265831],[28.3849503,-25.7270733],[28.3851971,-25.7271851],[28.3860078,-25.7275584],[28.3864175,-25.7277414],[28.3868191,-25.7279039],[28.3869613,-25.7279541],[28.3872302,-25.7280471],[28.3874749,-25.7281196],[28.3876869,-25.7281706],[28.3880313,-25.7282492],[28.3882501,-25.7282881],[28.3884667,-25.7283232],[28.388758,-25.7283587],[28.389125,-25.7284008],[28.3893042,-25.7284212],[28.3897529,-25.728464],[28.3899795,-25.7284965],[28.3903233,-25.7285274],[28.3905591,-25.728554],[28.3907242,-25.7285726],[28.3909873,-25.7286059],[28.3912668,-25.7286372],[28.3915159,-25.7286656],[28.3937678,-25.728909],[28.3950567,-25.7290495],[28.3971021,-25.7292818],[28.3978678,-25.7293785],[28.3996553,-25.729585],[28.400687,-25.7296811],[28.4008246,-25.7296862],[28.4017932,-25.7297942],[28.402239,-25.7298439],[28.4026323,-25.7298889],[28.4029962,-25.7299451],[28.4030706,-25.7299575],[28.4032552,-25.7299973],[28.4036741,-25.7300693],[28.4038627,-25.7301088],[28.4041354,-25.7301551],[28.4049696,-25.7302604],[28.405836,-25.7303625],[28.4072647,-25.730507],[28.4080126,-25.7305921],[28.4082393,-25.7306168],[28.4084981,-25.730644],[28.408773,-25.7306664],[28.4089822,-25.7306815],[28.4096942,-25.7307139],[28.4100509,-25.730753],[28.4114257,-25.7308976],[28.4130488,-25.7310788],[28.4132811,-25.7310995],[28.4135971,-25.731111],[28.4139383,-25.7311308],[28.4140258,-25.73114],[28.4143797,-25.7311537],[28.4146727,-25.7311717],[28.4147629,-25.731181],[28.4151437,-25.7312238],[28.4160143,-25.7313187],[28.416369,-25.7313556],[28.4183425,-25.7315688],[28.4194837,-25.7316957],[28.4198445,-25.7317476],[28.420153,-25.731802],[28.4205566,-25.731889],[28.4208906,-25.7319735],[28.421246,-25.7320774],[28.4215705,-25.732185],[28.4217985,-25.7322683],[28.4220949,-25.7323867],[28.4224476,-25.732545],[28.4231262,-25.7328621],[28.4238377,-25.733204],[28.4238884,-25.7332283],[28.4241234,-25.7333412],[28.424217,-25.7333861],[28.4243426,-25.7334465],[28.4249611,-25.7337433],[28.4259083,-25.7341946],[28.4265628,-25.7345102],[28.4267685,-25.7346064]]}},{"type":"Feature","properties":{"routeId":"pta-mabopane","source":"OpenStreetMap","license":"ODbL","stations":14},"geometry":{"type":"LineString","coordinates":[[28.189866445989118,-25.75864361043285],[28.185038595618654,-25.756676856613193],[28.1839214,-25.7564595],[28.1834359,-25.756262],[28.1831161,-25.7561261],[28.1828788,-25.7560129],[28.1827842,-25.7559649],[28.1825908,-25.7558746],[28.1824657,-25.7558254],[28.1823549,-25.7557863],[28.1822276,-25.7557444],[28.1821228,-25.7557152],[28.1820132,-25.7556872],[28.1819233,-25.7556712],[28.1816849,-25.7556403],[28.181535,-25.755627],[28.1813712,-25.7556189],[28.1812734,-25.7556156],[28.1810407,-25.7556133],[28.1808959,-25.7556206],[28.180456,-25.7556442],[28.1799839,-25.7556744],[28.1795152,-25.7557076],[28.1788199,-25.7557577],[28.178443,-25.7557728],[28.1780018,-25.7557915],[28.1778348,-25.755803],[28.1777027,-25.7558151],[28.1775586,-25.7558308],[28.1774312,-25.7558489],[28.1772709,-25.7558767],[28.1771294,-25.7559051],[28.1769598,-25.7559431],[28.1764166,-25.7560929],[28.1762127,-25.7561515],[28.1757259,-25.7562874],[28.1753585,-25.7563906],[28.1748495,-25.7565259],[28.1745806,-25.7565887],[28.1743848,-25.7566238],[28.1740811,-25.7566696],[28.1737726,-25.7567011],[28.1735842,-25.7567119],[28.1733589,-25.7567161],[28.173157,-25.7567155],[28.1729934,-25.7567125],[28.1728064,-25.756698],[28.1725616,-25.7566775],[28.1721834,-25.756628],[28.1714297,-25.7565084],[28.1697647,-25.7562517],[28.1692779,-25.7562058],[28.168952,-25.7561853],[28.1687844,-25.7561744],[28.1685658,-25.7561636],[28.1683767,-25.7561599],[28.1681118,-25.7561533],[28.1679086,-25.7561521],[28.1675164,-25.7561581],[28.1670939,-25.7561756],[28.16664,-25.7562046],[28.1663623,-25.7562234],[28.1662658,-25.7562282],[28.1662174,-25.7562328],[28.1657696,-25.7562614],[28.1655744,-25.7562761],[28.1653357,-25.756294],[28.1636981,-25.7564031],[28.163487,-25.7563918],[28.1632452,-25.7563968],[28.162394,-25.7564559],[28.1621023,-25.7564752],[28.1618683,-25.7564764],[28.1618055,-25.7564715],[28.1616993,-25.7564631],[28.1615257,-25.7564353],[28.1613835,-25.7564015],[28.1612494,-25.7563586],[28.1611126,-25.7563],[28.1609983,-25.7562418],[28.1608732,-25.756166],[28.1607478,-25.7560742],[28.1606385,-25.7559769],[28.1605078,-25.7558362],[28.1604266,-25.7557329],[28.1603408,-25.7555965],[28.1602791,-25.7554769],[28.1602352,-25.7553673],[28.1602167,-25.7553174],[28.1601892,-25.7552262],[28.1601591,-25.7550885],[28.1601376,-25.7549708],[28.1601202,-25.7548263],[28.1601047,-25.7546493],[28.160035,-25.7536527],[28.1600105,-25.7532403],[28.1599945,-25.7530564],[28.1599746,-25.7527056],[28.1599704,-25.7524986],[28.1599668,-25.7521273],[28.1599649,-25.7519191],[28.1599587,-25.7517042],[28.1599453,-25.7515202],[28.1597971,-25.7497968],[28.1597818,-25.7496445],[28.1597443,-25.7494411],[28.1596582,-25.7489868],[28.1596393,-25.7488588],[28.1596226,-25.7487259],[28.1596118,-25.7485357],[28.1595937,-25.7482676],[28.1594577,-25.7467889],[28.1593966,-25.7460907],[28.1593792,-25.7454583],[28.1593846,-25.7453291],[28.1593879,-25.7451799],[28.159396,-25.7450513],[28.1594148,-25.7448066],[28.1594302,-25.7446864],[28.1594899,-25.7443077],[28.1595408,-25.7440293],[28.1596012,-25.7437208],[28.1596449,-25.7435065],[28.1596997,-25.7432453],[28.1597926,-25.7427988],[28.1598707,-25.7424758],[28.1599291,-25.7422759],[28.1599887,-25.7420995],[28.1600417,-25.7419691],[28.1601048,-25.7417975],[28.1601882,-25.7416275],[28.1603153,-25.7413928],[28.1604407,-25.7411796],[28.1605795,-25.7409658],[28.1606586,-25.7408486],[28.1607538,-25.7407073],[28.1610288,-25.7402959],[28.1613121,-25.7398752],[28.161869,-25.7390444],[28.1619682,-25.7388983],[28.1623524,-25.7384211],[28.1624919,-25.7382368],[28.1627226,-25.7379572],[28.1628889,-25.7377645],[28.1629982,-25.7376425],[28.1631088,-25.7375307],[28.1633422,-25.7373012],[28.1635433,-25.7371297],[28.1640181,-25.7367515],[28.1643996,-25.7364676],[28.164735,-25.7362121],[28.1659675,-25.7352721],[28.1663402,-25.7349932],[28.1666111,-25.7347848],[28.1667747,-25.734664],[28.1670342,-25.7344628],[28.1672381,-25.7342895],[28.1673554,-25.7341892],[28.1674607,-25.7340998],[28.1675412,-25.7340152],[28.1676364,-25.7339162],[28.1677283,-25.733805],[28.167849,-25.7336444],[28.167963,-25.7334859],[28.1681112,-25.7332372],[28.1681976,-25.7330717],[28.1682587,-25.7329423],[28.1683505,-25.7327123],[28.1684182,-25.7325039],[28.1684518,-25.7323758],[28.1684826,-25.7322327],[28.1684987,-25.7321439],[28.1685175,-25.7320284],[28.1685323,-25.7318902],[28.1685416,-25.7317621],[28.1685524,-25.7314909],[28.1685691,-25.7311019],[28.1685859,-25.7308615],[28.1686174,-25.730502],[28.1686389,-25.7303124],[28.1686677,-25.7301197],[28.1686932,-25.7299596],[28.1687736,-25.7295935],[28.1688581,-25.7291477],[28.1689118,-25.7289019],[28.1689406,-25.7287382],[28.1689554,-25.728656],[28.1689634,-25.7285878],[28.1689735,-25.7284675],[28.1689768,-25.7283763],[28.1689782,-25.7282289],[28.1689735,-25.728084],[28.1689681,-25.7279698],[28.1689487,-25.7278387],[28.1689306,-25.7277348],[28.1689084,-25.7276285],[28.1688917,-25.7275536],[28.1688588,-25.72744],[28.1688159,-25.7273029],[28.1687894,-25.7272267],[28.1687381,-25.7271047],[28.1686856,-25.7269895],[28.1685567,-25.7267445],[28.168493,-25.7266281],[28.168463,-25.7265601],[28.168315,-25.7262083],[28.1681186,-25.7257631],[28.1680287,-25.7255553],[28.1679495,-25.7253783],[28.1678614,-25.7251729],[28.167688,-25.7247778],[28.1676112,-25.7246078],[28.1675435,-25.7244616],[28.1674862,-25.724345],[28.1673055,-25.7239989],[28.167234,-25.7238567],[28.1671405,-25.7236376],[28.1670437,-25.7234178],[28.1670134,-25.7233475],[28.1668299,-25.7229253],[28.1667404,-25.7227004],[28.1669303,-25.7232527],[28.166762,-25.7228673],[28.1667166,-25.7227646],[28.1666125,-25.7225203],[28.1664529,-25.7221563],[28.1662316,-25.7216485],[28.1660224,-25.7211689],[28.1658668,-25.7208082],[28.165781,-25.7206119],[28.1656543,-25.7203213],[28.1655972,-25.7201739],[28.1655494,-25.720043],[28.1654956,-25.7198844],[28.1654725,-25.7197947],[28.1654544,-25.7197081],[28.1654272,-25.7195753],[28.1653817,-25.7194271],[28.1653525,-25.7193399],[28.1653282,-25.7192315],[28.1652942,-25.7190853],[28.1652794,-25.7189626],[28.1652734,-25.7188497],[28.1652714,-25.7187415],[28.1652747,-25.7186449],[28.1652847,-25.7184853],[28.1652856,-25.7178988],[28.1652906,-25.7178287],[28.1652908,-25.7175979],[28.1652841,-25.717433],[28.1652876,-25.7172374],[28.1653068,-25.7169568],[28.1653209,-25.716852],[28.1653356,-25.7167204],[28.1653586,-25.7165846],[28.1653854,-25.7164233],[28.1654417,-25.7161663],[28.1655678,-25.7156149],[28.1657184,-25.7150332],[28.1659038,-25.7144174],[28.1660512,-25.7139206],[28.1659038,-25.7144174],[28.1657184,-25.7150332],[28.1655678,-25.7156149],[28.1654417,-25.7161663],[28.1653854,-25.7164233],[28.1653586,-25.7165846],[28.1653356,-25.7167204],[28.1653209,-25.716852],[28.1653068,-25.7169568],[28.1652876,-25.7172374],[28.1652841,-25.717433],[28.1652908,-25.7175979],[28.1652906,-25.7178287],[28.1653277,-25.7172445],[28.1653485,-25.7169654],[28.1653686,-25.7167842],[28.1653964,-25.7166231],[28.1654282,-25.7164504],[28.1654691,-25.7162764],[28.1655379,-25.7160215],[28.1656784,-25.7155658],[28.1657522,-25.7152938],[28.1658983,-25.7148268],[28.1665586,-25.7126618],[28.1667177,-25.7121093],[28.1668733,-25.7115812],[28.1670389,-25.7110236],[28.1673333,-25.7100551],[28.1679315,-25.7080487],[28.1682171,-25.7070862],[28.1684545,-25.7062935],[28.1685524,-25.705989],[28.1686248,-25.7057364],[28.1687757,-25.7052549],[28.1689178,-25.704771],[28.1690613,-25.7042996],[28.1691297,-25.7040785],[28.1692055,-25.7038502],[28.1692886,-25.7036278],[28.169353,-25.7034731],[28.1694549,-25.7032895],[28.1695729,-25.7030864],[28.1697285,-25.7028689],[28.170045,-25.7024822],[28.1704822,-25.7019457],[28.1707156,-25.7016702],[28.1708649,-25.7015063],[28.1709757,-25.7013995],[28.1711666,-25.7012359],[28.1712657,-25.7011614],[28.1713892,-25.7010723],[28.1715046,-25.7009933],[28.1716374,-25.7009111],[28.1717801,-25.7008327],[28.1719162,-25.7007643],[28.1720889,-25.7006862],[28.172237,-25.7006287],[28.1723941,-25.7005706],[28.172563,-25.700519],[28.1727056,-25.7004767],[28.1729448,-25.7004181],[28.1733187,-25.7003427],[28.1735051,-25.7003004],[28.1737746,-25.7002352],[28.1739805,-25.7001754],[28.1742205,-25.7000998],[28.1743788,-25.700043],[28.1746544,-25.6999379],[28.1748133,-25.699869],[28.1750165,-25.6997832],[28.1752183,-25.6996853],[28.1754228,-25.6995808],[28.1755489,-25.699518],[28.1759378,-25.6992956],[28.1765601,-25.6989198],[28.1770725,-25.6985959],[28.1783806,-25.6978043],[28.1784821,-25.6977425],[28.1789828,-25.6974401],[28.1790576,-25.6973959],[28.179871,-25.6969678],[28.179944,-25.6969243],[28.1805061,-25.6966297],[28.1811721,-25.6962243],[28.181773,-25.6958575],[28.1825522,-25.695385],[28.1828784,-25.6951865],[28.1831573,-25.6950164],[28.1839717,-25.6945234],[28.1842963,-25.6943149],[28.1844532,-25.6942055],[28.1846845,-25.6940406],[28.1848166,-25.6939457],[28.1850553,-25.6937469],[28.1851492,-25.6936708],[28.1854369,-25.6934031],[28.1855891,-25.6932556],[28.1860176,-25.6928085],[28.1863589,-25.6924526],[28.1865017,-25.6922888],[28.1865755,-25.6921885],[28.1867793,-25.6919208],[28.1869087,-25.6917015],[28.1869905,-25.6915347],[28.1870267,-25.6914507],[28.1870905,-25.6912834],[28.1871495,-25.6911087],[28.1871998,-25.6908966],[28.1872467,-25.6906223],[28.1872601,-25.6903885],[28.1872581,-25.6901552],[28.1872413,-25.689954],[28.1872226,-25.6898083],[28.1871481,-25.689473],[28.1870549,-25.6892155],[28.1869805,-25.6890415],[28.1869087,-25.6888935],[28.186839,-25.6887666],[28.186717,-25.6885829],[28.1865989,-25.688427],[28.1864823,-25.6882862],[28.1863582,-25.6881514],[28.1862341,-25.6880257],[28.1860538,-25.6878607],[28.1858908,-25.6877194],[28.18551,-25.6873882],[28.1851666,-25.687071],[28.1850044,-25.6869036],[28.1848045,-25.6866842],[28.1845564,-25.6863809],[28.1843278,-25.6860763],[28.1842064,-25.6859101],[28.184022,-25.6856315],[28.1838128,-25.6852877],[28.1836539,-25.6850055],[28.1835332,-25.684765],[28.183448,-25.6845982],[28.1833488,-25.6843807],[28.1832267,-25.6840966],[28.1831382,-25.6838736],[28.183033,-25.6835799],[28.1829733,-25.6833878],[28.1829008,-25.683143],[28.1828465,-25.6829231],[28.1827882,-25.6826566],[28.1827413,-25.6823913],[28.1827138,-25.6821362],[28.1826916,-25.6818813],[28.1826688,-25.6815338],[28.18266,-25.6813397],[28.1826012,-25.6802911],[28.1825711,-25.6796813],[28.1825575,-25.6794892],[28.1825374,-25.6793171],[28.1824677,-25.6788748],[28.1824382,-25.6786173],[28.1824167,-25.6783139],[28.1823939,-25.6779538],[28.1823886,-25.6778927],[28.1823543,-25.6776256],[28.1823171,-25.6773204],[28.1823129,-25.677243],[28.1823,-25.677005],[28.1822732,-25.6765801],[28.1822585,-25.6762024],[28.1822238,-25.6756685],[28.1822148,-25.6755026],[28.1821914,-25.6750934],[28.1821803,-25.674894],[28.1821713,-25.674723],[28.1821337,-25.6740842],[28.1821157,-25.6736997],[28.1820264,-25.6720783],[28.1819077,-25.670006],[28.1818846,-25.6695626],[28.1818591,-25.6693429],[28.1818397,-25.6692221],[28.1818127,-25.6689754],[28.1817971,-25.6686963],[28.1817958,-25.668408],[28.181798,-25.6680051],[28.1817985,-25.6679293],[28.181812,-25.6673541],[28.1818078,-25.6669157],[28.1817718,-25.6666238],[28.1817049,-25.6660827],[28.1816183,-25.665516],[28.1815683,-25.665271],[28.1815198,-25.6650649],[28.1814166,-25.6647131],[28.1813295,-25.6644773],[28.1812546,-25.6642993],[28.1811889,-25.6641482],[28.1809817,-25.6637458],[28.1807897,-25.6634202],[28.1805974,-25.6631009],[28.1804279,-25.6628471],[28.1802818,-25.662639],[28.1801376,-25.6624431],[28.1800005,-25.6622657],[28.1798616,-25.6621009],[28.1798009,-25.6620304],[28.1796406,-25.6618588],[28.1795256,-25.6617338],[28.1793732,-25.6615843],[28.1792354,-25.6614509],[28.1790383,-25.6612676],[28.1788106,-25.6610816],[28.178564,-25.6608778],[28.178355,-25.6607302],[28.1781146,-25.6605596],[28.1777161,-25.6603187],[28.1774472,-25.6601688],[28.1773406,-25.6601108],[28.1771126,-25.6599953],[28.1767405,-25.6598218],[28.1765537,-25.659743],[28.176362,-25.659666],[28.1761215,-25.6595758],[28.1758091,-25.6594701],[28.1751754,-25.6592893],[28.173999,-25.6589769],[28.1739067,-25.6589521],[28.1734145,-25.6588215],[28.1728211,-25.6586577],[28.170111,-25.6579332],[28.1692743,-25.6576729],[28.1683701,-25.6573809],[28.1676093,-25.657168],[28.1662017,-25.6567952],[28.1654236,-25.6565845],[28.1646316,-25.6563772],[28.1642481,-25.6562817],[28.1636366,-25.6561495],[28.1632014,-25.656055],[28.1624282,-25.6558725],[28.1614901,-25.6556228],[28.1592076,-25.6550094],[28.1586503,-25.6548588],[28.1575915,-25.6545765],[28.1515383,-25.6529501],[28.151455,-25.652929],[28.1511879,-25.6528564],[28.1503253,-25.6526252],[28.1497206,-25.6524658],[28.1421942,-25.6504338],[28.1407107,-25.6500436],[28.1396746,-25.6497648],[28.1368996,-25.6490209],[28.1332763,-25.648047],[28.1313366,-25.6475221],[28.1286022,-25.6467868],[28.127929,-25.6466102],[28.1256987,-25.6460094],[28.1239318,-25.6455397],[28.1236535,-25.6454617],[28.1232955,-25.6453692],[28.1232136,-25.645345],[28.1230252,-25.6452852],[28.1227262,-25.64518],[28.1224506,-25.6450881],[28.1220053,-25.6449588],[28.1213857,-25.6447913],[28.1210357,-25.6446922],[28.1207118,-25.6445961],[28.1204704,-25.6445181],[28.1202237,-25.644428],[28.1198119,-25.6442594],[28.1195404,-25.6441409],[28.1192017,-25.6439734],[28.1187759,-25.6437431],[28.1184393,-25.6435436],[28.1181141,-25.6433381],[28.1178271,-25.6431471],[28.117465,-25.6428829],[28.1171814,-25.6426623],[28.1164028,-25.6420457],[28.1158074,-25.6415705],[28.1149799,-25.6409128],[28.1142886,-25.6403633],[28.1133183,-25.6395895],[28.1127195,-25.6391125],[28.1120798,-25.6385896],[28.1118632,-25.6383998],[28.1115333,-25.6380897],[28.1113885,-25.6379391],[28.1111008,-25.6376266],[28.1109244,-25.6374392],[28.1105355,-25.6369598],[28.1102619,-25.6365862],[28.1099367,-25.6360971],[28.1097054,-25.6357114],[28.1094847,-25.63531],[28.1093198,-25.6349684],[28.1092146,-25.6347242],[28.1090603,-25.6343518],[28.1089168,-25.633957],[28.1087954,-25.6335955],[28.1087264,-25.6333458],[28.1086486,-25.6330429],[28.1086043,-25.6328398],[28.1085467,-25.6325617],[28.1084823,-25.6322014],[28.108436,-25.6318501],[28.1083058,-25.6309794],[28.1077773,-25.627313],[28.1077373,-25.6270758],[28.1076284,-25.626553],[28.1075945,-25.6262958],[28.1074738,-25.6252027],[28.1074349,-25.6249155],[28.1072686,-25.6237626],[28.1071398,-25.6228937],[28.1070681,-25.6223877],[28.1070143,-25.6220262],[28.1069313,-25.6214475],[28.1068655,-25.6210276],[28.1068049,-25.6207096],[28.1067529,-25.6204003],[28.1067235,-25.6201978],[28.1067114,-25.6200557],[28.1066812,-25.6197358],[28.1066195,-25.6192727],[28.1065223,-25.6186136],[28.1064317,-25.6179751],[28.1063493,-25.6174086],[28.1062634,-25.6168215],[28.106187,-25.6162894],[28.106075,-25.6155136],[28.1059751,-25.614831],[28.1058973,-25.6142971],[28.1058148,-25.6137082],[28.105733,-25.613144],[28.1056345,-25.6124535],[28.1055513,-25.6118785],[28.105442,-25.6111208],[28.1053347,-25.6103825],[28.1052462,-25.6097748],[28.1051631,-25.6091834],[28.1051067,-25.6088436],[28.1050678,-25.6086314],[28.1049787,-25.6082147],[28.1048908,-25.6078809],[28.1047822,-25.6075127],[28.1046876,-25.6072339],[28.1045542,-25.6068838],[28.1044415,-25.6066105],[28.1043342,-25.606368],[28.1042524,-25.6061939],[28.1040245,-25.6057488],[28.1038092,-25.6053751],[28.1035772,-25.605008],[28.1033472,-25.6046688],[28.103193,-25.6044572],[28.1029368,-25.6041143],[28.102627,-25.6037007],[28.1021516,-25.6030724],[28.1017124,-25.6024925],[28.1012604,-25.6018962],[28.0993829,-25.5994072],[28.0988874,-25.5987589],[28.0984495,-25.5981796],[28.0980565,-25.5976589],[28.0978923,-25.5974424],[28.0976837,-25.597163],[28.0974939,-25.5969157],[28.0972049,-25.5965317],[28.0968797,-25.5960987],[28.0965625,-25.595679],[28.0962045,-25.5952024],[28.0959067,-25.5948027],[28.0957465,-25.5945747],[28.0955996,-25.5943576],[28.0954568,-25.5941254],[28.0952932,-25.593852],[28.0951457,-25.5935829],[28.0950766,-25.5934516],[28.0949512,-25.5931958],[28.0947326,-25.5927145],[28.0946528,-25.5925185],[28.094512,-25.5921526],[28.0944288,-25.591924],[28.0940909,-25.59098],[28.0936684,-25.5898073],[28.0933218,-25.5888524],[28.0929744,-25.5879216],[28.0927853,-25.5873743],[28.0914832,-25.583785],[28.0912228,-25.5830505],[28.090454,-25.5809589],[28.0903588,-25.5806606],[28.0898986,-25.5793923],[28.089397,-25.5780033],[28.0891469,-25.5773162],[28.0888204,-25.5764065],[28.0884978,-25.5755223],[28.0878782,-25.5738075],[28.0874551,-25.5726432],[28.0873183,-25.5723038],[28.0871872,-25.571995],[28.0870465,-25.5717124],[28.0869234,-25.5714654],[28.0864909,-25.5707263],[28.0861884,-25.5702787],[28.0858592,-25.5698411],[28.0851008,-25.5689879],[28.0842988,-25.5682269],[28.0834445,-25.567498],[28.0818124,-25.5660783],[28.0796277,-25.5642123],[28.077201,-25.5621361],[28.0755924,-25.5607769],[28.0748098,-25.5600268],[28.0743653,-25.559512],[28.0741614,-25.5592646],[28.0739414,-25.5589772],[28.0736786,-25.5586088],[28.0735331,-25.5583899],[28.0734064,-25.5581878],[28.0731858,-25.5578061],[28.0730798,-25.5576131],[28.0729836,-25.5574223],[28.0728565,-25.5571588],[28.0727271,-25.5568739],[28.072587,-25.5565285],[28.0724898,-25.5562719],[28.0723717,-25.5559193],[28.0722906,-25.5556434],[28.0722409,-25.5554659],[28.0721819,-25.5552308],[28.0721162,-25.5549423],[28.072074,-25.5546937],[28.0720136,-25.5543319],[28.0719727,-25.5539828],[28.0719379,-25.5536005],[28.0719244,-25.5532925],[28.0719171,-25.5530482],[28.0719177,-25.552782],[28.0719345,-25.5523948],[28.0719466,-25.5522103],[28.0719654,-25.5519786],[28.0719895,-25.5517457],[28.072027,-25.55148],[28.0720532,-25.5513155],[28.0721075,-25.5510233],[28.0721947,-25.5506071],[28.0722805,-25.5502641],[28.0723771,-25.5499435],[28.0724777,-25.5496325],[28.0726473,-25.5491854],[28.0727398,-25.54897],[28.0728183,-25.5487819],[28.0729437,-25.5485229],[28.0731153,-25.5481853],[28.0732421,-25.5479524],[28.0735867,-25.5473487],[28.0739966,-25.5466274],[28.0744358,-25.5458544],[28.0749855,-25.5448827],[28.0755421,-25.543905],[28.0766545,-25.5419435],[28.0766947,-25.5418728],[28.0775906,-25.5403009],[28.0797384,-25.5365188],[28.0818982,-25.5327076],[28.0821497,-25.5322241],[28.0823341,-25.5318115],[28.0825151,-25.5313673],[28.0826848,-25.5308954],[28.082837,-25.5303557],[28.0829624,-25.5298178],[28.083012,-25.5295527],[28.0830536,-25.5292895],[28.0830905,-25.5289924],[28.0831166,-25.5287383],[28.0831327,-25.5285434],[28.0831502,-25.5281283],[28.0831549,-25.5277744],[28.0831448,-25.5273968],[28.0831046,-25.5268546],[28.0830839,-25.5266034],[28.0830159,-25.5258665],[28.082939,-25.5250065],[28.0828384,-25.5239021],[28.0828343,-25.5236694],[28.0828343,-25.5235066],[28.082827,-25.523316],[28.0828013,-25.5230366],[28.082776,-25.5227284],[28.0827498,-25.5224053],[28.0827411,-25.5221844],[28.0827364,-25.5218582],[28.0827411,-25.5215387],[28.0827465,-25.521304],[28.0827653,-25.5209881],[28.082784,-25.5207866],[28.0828109,-25.5205651],[28.0828404,-25.5203473],[28.0828846,-25.5200731],[28.0829625,-25.5196851],[28.0830134,-25.5194632],[28.0830583,-25.519284],[28.0831441,-25.5189803],[28.0832273,-25.518708],[28.0833507,-25.5183618],[28.0834586,-25.5180713],[28.0835364,-25.5178686],[28.083704,-25.5173167],[28.0839662,-25.516639],[28.0841811,-25.5160704],[28.0850934,-25.5137039],[28.0854877,-25.5126758],[28.0859014,-25.5115974],[28.0859906,-25.5113674],[28.0861851,-25.5108349],[28.0862609,-25.5106061],[28.086389,-25.5101674],[28.0864439,-25.5099586],[28.0865975,-25.5093249],[28.0868637,-25.5082114],[28.0877059,-25.5047091],[28.0884455,-25.5016189],[28.0885679,-25.5011101],[28.0888609,-25.4998888],[28.0888747,-25.4998323],[28.0888804,-25.4998141],[28.0889276,-25.4995157],[28.0889645,-25.4992779],[28.0890061,-25.4989819],[28.0890611,-25.4986097],[28.0891033,-25.4983761],[28.0891731,-25.498068],[28.089252,-25.4977483],[28.0893749,-25.4972406],[28.0894165,-25.4970512],[28.0895381,-25.4965541],[28.0896384,-25.4961439]]}},{"type":"Feature","properties":{"routeId":"mab-belle","source":"OpenStreetMap","license":"ODbL","stations":12},"geometry":{"type":"LineString","coordinates":[[28.0896384,-25.4961439],[28.0895381,-25.4965541],[28.0894165,-25.4970512],[28.0893749,-25.4972406],[28.089252,-25.4977483],[28.0891731,-25.498068],[28.0891033,-25.4983761],[28.0890611,-25.4986097],[28.0890061,-25.4989819],[28.0889645,-25.4992779],[28.0889276,-25.4995157],[28.0888804,-25.4998141],[28.0888747,-25.4998323],[28.0888609,-25.4998888],[28.0885679,-25.5011101],[28.0884455,-25.5016189],[28.0877059,-25.5047091],[28.0868637,-25.5082114],[28.0865975,-25.5093249],[28.0864439,-25.5099586],[28.086389,-25.5101674],[28.0862609,-25.5106061],[28.0861851,-25.5108349],[28.0859906,-25.5113674],[28.0859014,-25.5115974],[28.0854877,-25.5126758],[28.0850934,-25.5137039],[28.0841811,-25.5160704],[28.0839662,-25.516639],[28.083704,-25.5173167],[28.0835364,-25.5178686],[28.0834586,-25.5180713],[28.0833507,-25.5183618],[28.0832273,-25.518708],[28.0831441,-25.5189803],[28.0830583,-25.519284],[28.0830134,-25.5194632],[28.0829625,-25.5196851],[28.0828846,-25.5200731],[28.0828404,-25.5203473],[28.0828109,-25.5205651],[28.082784,-25.5207866],[28.0827653,-25.5209881],[28.0827465,-25.521304],[28.0827411,-25.5215387],[28.0827364,-25.5218582],[28.0827411,-25.5221844],[28.0827498,-25.5224053],[28.082776,-25.5227284],[28.0828013,-25.5230366],[28.082827,-25.523316],[28.0828343,-25.5235066],[28.0828343,-25.5236694],[28.0828384,-25.5239021],[28.082939,-25.5250065],[28.0830159,-25.5258665],[28.0830839,-25.5266034],[28.0831046,-25.5268546],[28.0831448,-25.5273968],[28.0831549,-25.5277744],[28.0831502,-25.5281283],[28.0831327,-25.5285434],[28.0831166,-25.5287383],[28.0830905,-25.5289924],[28.0830536,-25.5292895],[28.083012,-25.5295527],[28.0829624,-25.5298178],[28.082837,-25.5303557],[28.0826848,-25.5308954],[28.0825151,-25.5313673],[28.0823341,-25.5318115],[28.0821497,-25.5322241],[28.0818982,-25.5327076],[28.0797384,-25.5365188],[28.0775906,-25.5403009],[28.0766947,-25.5418728],[28.0766545,-25.5419435],[28.0755421,-25.543905],[28.0749855,-25.5448827],[28.0744358,-25.5458544],[28.0739966,-25.5466274],[28.0735867,-25.5473487],[28.0732421,-25.5479524],[28.0731153,-25.5481853],[28.0729437,-25.5485229],[28.0728183,-25.5487819],[28.0727398,-25.54897],[28.0726473,-25.5491854],[28.0724777,-25.5496325],[28.0723771,-25.5499435],[28.0722805,-25.5502641],[28.0721947,-25.5506071],[28.0721075,-25.5510233],[28.0720532,-25.5513155],[28.072027,-25.55148],[28.0719895,-25.5517457],[28.0719654,-25.5519786],[28.0719466,-25.5522103],[28.0719345,-25.5523948],[28.0719177,-25.552782],[28.0719171,-25.5530482],[28.0719244,-25.5532925],[28.0719379,-25.5536005],[28.0719727,-25.5539828],[28.0720136,-25.5543319],[28.072074,-25.5546937],[28.0721162,-25.5549423],[28.0721819,-25.5552308],[28.0722409,-25.5554659],[28.0722906,-25.5556434],[28.0723717,-25.5559193],[28.0724898,-25.5562719],[28.072587,-25.5565285],[28.0727271,-25.5568739],[28.0728565,-25.5571588],[28.0729836,-25.5574223],[28.0730798,-25.5576131],[28.0731858,-25.5578061],[28.0734064,-25.5581878],[28.0735331,-25.5583899],[28.0736786,-25.5586088],[28.0739414,-25.5589772],[28.0741614,-25.5592646],[28.0743653,-25.559512],[28.0748098,-25.5600268],[28.0755924,-25.5607769],[28.077201,-25.5621361],[28.0796277,-25.5642123],[28.0818124,-25.5660783],[28.0834445,-25.567498],[28.0842988,-25.5682269],[28.0851008,-25.5689879],[28.0858592,-25.5698411],[28.0861884,-25.5702787],[28.0864909,-25.5707263],[28.0869234,-25.5714654],[28.0870465,-25.5717124],[28.0871872,-25.571995],[28.0873183,-25.5723038],[28.0874551,-25.5726432],[28.0878782,-25.5738075],[28.0884978,-25.5755223],[28.0888204,-25.5764065],[28.0891469,-25.5773162],[28.089397,-25.5780033],[28.0898986,-25.5793923],[28.0903588,-25.5806606],[28.090454,-25.5809589],[28.0912228,-25.5830505],[28.0914832,-25.583785],[28.0927853,-25.5873743],[28.0929744,-25.5879216],[28.0933218,-25.5888524],[28.0936684,-25.5898073],[28.0940909,-25.59098],[28.0944288,-25.591924],[28.094512,-25.5921526],[28.0946528,-25.5925185],[28.0947326,-25.5927145],[28.0949512,-25.5931958],[28.0950766,-25.5934516],[28.0951457,-25.5935829],[28.0952932,-25.593852],[28.0954568,-25.5941254],[28.0955996,-25.5943576],[28.0957465,-25.5945747],[28.0959067,-25.5948027],[28.0962045,-25.5952024],[28.0965625,-25.595679],[28.0968797,-25.5960987],[28.0972049,-25.5965317],[28.0974939,-25.5969157],[28.0976837,-25.597163],[28.0978923,-25.5974424],[28.0980565,-25.5976589],[28.0984495,-25.5981796],[28.0988874,-25.5987589],[28.0993829,-25.5994072],[28.1012604,-25.6018962],[28.1017124,-25.6024925],[28.1021516,-25.6030724],[28.102627,-25.6037007],[28.1029368,-25.6041143],[28.103193,-25.6044572],[28.1033472,-25.6046688],[28.1035772,-25.605008],[28.1038092,-25.6053751],[28.1040245,-25.6057488],[28.1042524,-25.6061939],[28.1043342,-25.606368],[28.1044415,-25.6066105],[28.1045542,-25.6068838],[28.1046876,-25.6072339],[28.1047822,-25.6075127],[28.1048908,-25.6078809],[28.1049787,-25.6082147],[28.1050678,-25.6086314],[28.1051067,-25.6088436],[28.1051631,-25.6091834],[28.1052462,-25.6097748],[28.1053347,-25.6103825],[28.105442,-25.6111208],[28.1055513,-25.6118785],[28.1056345,-25.6124535],[28.105733,-25.613144],[28.1058148,-25.6137082],[28.1058973,-25.6142971],[28.1059751,-25.614831],[28.106075,-25.6155136],[28.106187,-25.6162894],[28.1062634,-25.6168215],[28.1063493,-25.6174086],[28.1064317,-25.6179751],[28.1065223,-25.6186136],[28.1066195,-25.6192727],[28.1066812,-25.6197358],[28.1067114,-25.6200557],[28.1067235,-25.6201978],[28.1067529,-25.6204003],[28.1068049,-25.6207096],[28.1068655,-25.6210276],[28.1069313,-25.6214475],[28.1070143,-25.6220262],[28.1070681,-25.6223877],[28.1071398,-25.6228937],[28.1072686,-25.6237626],[28.1074349,-25.6249155],[28.1074738,-25.6252027],[28.1075945,-25.6262958],[28.1076284,-25.626553],[28.1077373,-25.6270758],[28.1077773,-25.627313],[28.1083058,-25.6309794],[28.108436,-25.6318501],[28.1084823,-25.6322014],[28.1085467,-25.6325617],[28.1086043,-25.6328398],[28.1086486,-25.6330429],[28.1087264,-25.6333458],[28.1087954,-25.6335955],[28.1089168,-25.633957],[28.1090603,-25.6343518],[28.1092146,-25.6347242],[28.1093198,-25.6349684],[28.1094847,-25.63531],[28.1097054,-25.6357114],[28.1099367,-25.6360971],[28.1102619,-25.6365862],[28.1105355,-25.6369598],[28.1109244,-25.6374392],[28.1111008,-25.6376266],[28.1113885,-25.6379391],[28.1115333,-25.6380897],[28.1118632,-25.6383998],[28.1120798,-25.6385896],[28.1127195,-25.6391125],[28.1133183,-25.6395895],[28.1142886,-25.6403633],[28.1149799,-25.6409128],[28.1158074,-25.6415705],[28.1164028,-25.6420457],[28.1171814,-25.6426623],[28.117465,-25.6428829],[28.1178271,-25.6431471],[28.1181141,-25.6433381],[28.1184393,-25.6435436],[28.1187759,-25.6437431],[28.1192017,-25.6439734],[28.1195404,-25.6441409],[28.1198119,-25.6442594],[28.1202237,-25.644428],[28.1204704,-25.6445181],[28.1207118,-25.6445961],[28.1210357,-25.6446922],[28.1213857,-25.6447913],[28.1220053,-25.6449588],[28.1224506,-25.6450881],[28.1227262,-25.64518],[28.1230252,-25.6452852],[28.1232136,-25.645345],[28.1232955,-25.6453692],[28.1236535,-25.6454617],[28.1239318,-25.6455397],[28.1256987,-25.6460094],[28.127929,-25.6466102],[28.1286022,-25.6467868],[28.1313366,-25.6475221],[28.1332763,-25.648047],[28.1368996,-25.6490209],[28.1396746,-25.6497648],[28.1407107,-25.6500436],[28.1421942,-25.6504338],[28.1497206,-25.6524658],[28.1503253,-25.6526252],[28.1511879,-25.6528564],[28.151455,-25.652929],[28.1515383,-25.6529501],[28.1575915,-25.6545765],[28.1586503,-25.6548588],[28.1592076,-25.6550094],[28.1614901,-25.6556228],[28.1624282,-25.6558725],[28.1632014,-25.656055],[28.1636366,-25.6561495],[28.1642481,-25.6562817],[28.1646316,-25.6563772],[28.1654236,-25.6565845],[28.1662017,-25.6567952],[28.1676093,-25.657168],[28.1683701,-25.6573809],[28.1692743,-25.6576729],[28.170111,-25.6579332],[28.1728211,-25.6586577],[28.1734145,-25.6588215],[28.1739067,-25.6589521],[28.173999,-25.6589769],[28.1751754,-25.6592893],[28.1758091,-25.6594701],[28.1761215,-25.6595758],[28.176362,-25.659666],[28.1765537,-25.659743],[28.1767405,-25.6598218],[28.1771126,-25.6599953],[28.1773406,-25.6601108],[28.1774472,-25.6601688],[28.1777161,-25.6603187],[28.1781146,-25.6605596],[28.178355,-25.6607302],[28.178564,-25.6608778],[28.1788106,-25.6610816],[28.1790383,-25.6612676],[28.1792354,-25.6614509],[28.1793732,-25.6615843],[28.1795256,-25.6617338],[28.1796406,-25.6618588],[28.1798009,-25.6620304],[28.1798616,-25.6621009],[28.1800005,-25.6622657],[28.1801376,-25.6624431],[28.1802818,-25.662639],[28.1804279,-25.6628471],[28.1805974,-25.6631009],[28.1807897,-25.6634202],[28.1809817,-25.6637458],[28.1811889,-25.6641482],[28.1812546,-25.6642993],[28.1813295,-25.6644773],[28.1814166,-25.6647131],[28.1815198,-25.6650649],[28.1815683,-25.665271],[28.1816183,-25.665516],[28.1817049,-25.6660827],[28.1817718,-25.6666238],[28.1818078,-25.6669157],[28.181812,-25.6673541],[28.1817985,-25.6679293],[28.181798,-25.6680051],[28.1817958,-25.668408],[28.1817971,-25.6686963],[28.1818127,-25.6689754],[28.1818397,-25.6692221],[28.1818591,-25.6693429],[28.1818846,-25.6695626],[28.1819077,-25.670006],[28.1820264,-25.6720783],[28.1821157,-25.6736997],[28.1821337,-25.6740842],[28.1821713,-25.674723],[28.1821803,-25.674894],[28.1821914,-25.6750934],[28.1822148,-25.6755026],[28.1822238,-25.6756685],[28.1822585,-25.6762024],[28.1822732,-25.6765801],[28.1823,-25.677005],[28.1823129,-25.677243],[28.1823171,-25.6773204],[28.1823543,-25.6776256],[28.1823886,-25.6778927],[28.1823939,-25.6779538],[28.1824167,-25.6783139],[28.1824382,-25.6786173],[28.1824677,-25.6788748],[28.1825374,-25.6793171],[28.1825575,-25.6794892],[28.1825711,-25.6796813],[28.1826012,-25.6802911],[28.18266,-25.6813397],[28.1826688,-25.6815338],[28.1826916,-25.6818813],[28.1827138,-25.6821362],[28.1827413,-25.6823913],[28.1827882,-25.6826566],[28.1828465,-25.6829231],[28.1829008,-25.683143],[28.1829733,-25.6833878],[28.183033,-25.6835799],[28.1831382,-25.6838736],[28.1832267,-25.6840966],[28.1833488,-25.6843807],[28.183448,-25.6845982],[28.1835332,-25.684765],[28.1836539,-25.6850055],[28.1838128,-25.6852877],[28.184022,-25.6856315],[28.1842064,-25.6859101],[28.1843278,-25.6860763],[28.1845564,-25.6863809],[28.1848045,-25.6866842],[28.1850044,-25.6869036],[28.1851666,-25.687071],[28.18551,-25.6873882],[28.1858908,-25.6877194],[28.1860538,-25.6878607],[28.1862341,-25.6880257],[28.1863582,-25.6881514],[28.1864823,-25.6882862],[28.1865989,-25.688427],[28.186717,-25.6885829],[28.186839,-25.6887666],[28.1869087,-25.6888935],[28.1869805,-25.6890415],[28.1870549,-25.6892155],[28.1871481,-25.689473],[28.1872226,-25.6898083],[28.1872413,-25.689954],[28.1872581,-25.6901552],[28.1872601,-25.6903885],[28.1872467,-25.6906223],[28.1871998,-25.6908966],[28.1871495,-25.6911087],[28.1870905,-25.6912834],[28.1870267,-25.6914507],[28.1869905,-25.6915347],[28.1869087,-25.6917015],[28.1867793,-25.6919208],[28.1865755,-25.6921885],[28.1865017,-25.6922888],[28.1863589,-25.6924526],[28.1860176,-25.6928085],[28.1855891,-25.6932556],[28.1854369,-25.6934031],[28.1851492,-25.6936708],[28.1850553,-25.6937469],[28.1848166,-25.6939457],[28.1846845,-25.6940406],[28.1844532,-25.6942055],[28.1842963,-25.6943149],[28.1839717,-25.6945234],[28.1831573,-25.6950164],[28.1828784,-25.6951865],[28.1825522,-25.695385],[28.181773,-25.6958575],[28.1811721,-25.6962243],[28.1805061,-25.6966297],[28.179944,-25.6969243],[28.179871,-25.6969678],[28.1790576,-25.6973959],[28.1789828,-25.6974401],[28.1784821,-25.6977425],[28.1783806,-25.6978043],[28.1770725,-25.6985959],[28.1765601,-25.6989198],[28.1759378,-25.6992956],[28.1755489,-25.699518],[28.1754228,-25.6995808],[28.1752183,-25.6996853],[28.1750165,-25.6997832],[28.1748133,-25.699869],[28.1746544,-25.6999379],[28.1743788,-25.700043],[28.1742205,-25.7000998],[28.1739805,-25.7001754],[28.1737746,-25.7002352],[28.1735051,-25.7003004],[28.1733187,-25.7003427],[28.1729448,-25.7004181],[28.1727056,-25.7004767],[28.172563,-25.700519],[28.1723941,-25.7005706],[28.172237,-25.7006287],[28.1720889,-25.7006862],[28.1719162,-25.7007643],[28.1717801,-25.7008327],[28.1716374,-25.7009111],[28.1715046,-25.7009933],[28.1713892,-25.7010723],[28.1712657,-25.7011614],[28.1711666,-25.7012359],[28.1709757,-25.7013995],[28.1708649,-25.7015063],[28.1707156,-25.7016702],[28.1704822,-25.7019457],[28.170045,-25.7024822],[28.1697285,-25.7028689],[28.1695729,-25.7030864],[28.1694549,-25.7032895],[28.169353,-25.7034731],[28.1692886,-25.7036278],[28.1692055,-25.7038502],[28.1691297,-25.7040785],[28.1690613,-25.7042996],[28.1689178,-25.704771],[28.1687757,-25.7052549],[28.1686248,-25.7057364],[28.1685524,-25.705989],[28.1684545,-25.7062935],[28.1682171,-25.7070862],[28.1679315,-25.7080487],[28.1673333,-25.7100551],[28.1670389,-25.7110236],[28.1668733,-25.7115812],[28.1667177,-25.7121093],[28.1665586,-25.7126618],[28.1658983,-25.7148268],[28.1657522,-25.7152938],[28.1656784,-25.7155658],[28.1655379,-25.7160215],[28.1654691,-25.7162764],[28.1654282,-25.7164504],[28.1653964,-25.7166231],[28.1653686,-25.7167842],[28.1653485,-25.7169654],[28.1653277,-25.7172445],[28.1652906,-25.7178287],[28.1652908,-25.7175979],[28.1652841,-25.717433],[28.1652876,-25.7172374],[28.1653068,-25.7169568],[28.1653209,-25.716852],[28.1653356,-25.7167204],[28.1653586,-25.7165846],[28.1653854,-25.7164233],[28.1654417,-25.7161663],[28.1655678,-25.7156149],[28.1657184,-25.7150332],[28.1659038,-25.7144174],[28.1660512,-25.7139206],[28.1659038,-25.7144174],[28.1657184,-25.7150332],[28.1655678,-25.7156149],[28.1654417,-25.7161663],[28.1653854,-25.7164233],[28.1653586,-25.7165846],[28.1653356,-25.7167204],[28.1653209,-25.716852],[28.1653068,-25.7169568],[28.1652876,-25.7172374],[28.1652841,-25.717433],[28.1652908,-25.7175979],[28.1652906,-25.7178287],[28.1652856,-25.7178988],[28.1652847,-25.7184853],[28.1652747,-25.7186449],[28.1652714,-25.7187415],[28.1652734,-25.7188497],[28.1652794,-25.7189626],[28.1652942,-25.7190853],[28.1653282,-25.7192315],[28.1653525,-25.7193399],[28.1653817,-25.7194271],[28.1654272,-25.7195753],[28.1654544,-25.7197081],[28.1654725,-25.7197947],[28.1654956,-25.7198844],[28.1655494,-25.720043],[28.1655972,-25.7201739],[28.1656543,-25.7203213],[28.165781,-25.7206119],[28.1658668,-25.7208082],[28.1660224,-25.7211689],[28.1662316,-25.7216485],[28.1664529,-25.7221563],[28.1666125,-25.7225203],[28.1667166,-25.7227646],[28.166762,-25.7228673],[28.1669303,-25.7232527],[28.1667404,-25.7227004],[28.1668299,-25.7229253],[28.1670134,-25.7233475],[28.1670437,-25.7234178],[28.1671405,-25.7236376],[28.167234,-25.7238567],[28.1673055,-25.7239989],[28.1674862,-25.724345],[28.1673055,-25.7239989],[28.167234,-25.7238567],[28.1671405,-25.7236376],[28.1670437,-25.7234178],[28.167243,-25.7239684],[28.1671466,-25.7237539],[28.1670084,-25.7234342],[28.1672036,-25.7239843],[28.167632,-25.7249582],[28.1677004,-25.7251227],[28.1677578,-25.7252484],[28.1680388,-25.7258861],[28.1683144,-25.7265532],[28.168393,-25.7267349],[28.1685023,-25.726987],[28.1685725,-25.7271537],[28.1686254,-25.7272848],[28.1686694,-25.7274161],[28.1687086,-25.7275542],[28.1687301,-25.7276327],[28.1687512,-25.7277414],[28.1687713,-25.7278656],[28.1687817,-25.7280115],[28.1687857,-25.7281359],[28.1687817,-25.7282969],[28.168778,-25.7283775],[28.1687643,-25.728508],[28.1687408,-25.7287641],[28.1687247,-25.728888],[28.1687019,-25.7290245],[28.1686419,-25.7293076],[28.1684777,-25.7298785],[28.16846,-25.7299534],[28.16838,-25.7302218],[28.168256,-25.7306035],[28.1682184,-25.7306947],[28.1681601,-25.7308355],[28.1681125,-25.7309358],[28.1680582,-25.7310421],[28.1679804,-25.7311901],[28.1679308,-25.7312626],[28.167804,-25.7314553],[28.1675693,-25.7317814],[28.1674091,-25.7319983],[28.1671623,-25.732336],[28.1669424,-25.7326289],[28.1667993,-25.732816],[28.1665535,-25.7331128],[28.1664683,-25.7331974],[28.1663603,-25.7333031],[28.1661551,-25.7335012],[28.1659989,-25.7336347],[28.1658581,-25.7337537],[28.1656314,-25.7339222],[28.1653281,-25.7341376],[28.1651024,-25.7342992],[28.1648565,-25.7344765],[28.164572,-25.7346748],[28.1643042,-25.7348652],[28.1640932,-25.7350228],[28.1639114,-25.7351724],[28.1638183,-25.7352596],[28.1637302,-25.7353651],[28.1636466,-25.7354915],[28.1635775,-25.7356183],[28.1635272,-25.7357428],[28.1634848,-25.7358748],[28.1634562,-25.7359723],[28.1634455,-25.7360773],[28.1634374,-25.7361777],[28.1634358,-25.73623],[28.163445,-25.7364851],[28.1634642,-25.7365945],[28.1634991,-25.7367494],[28.1635248,-25.736824],[28.1635628,-25.7369201],[28.1636113,-25.737022],[28.1636721,-25.7371272],[28.1637485,-25.7372472],[28.1638404,-25.7373604],[28.1639303,-25.7374341],[28.1640235,-25.7375011],[28.1640771,-25.7375386],[28.1641804,-25.7376087],[28.1643044,-25.7376841],[28.1644738,-25.7377711],[28.1646095,-25.7378291],[28.1647114,-25.7378617],[28.1648724,-25.7379131],[28.1650266,-25.7379378],[28.1651473,-25.7379481],[28.1652566,-25.7379499],[28.1653807,-25.7379469],[28.1655107,-25.7379342],[28.165668,-25.737907],[28.1658715,-25.7378527],[28.1660277,-25.7377953],[28.1662188,-25.7377234],[28.1668391,-25.7374607],[28.1672743,-25.7372795],[28.1674364,-25.7372107],[28.1680843,-25.7369823],[28.1683432,-25.7368729],[28.1687609,-25.7367002],[28.1691334,-25.7365456],[28.1693054,-25.7364755],[28.1695792,-25.7364104],[28.1697384,-25.7363829],[28.1699185,-25.7363675],[28.1702477,-25.7363571],[28.170582,-25.7363767],[28.1717862,-25.7364852],[28.172229,-25.736525],[28.1727244,-25.7365658],[28.1736644,-25.7366441],[28.1739765,-25.7366742],[28.1742896,-25.7367099],[28.1745598,-25.7367376],[28.1749233,-25.7367986],[28.1755364,-25.7369158],[28.1763569,-25.7370674],[28.1766707,-25.7371278],[28.1768733,-25.7371641],[28.1770838,-25.7371961],[28.1772897,-25.7372209],[28.1789694,-25.73741]]}},{"type":"Feature","properties":{"routeId":"pta-dewildt","source":"OpenStreetMap","license":"ODbL","stations":5},"geometry":{"type":"LineString","coordinates":[[28.1286022,-25.6467868],[28.127929,-25.6466102],[28.1256987,-25.6460094],[28.1239318,-25.6455397],[28.1236535,-25.6454617],[28.1232955,-25.6453692],[28.1232136,-25.645345],[28.1227416,-25.6452181],[28.1219597,-25.6450101],[28.1217653,-25.6449557],[28.1209143,-25.6447284],[28.1199085,-25.644457],[28.1187625,-25.6441499],[28.1078392,-25.641212],[28.1067395,-25.6409158],[28.1045421,-25.6403264],[28.1037663,-25.640116],[28.1029858,-25.6399063],[28.1016769,-25.6395532],[28.1010452,-25.6393839],[28.1004491,-25.6392244],[28.0991348,-25.6388707],[28.0988775,-25.6388024],[28.0980485,-25.6385799],[28.0951296,-25.6377934],[28.094567,-25.6376441],[28.0939648,-25.6374797],[28.0910727,-25.6367018],[28.090706,-25.6366032],[28.0906827,-25.6365969],[28.0904344,-25.6365451],[28.0903063,-25.6365215],[28.0900495,-25.6364665],[28.0896431,-25.6363552],[28.0884334,-25.63603],[28.0872412,-25.6357096],[28.0859189,-25.6353529],[28.0848058,-25.6350543],[28.083635,-25.6347381],[28.0826271,-25.6344654],[28.0822449,-25.6343699],[28.0816085,-25.6341957],[28.0808844,-25.6339975],[28.0797015,-25.6336783],[28.0783497,-25.6333143],[28.077079,-25.6329728],[28.0756554,-25.6325913],[28.0741641,-25.6321862],[28.0729504,-25.6318634],[28.0716468,-25.6315115],[28.0701824,-25.6311174],[28.0687836,-25.6307365],[28.0680996,-25.6305551],[28.0663387,-25.6300836],[28.0648582,-25.6296833],[28.0625381,-25.629057],[28.0615202,-25.6287837],[28.0603494,-25.6284669],[28.0587924,-25.6280497],[28.0576846,-25.6277462],[28.0558272,-25.6272456],[28.0554845,-25.6271531],[28.0540274,-25.6267596],[28.050857,-25.6259022],[28.0493335,-25.6254899],[28.047743,-25.625057],[28.0470389,-25.6248684],[28.0460425,-25.6245927],[28.0454001,-25.6244331],[28.0449535,-25.6243351],[28.0443755,-25.6242275],[28.0439155,-25.6241525],[28.0433871,-25.6240824],[28.0430344,-25.6240437],[28.0426012,-25.6240014],[28.0417845,-25.6239276],[28.0398452,-25.623762],[28.0378161,-25.623586],[28.0359158,-25.623421],[28.0338652,-25.623242],[28.032451,-25.623121],[28.0318522,-25.6230667],[28.0304937,-25.6229482],[28.0280489,-25.6227341],[28.02583,-25.6225425],[28.0226965,-25.6222686],[28.0203335,-25.6220618],[28.0187376,-25.6219237],[28.017198,-25.6217885],[28.0151708,-25.6216108],[28.0112354,-25.6212691],[27.9979215,-25.6201065],[27.9968354,-25.6200088],[27.9965296,-25.619984],[27.9961715,-25.6199547],[27.995398,-25.6198841],[27.991595,-25.6195442],[27.972401220150644,-25.617806769500547],[27.944111334913465,-25.624641315648187]]}},{"type":"Feature","properties":{"routeId":"herc-koed","source":"OpenStreetMap","license":"ODbL","stations":9},"geometry":{"type":"LineString","coordinates":[[28.1674862,-25.724345],[28.1673055,-25.7239989],[28.167234,-25.7238567],[28.1671405,-25.7236376],[28.1670437,-25.7234178],[28.1670134,-25.7233475],[28.1668299,-25.7229253],[28.1667404,-25.7227004],[28.1669303,-25.7232527],[28.166762,-25.7228673],[28.1667166,-25.7227646],[28.1666125,-25.7225203],[28.1664529,-25.7221563],[28.1662316,-25.7216485],[28.1660224,-25.7211689],[28.1658668,-25.7208082],[28.165781,-25.7206119],[28.1656543,-25.7203213],[28.1655972,-25.7201739],[28.1655494,-25.720043],[28.1654956,-25.7198844],[28.1654725,-25.7197947],[28.1654544,-25.7197081],[28.1654272,-25.7195753],[28.1653817,-25.7194271],[28.1653525,-25.7193399],[28.1653282,-25.7192315],[28.1652942,-25.7190853],[28.1652794,-25.7189626],[28.1652734,-25.7188497],[28.1652714,-25.7187415],[28.1652747,-25.7186449],[28.1652847,-25.7184853],[28.1652856,-25.7178988],[28.1652906,-25.7178287],[28.1652908,-25.7175979],[28.1652841,-25.717433],[28.1652876,-25.7172374],[28.1653068,-25.7169568],[28.1653209,-25.716852],[28.1653356,-25.7167204],[28.1653586,-25.7165846],[28.1653854,-25.7164233],[28.1654417,-25.7161663],[28.1655678,-25.7156149],[28.1657184,-25.7150332],[28.1659038,-25.7144174],[28.1660512,-25.7139206],[28.1659038,-25.7144174],[28.1657184,-25.7150332],[28.1655678,-25.7156149],[28.1654417,-25.7161663],[28.1653854,-25.7164233],[28.1653586,-25.7165846],[28.1653356,-25.7167204],[28.1653209,-25.716852],[28.1653068,-25.7169568],[28.1652876,-25.7172374],[28.1652841,-25.717433],[28.1652908,-25.7175979],[28.1652906,-25.7178287],[28.1652856,-25.7178988],[28.1652847,-25.7184853],[28.1652747,-25.7186449],[28.1652714,-25.7187415],[28.1652734,-25.7188497],[28.1652794,-25.7189626],[28.1652942,-25.7190853],[28.1653282,-25.7192315],[28.1653525,-25.7193399],[28.1653817,-25.7194271],[28.1654272,-25.7195753],[28.1654676,-25.7196947],[28.165549,-25.7199172],[28.1655986,-25.7200356],[28.1656509,-25.7201434],[28.1657099,-25.7202464],[28.1657722,-25.7203394],[28.1658655,-25.720444],[28.165959,-25.720535],[28.1660512,-25.7206161],[28.1661478,-25.7206892],[28.1662631,-25.7207599],[28.1663932,-25.7208179],[28.166477,-25.7208511],[28.1665964,-25.7208898],[28.1667365,-25.7209254],[28.1668686,-25.7209472],[28.1670483,-25.7209611],[28.1671509,-25.7209599],[28.1672837,-25.7209472],[28.1674037,-25.7209297],[28.1675714,-25.720894],[28.1678335,-25.7208204],[28.1680293,-25.7207641],[28.1682261,-25.7207053],[28.1683554,-25.7206587],[28.1691163,-25.720392],[28.1697775,-25.7201612],[28.1705184,-25.7199056],[28.1707209,-25.7198278],[28.1708524,-25.7197897],[28.1709509,-25.7197655],[28.1710502,-25.7197468],[28.1711655,-25.7197317],[28.1713016,-25.7197244],[28.171472,-25.7197299],[28.1716067,-25.7197377],[28.1717496,-25.7197553],[28.1725616,-25.7198556],[28.1744881,-25.7201074],[28.1763972,-25.7203552],[28.176705,-25.7204004],[28.1770818,-25.7204494],[28.1774834,-25.7204983],[28.1778556,-25.7205466],[28.1784471,-25.7206203],[28.1787696,-25.720662],[28.1795152,-25.720758],[28.1806136,-25.7208994],[28.1811245,-25.7209659],[28.1818615,-25.7210607],[28.1841065,-25.7213525],[28.1847529,-25.7214377],[28.1854087,-25.721486],[28.1855013,-25.7214981],[28.1859197,-25.7215525],[28.1863824,-25.7216038],[28.1865259,-25.7216225],[28.187106,-25.7216988],[28.1882197,-25.7218485],[28.1889439,-25.7219421],[28.1895936,-25.7220261],[28.191927,-25.7223233],[28.1929933,-25.7224653],[28.1935552,-25.722539],[28.1940957,-25.7225964],[28.1944189,-25.722623],[28.1947743,-25.7226447],[28.1950201,-25.7226583],[28.1954562,-25.7226731],[28.1962237,-25.7226873],[28.1969696,-25.7227025],[28.1975739,-25.7227136],[28.1980211,-25.7227202],[28.198475,-25.7227214],[28.199204,-25.7227082],[28.1999702,-25.7226619],[28.2015978,-25.7224541],[28.2025424,-25.722328],[28.2027574,-25.7222976],[28.2029477,-25.7222708],[28.2030558,-25.7222529],[28.2032568,-25.7222254],[28.2044846,-25.7220569],[28.2049185,-25.7219989],[28.2044846,-25.7220569],[28.2032568,-25.7222254],[28.2030558,-25.7222529],[28.2029477,-25.7222708],[28.2027574,-25.7222976],[28.2025424,-25.722328],[28.2015978,-25.7224541],[28.1999702,-25.7226619],[28.199204,-25.7227082],[28.198475,-25.7227214],[28.1980211,-25.7227202],[28.1975739,-25.7227136],[28.1969696,-25.7227025],[28.1962237,-25.7226873],[28.1954562,-25.7226731],[28.1950201,-25.7226583],[28.1947743,-25.7226447],[28.1944189,-25.722623],[28.1940957,-25.7225964],[28.1935552,-25.722539],[28.1929933,-25.7224653],[28.191927,-25.7223233],[28.1895936,-25.7220261],[28.1889439,-25.7219421],[28.1882197,-25.7218485],[28.187106,-25.7216988],[28.1865259,-25.7216225],[28.1863824,-25.7216038],[28.1859197,-25.7215525],[28.1855013,-25.7214981],[28.1854087,-25.721486],[28.1847529,-25.7214377],[28.186538,-25.7216629],[28.1871082,-25.7217367],[28.1872977,-25.7217651],[28.1874733,-25.7217978],[28.1875877,-25.7218234],[28.1878408,-25.7218845],[28.1882304,-25.7219736],[28.1884477,-25.7220128],[28.1888949,-25.7220763],[28.189998,-25.7222212],[28.1907852,-25.7223191],[28.190922,-25.72233],[28.1917186,-25.7223611],[28.1918866,-25.7223711],[28.1920559,-25.7223865],[28.1922249,-25.7224064],[28.1926547,-25.7224584],[28.1930617,-25.7225115],[28.1935539,-25.722574],[28.194092,-25.7226314],[28.1944022,-25.7226583],[28.1947837,-25.7226825],[28.1950499,-25.7226955],[28.1954549,-25.7227082],[28.1962271,-25.7227242],[28.1969791,-25.7227378],[28.1975772,-25.7227499],[28.1980252,-25.7227577],[28.1984878,-25.7227592],[28.1988922,-25.7227516],[28.1991376,-25.7227414],[28.1994719,-25.7227251],[28.1997736,-25.7227039],[28.1999691,-25.7226879],[28.200186,-25.7226668],[28.2004713,-25.7226375],[28.2010004,-25.722571],[28.2012599,-25.7225366],[28.2020002,-25.7224366],[28.2025329,-25.7223659],[28.2029482,-25.7223043],[28.2029934,-25.722298],[28.2032637,-25.7222608],[28.2040563,-25.7221595],[28.2044869,-25.7220945],[28.2049157,-25.7220361],[28.2065891,-25.7218123],[28.2083758,-25.7215833],[28.2096914,-25.7214033],[28.2102889,-25.7213284],[28.211219,-25.7211979],[28.2127585,-25.7209931],[28.2137116,-25.7208616],[28.2142539,-25.7207919],[28.2157096,-25.7205914],[28.2142539,-25.7207919],[28.2137116,-25.7208616],[28.2127585,-25.7209931],[28.211219,-25.7211979],[28.2102889,-25.7213284],[28.2096914,-25.7214033],[28.2083758,-25.7215833],[28.2065891,-25.7218123],[28.2049157,-25.7220361],[28.2044869,-25.7220945],[28.2040563,-25.7221595],[28.2032637,-25.7222608],[28.2029934,-25.722298],[28.2029482,-25.7223043],[28.2025329,-25.7223659],[28.2020002,-25.7224366],[28.2012599,-25.7225366],[28.2010004,-25.722571],[28.2004713,-25.7226375],[28.200186,-25.7226668],[28.1999691,-25.7226879],[28.1997736,-25.7227039],[28.1994719,-25.7227251],[28.1991376,-25.7227414],[28.1988922,-25.7227516],[28.1984878,-25.7227592],[28.1980252,-25.7227577],[28.1975772,-25.7227499],[28.1969791,-25.7227378],[28.1962271,-25.7227242],[28.1954549,-25.7227082],[28.1950499,-25.7226955],[28.1947837,-25.7226825],[28.1944022,-25.7226583],[28.194092,-25.7226314],[28.1935539,-25.722574],[28.1930617,-25.7225115],[28.1926547,-25.7224584],[28.1922249,-25.7224064],[28.1920559,-25.7223865],[28.1918866,-25.7223711],[28.1917186,-25.7223611],[28.190922,-25.72233],[28.1907852,-25.7223191],[28.189998,-25.7222212],[28.1888949,-25.7220763],[28.1884477,-25.7220128],[28.1882304,-25.7219736],[28.1878408,-25.7218845],[28.1875877,-25.7218234],[28.1874733,-25.7217978],[28.1872977,-25.7217651],[28.1871082,-25.7217367],[28.186538,-25.7216629],[28.1847529,-25.7214377],[28.1854087,-25.721486],[28.1855013,-25.7214981],[28.1859197,-25.7215525],[28.1863824,-25.7216038],[28.1865259,-25.7216225],[28.187106,-25.7216988],[28.1882197,-25.7218485],[28.1889439,-25.7219421],[28.1895936,-25.7220261],[28.191927,-25.7223233],[28.1929933,-25.7224653],[28.1935552,-25.722539],[28.1940957,-25.7225964],[28.1944189,-25.722623],[28.1947743,-25.7226447],[28.1950201,-25.7226583],[28.1954562,-25.7226731],[28.1962237,-25.7226873],[28.1969696,-25.7227025],[28.1975739,-25.7227136],[28.1980211,-25.7227202],[28.198475,-25.7227214],[28.199204,-25.7227082],[28.1999702,-25.7226619],[28.2015978,-25.7224541],[28.2025424,-25.722328],[28.2027574,-25.7222976],[28.2029477,-25.7222708],[28.2030558,-25.7222529],[28.2032568,-25.7222254],[28.2044846,-25.7220569],[28.2049185,-25.7219989],[28.2063408,-25.7218064],[28.2066176,-25.7217712],[28.2077086,-25.7216316],[28.2083751,-25.7215422],[28.2096827,-25.721367],[28.2102762,-25.7212878],[28.2112055,-25.7211629],[28.2127511,-25.7209538],[28.2137013,-25.7208257],[28.2165304,-25.7204433],[28.2171205,-25.7203642],[28.2177642,-25.7202929],[28.2178916,-25.720282],[28.2182879,-25.7202494],[28.21865,-25.7202307],[28.2190248,-25.7202162],[28.2200313,-25.7202029],[28.2203237,-25.7201993],[28.2205745,-25.7201878],[28.2209386,-25.7201588],[28.2212491,-25.7201183],[28.2216212,-25.7200549],[28.2221731,-25.7199558],[28.222391,-25.7199172],[28.2225975,-25.7198882],[28.2229596,-25.7198531],[28.2232446,-25.719844],[28.2236188,-25.7198398],[28.2297925,-25.7197846],[28.2381202,-25.719719],[28.2389268,-25.7197124],[28.2398314,-25.7197039],[28.2405757,-25.7196961],[28.2410505,-25.7196924],[28.2416801,-25.7197136],[28.241896,-25.7197287],[28.2421696,-25.7197577],[28.2424881,-25.7197988],[28.2428013,-25.7198495],[28.2430447,-25.7199002],[28.243327,-25.7199613],[28.2437213,-25.7200537],[28.2441591,-25.7201624],[28.246034,-25.7206191],[28.2465591,-25.720746],[28.2480249,-25.7210904],[28.2489013,-25.7213133],[28.249724,-25.7215144],[28.2507165,-25.7217512],[28.252012,-25.722063],[28.27872645216183,-25.72608149772232]]}},{"type":"Feature","properties":{"routeId":"pta-saul","source":"OpenStreetMap","license":"ODbL","stations":7},"geometry":{"type":"LineString","coordinates":[[28.189866445989118,-25.75864361043285],[28.167454033423436,-25.75612607001734],[28.1670939,-25.7561756],[28.16664,-25.7562046],[28.1663623,-25.7562234],[28.1662658,-25.7562282],[28.1662174,-25.7562328],[28.1657696,-25.7562614],[28.1655744,-25.7562761],[28.1653357,-25.756294],[28.1636981,-25.7564031],[28.1635782,-25.7564111],[28.1632503,-25.7564357],[28.162561,-25.7564836],[28.139987824474776,-25.75017407001962],[28.088193742988445,-25.760158250653994],[28.0877696,-25.7601929],[28.0875282,-25.760176],[28.087319,-25.7601676],[28.0870548,-25.7601645],[28.0868228,-25.7601694],[28.0866518,-25.760173],[28.0863903,-25.7601947],[28.0861281,-25.7602171],[28.0853332,-25.7603178],[28.0851089,-25.7603465],[28.0845297,-25.7604221],[28.0835646,-25.7605468],[28.0825607,-25.7606736],[28.0819103,-25.7607582],[28.0815898,-25.7608017],[28.0813564,-25.7608319],[28.0809675,-25.7608826],[28.0806684,-25.7609333],[28.0803868,-25.7609859],[28.0801132,-25.7610487],[28.0798712,-25.7611109],[28.0795111,-25.7612214],[28.0791832,-25.7613313],[28.0780392,-25.7617631],[28.0772694,-25.7620584],[28.0764962,-25.7623525],[28.0760363,-25.7625282],[28.0757627,-25.7626317],[28.072947,-25.763707],[28.0711157,-25.7644039],[28.0704761,-25.7646473],[28.0699188,-25.7648581],[28.0694152,-25.7650531],[28.0689727,-25.765221],[28.0687883,-25.7652905],[28.0685931,-25.7653551],[28.0684275,-25.7654034],[28.0682673,-25.7654451],[28.0680849,-25.7654807],[28.0679326,-25.7655079],[28.0677529,-25.7655326],[28.0675907,-25.7655477],[28.0674284,-25.7655574],[28.0672534,-25.7655616],[28.0669697,-25.7655519],[28.0667773,-25.7655338],[28.0665855,-25.7655103],[28.0662918,-25.7654565],[28.0660538,-25.7653949],[28.0659056,-25.7653533],[28.0653973,-25.7651938],[28.0647848,-25.7649986],[28.0653758,-25.7652246],[28.0656796,-25.7653225],[28.0659116,-25.7653943],[28.0660759,-25.7654396],[28.0662831,-25.7654885],[28.0665889,-25.7655447],[28.0667934,-25.7655695],[28.0669791,-25.765587],[28.0671434,-25.7655942],[28.0673271,-25.7655966],[28.0675015,-25.7655882],[28.0676805,-25.7655755],[28.0678562,-25.7655562],[28.0680701,-25.7655217],[28.0682451,-25.7654831],[28.0683953,-25.7654475],[28.0686045,-25.7653889],[28.0689445,-25.7652699],[28.0694421,-25.7650809],[28.0699329,-25.7648956],[28.0704747,-25.7646866],[28.0709635,-25.7645],[28.0719633,-25.7641201],[28.0729759,-25.7637354],[28.0737228,-25.7634489],[28.074958,-25.7629764],[28.0737228,-25.7634489],[28.0729759,-25.7637354],[28.0719633,-25.7641201],[28.0709635,-25.7645],[28.0704747,-25.7646866],[28.0699329,-25.7648956],[28.0694421,-25.7650809],[28.0689445,-25.7652699],[28.0686045,-25.7653889],[28.0683953,-25.7654475],[28.0682451,-25.7654831],[28.0680701,-25.7655217],[28.0678562,-25.7655562],[28.0676805,-25.7655755],[28.0675015,-25.7655882],[28.0673271,-25.7655966],[28.0671434,-25.7655942],[28.0669791,-25.765587],[28.0667934,-25.7655695],[28.0665889,-25.7655447],[28.0662831,-25.7654885],[28.0660759,-25.7654396],[28.0659116,-25.7653943],[28.0656796,-25.7653225],[28.0653758,-25.7652246],[28.0647848,-25.7649986],[28.0646926,-25.7649674],[28.0646558,-25.7649548],[28.0644035,-25.7648635],[28.0640314,-25.7647119],[28.0636331,-25.7645139],[28.0632609,-25.7643405],[28.0632489,-25.7643348],[28.0629487,-25.7641943],[28.0627962,-25.7641228],[28.0626581,-25.7640576],[28.0625166,-25.7639818],[28.06242,-25.7639109]]}},{"type":"Feature","properties":{"routeId":"pta-kempton","source":"OpenStreetMap","license":"ODbL","stations":13},"geometry":{"type":"LineString","coordinates":[[28.189866445989118,-25.75864361043285],[28.193278224251035,-25.783934589307606],[28.1934024,-25.7844835],[28.1936424,-25.7850679],[28.1938533,-25.7855902],[28.1940826,-25.7861572],[28.1942171,-25.7864841],[28.1946704,-25.7876008],[28.1950667,-25.7885771],[28.1953154,-25.789199],[28.1953724,-25.7893421],[28.1954724,-25.7896047],[28.1955314,-25.7897798],[28.195581,-25.7899338],[28.1956125,-25.7900424],[28.1956601,-25.790226],[28.1957017,-25.790395],[28.1957439,-25.7906027],[28.1957775,-25.7907959],[28.1958003,-25.790965],[28.1958368,-25.7913061],[28.1958499,-25.7915253],[28.1958519,-25.7916943],[28.1958532,-25.7919105],[28.1958445,-25.7921423],[28.1958311,-25.7923464],[28.1958063,-25.7925782],[28.1957775,-25.7927654],[28.1957419,-25.7929912],[28.1957037,-25.7931934],[28.1956105,-25.7936704],[28.1955656,-25.7939463],[28.1955461,-25.794087],[28.1955287,-25.7942089],[28.1955166,-25.7943435],[28.1955099,-25.7944486],[28.1954992,-25.7946321],[28.1954952,-25.7947951],[28.1954935,-25.7949156],[28.1954957,-25.7950952],[28.1955072,-25.7953288],[28.1955213,-25.7954756],[28.1955408,-25.7956941],[28.1955897,-25.7960074],[28.1956326,-25.7962296],[28.1957459,-25.796715],[28.1957996,-25.7969378],[28.1958398,-25.7971099],[28.1958995,-25.7973387],[28.1960229,-25.797847],[28.196043,-25.7979279],[28.1961865,-25.7985123],[28.1963059,-25.7989953],[28.1964245,-25.799477],[28.1965385,-25.7999353],[28.1966284,-25.8003005],[28.1967363,-25.8007279],[28.196855,-25.8012109],[28.1969449,-25.8015773],[28.1970549,-25.8020319],[28.1971923,-25.8025903],[28.1973375,-25.8031421],[28.1975584,-25.803843],[28.1977046,-25.8042481],[28.1978052,-25.8045065],[28.1979387,-25.8048204],[28.1980989,-25.8051741],[28.1982907,-25.8055623],[28.1985502,-25.806067],[28.1987715,-25.8064986],[28.1993639,-25.8076429],[28.1995051,-25.8079281],[28.1996378,-25.808201],[28.1997377,-25.8084328],[28.1998732,-25.8087521],[28.1999912,-25.8090425],[28.2001253,-25.8094246],[28.2002333,-25.8097427],[28.2003158,-25.8100096],[28.2004405,-25.810478],[28.2007516,-25.8116817],[28.2008763,-25.8121839],[28.2010614,-25.8129119],[28.2012726,-25.8137407],[28.201508,-25.8146353],[28.2015791,-25.8148701],[28.2016676,-25.8151701],[28.2017856,-25.8155166],[28.2019164,-25.8158764],[28.202019,-25.8161598],[28.2021725,-25.8165766],[28.2024924,-25.8174555],[28.2028598,-25.8184345],[28.2030302,-25.8189054],[28.2031663,-25.8192724],[28.2033024,-25.8196243],[28.2033976,-25.819853],[28.2036444,-25.8204026],[28.2039683,-25.8210602],[28.2044846,-25.8220936],[28.2049439,-25.8230032],[28.205241,-25.8235953],[28.2060657,-25.8252347],[28.206462,-25.8260236],[28.2067913,-25.8266833],[28.2072178,-25.8275337],[28.2070796,-25.8272971],[28.2069998,-25.8271655],[28.2069059,-25.8270056],[28.2068156,-25.8268234],[28.2062309,-25.8256536],[28.2057171,-25.8246441],[28.2062309,-25.8256536],[28.2068156,-25.8268234],[28.2069059,-25.8270056],[28.2074887,-25.8281578],[28.2075229,-25.828232],[28.207895,-25.8289714],[28.208062,-25.8293046],[28.2081812,-25.8295374],[28.2084415,-25.8300548],[28.2087298,-25.8306336],[28.2090148,-25.8311991],[28.2093032,-25.8317701],[28.2096042,-25.8323706],[28.2099617,-25.8330852],[28.2102433,-25.8336489],[28.2104498,-25.8340515],[28.2109191,-25.8349977],[28.2112989,-25.8357529],[28.2115334,-25.8362206],[28.2117748,-25.8366992],[28.2119834,-25.8371192],[28.2121523,-25.8374608],[28.2123582,-25.8378676],[28.2126284,-25.8384077],[28.2126881,-25.8385266],[28.2130167,-25.8391802],[28.2132567,-25.8396546],[28.2135129,-25.8401471],[28.2136041,-25.8403142],[28.2137201,-25.8405122],[28.2138696,-25.8407506],[28.2140641,-25.8410318],[28.2142539,-25.8412762],[28.2144195,-25.8414754],[28.2146139,-25.8416999],[28.2147521,-25.8418459],[28.2149492,-25.8420457],[28.2152979,-25.84238],[28.2160489,-25.8430746],[28.2166015,-25.8435858],[28.217038,-25.8439931],[28.2176039,-25.8445158],[28.218308,-25.8451693],[28.2188431,-25.845672],[28.2190892,-25.8459122],[28.2192937,-25.8461313],[28.2195707,-25.8464469],[28.2196947,-25.8466026],[28.2198986,-25.8468723],[28.2200307,-25.8470564],[28.220211,-25.8473268],[28.2203673,-25.8475784],[28.2205047,-25.8478222],[28.2206429,-25.8480793],[28.2207696,-25.8483406],[28.2209118,-25.8486689],[28.2210144,-25.8489271],[28.2215837,-25.8503887],[28.2219411,-25.8513054],[28.2223233,-25.8522799],[28.2224795,-25.8526999],[28.2225452,-25.85289],[28.2226203,-25.8531302],[28.2226834,-25.8533522],[28.2227243,-25.8535055],[28.2227531,-25.8536334],[28.2227766,-25.8537439],[28.2228195,-25.853969],[28.2228591,-25.8541898],[28.2228865,-25.8543956],[28.2229167,-25.8546327],[28.2229362,-25.8548524],[28.222957,-25.8552603],[28.2229549,-25.8554437],[28.2229502,-25.8557503],[28.2229409,-25.8559259],[28.2229214,-25.8563634],[28.2229087,-25.8565721],[28.2228671,-25.8574127],[28.2228423,-25.8579691],[28.2228175,-25.8584554],[28.2227853,-25.8590944],[28.2227451,-25.8598704],[28.2227089,-25.8605625],[28.2226753,-25.8613011],[28.2226561,-25.8616403],[28.2226405,-25.8619166],[28.2226344,-25.8620505],[28.2226042,-25.8626267],[28.222566,-25.8633598],[28.2225459,-25.8637599],[28.2225305,-25.864166],[28.2225291,-25.8644628],[28.2225372,-25.8646583],[28.2225526,-25.8649896],[28.2225882,-25.8653281],[28.2226351,-25.8656557],[28.2228491,-25.8668086],[28.2228624,-25.8668806],[28.2229285,-25.867213],[28.2229979,-25.8675671],[28.2230589,-25.8680867],[28.2231212,-25.8684258],[28.2232372,-25.869031],[28.2234196,-25.8699891],[28.2237764,-25.8718546],[28.223887,-25.8724326],[28.2239876,-25.8729557],[28.2240788,-25.873439],[28.2241553,-25.8738741],[28.2241995,-25.8741896],[28.2242357,-25.8744707],[28.2242739,-25.8747754],[28.2243282,-25.8752249],[28.2243611,-25.8754982],[28.2243852,-25.8757184],[28.2244027,-25.8758982],[28.2244141,-25.8760713],[28.2244214,-25.87623],[28.2244268,-25.8764586],[28.2244235,-25.8767031],[28.2244295,-25.8769184],[28.2244335,-25.8770137],[28.2244335,-25.877202],[28.2244328,-25.8772535],[28.2244174,-25.8774348],[28.2243792,-25.8779591],[28.2243282,-25.8784605],[28.2242652,-25.8790801],[28.2241787,-25.8799301],[28.2241177,-25.8805431],[28.2240728,-25.8809913],[28.2240205,-25.8814963],[28.2239809,-25.8819089],[28.2239306,-25.8823693],[28.2239165,-25.8825358],[28.2239071,-25.882648],[28.2238884,-25.8829038],[28.223879,-25.883095],[28.223879,-25.8832434],[28.2238816,-25.8834552],[28.2239018,-25.8837616],[28.22394,-25.8842159],[28.223997,-25.8848518],[28.2240479,-25.8854502],[28.2241318,-25.8864028],[28.2242505,-25.8877981],[28.2242592,-25.8878675],[28.224377,-25.8892209],[28.2244049,-25.8895258],[28.2244382,-25.8898824],[28.2244778,-25.8902992],[28.2245374,-25.8908983],[28.2245904,-25.8914315],[28.224634,-25.8918888],[28.2246957,-25.8925156],[28.2247628,-25.8931779],[28.2248211,-25.8937944],[28.2248734,-25.8943946],[28.2249324,-25.8950178],[28.2250015,-25.8957688],[28.2250464,-25.8962309],[28.2251101,-25.8969179],[28.2251892,-25.8977902],[28.2252321,-25.8982474],[28.2252878,-25.8988126],[28.225322,-25.8991987],[28.2253475,-25.8994858],[28.2253709,-25.8997367],[28.2253998,-25.9000148],[28.2254172,-25.9001571],[28.2254521,-25.9004195],[28.2255024,-25.9007368],[28.2255518,-25.9009922],[28.2255969,-25.9012158],[28.2256586,-25.9014878],[28.2258792,-25.9023473],[28.2261863,-25.903538],[28.2264505,-25.9045272],[28.226885,-25.9062053],[28.2273075,-25.9078483],[28.2276884,-25.9092983],[28.2280639,-25.9107579],[28.228306,-25.9116783],[28.2286976,-25.9131988],[28.228827,-25.9136855],[28.2289973,-25.9143538],[28.2292038,-25.915133],[28.2304253,-25.9198479],[28.2305231,-25.9202281],[28.2307615,-25.9211891],[28.2310686,-25.9223335],[28.2312148,-25.9229004],[28.2313637,-25.9234794],[28.2316386,-25.9245438],[28.2317331,-25.9249075],[28.2318579,-25.9253863],[28.2319739,-25.9258374],[28.2320798,-25.9262433],[28.232226,-25.9268137],[28.2325137,-25.9279216],[28.2326585,-25.928483],[28.2330917,-25.9301366],[28.233315,-25.9310068],[28.233437,-25.9314838],[28.2335188,-25.9318625],[28.2335805,-25.9321785],[28.2336275,-25.9324649],[28.2336677,-25.9327309],[28.2337146,-25.9330939],[28.2337455,-25.9334123],[28.2337723,-25.9337397],[28.2337877,-25.9340412],[28.2337984,-25.9344012],[28.2338038,-25.9347076],[28.2338018,-25.935231],[28.2337952,-25.9392612],[28.23379,-25.9412683],[28.2337899,-25.9413702],[28.2337877,-25.9419768],[28.2337844,-25.9431725],[28.233779,-25.9455645],[28.2337783,-25.9459667],[28.2337763,-25.9465027],[28.2337763,-25.9468181],[28.2337689,-25.9473264],[28.2337702,-25.9478817],[28.2337676,-25.9482549],[28.2337569,-25.9485468],[28.2337394,-25.9488458],[28.23373,-25.9489911],[28.2337059,-25.9492486],[28.2336791,-25.9494735],[28.233657,-25.9496622],[28.2336261,-25.9498835],[28.2335651,-25.9502688],[28.2335021,-25.9505974],[28.2334558,-25.9508163],[28.2332888,-25.9516501],[28.2331554,-25.9522838],[28.2330813,-25.9526458],[28.2329673,-25.9531957],[28.2328966,-25.9535662],[28.2327537,-25.954268],[28.2326572,-25.9547232],[28.2325257,-25.9553756],[28.2324158,-25.955908],[28.2323018,-25.9564681],[28.2321576,-25.9571717],[28.2320275,-25.9577939],[28.231937,-25.9582485],[28.2318994,-25.9584842],[28.2318679,-25.9587483],[28.2318599,-25.9588875],[28.2318545,-25.9590943],[28.2318619,-25.9593156],[28.231874,-25.9594711],[28.2319028,-25.9596858],[28.231935,-25.9598853],[28.2319846,-25.9601018],[28.2320268,-25.9602567],[28.2320738,-25.9604129],[28.2321616,-25.9606637],[28.232228,-25.9608307],[28.2323132,-25.9610188],[28.2323856,-25.9611695],[28.2325412,-25.961451],[28.2326478,-25.9616144],[28.2327403,-25.9617489],[28.2328811,-25.9619231],[28.2330548,-25.962113],[28.2332043,-25.9622589],[28.233427,-25.9624494],[28.2336207,-25.9626013],[28.2340533,-25.9629094],[28.2343336,-25.963118],[28.2350624,-25.9636389],[28.2357048,-25.9641019],[28.2360287,-25.964337],[28.236657,-25.9647904],[28.2372337,-25.9652033],[28.2374952,-25.9653962],[28.237862,-25.9656597],[28.2382388,-25.9659364],[28.2385057,-25.966142],[28.2386371,-25.9662583],[28.2387753,-25.9663831],[28.2389389,-25.9665519],[28.2390898,-25.9667244],[28.23924,-25.9669233],[28.2393297,-25.9670441],[28.2395035,-25.9673254],[28.2396202,-25.9675382],[28.2398167,-25.9679228],[28.2398783,-25.9680518],[28.240042,-25.9683792],[28.2402015,-25.9687047],[28.2403846,-25.9690749],[28.2405717,-25.9694559],[28.2408332,-25.9699816],[28.2411081,-25.970538],[28.241194,-25.9707158],[28.2416278,-25.9715899],[28.2418732,-25.9720994],[28.2421174,-25.9725997],[28.2422997,-25.9729566],[28.2426417,-25.9736498],[28.242926,-25.9742237],[28.2429958,-25.9744063],[28.2430944,-25.974642],[28.2431741,-25.9748175],[28.2432934,-25.9751351],[28.2434249,-25.9754866],[28.2435416,-25.9758447],[28.2436703,-25.976263],[28.2438487,-25.9769623],[28.2441196,-25.9782426],[28.2444347,-25.9797556],[28.244593,-25.9805055],[28.2447419,-25.9812156],[28.2448639,-25.9818172],[28.2449631,-25.9822876],[28.2450186,-25.9825726],[28.2450731,-25.982822],[28.2452917,-25.9838551],[28.2455296,-25.9850255],[28.2455897,-25.9852737],[28.2456793,-25.9857177],[28.2463103,-25.9887447],[28.246498,-25.9896476],[28.246604,-25.9901467],[28.2467589,-25.9908947],[28.2468836,-25.9915047],[28.2471143,-25.9926077],[28.2472336,-25.9931748],[28.2473342,-25.9936679],[28.247703,-25.9956713],[28.2478103,-25.9962499],[28.2479806,-25.9970714],[28.2481704,-25.9980146],[28.2482844,-25.9985498],[28.2483843,-25.9991513],[28.2484815,-25.999848],[28.2485446,-26.0003772],[28.2485694,-26.0005489],[28.2486096,-26.0009322],[28.2486713,-26.0020207],[28.2486874,-26.0027818],[28.2486901,-26.0031248],[28.2486995,-26.0035804],[28.2487199,-26.0056337],[28.2487209,-26.0058452],[28.248735,-26.0074639],[28.2487444,-26.008245],[28.2487598,-26.009085],[28.2487732,-26.0098287],[28.2487947,-26.0102361],[28.2488427,-26.0107559],[28.2488631,-26.0109942],[28.2489154,-26.0113413],[28.2490039,-26.0118716],[28.2490857,-26.0122899],[28.2491729,-26.0126695],[28.2492721,-26.0130504],[28.249429,-26.0135915],[28.2496101,-26.0141291],[28.2498469,-26.0147265],[28.2500821,-26.015268],[28.2501814,-26.0154958],[28.2503222,-26.0157802],[28.2504871,-26.0160936],[28.2506588,-26.0164093],[28.2509351,-26.0168733],[28.2523577,-26.0192431],[28.2529601,-26.0202539],[28.2535777,-26.0212879],[28.2537474,-26.021585],[28.253978,-26.0220357],[28.2541685,-26.022428],[28.2543582,-26.0228558],[28.254487,-26.0231685],[28.2546359,-26.0235596],[28.2548911,-26.0242767],[28.2551361,-26.0252311],[28.2552058,-26.0255481],[28.255228,-26.0256547],[28.2552756,-26.0259235],[28.255357,-26.0262985],[28.2553694,-26.0265441],[28.2554157,-26.0269984],[28.2554459,-26.0273834],[28.2554787,-26.0278203],[28.2554962,-26.0281041],[28.2555035,-26.0283758],[28.2555096,-26.028603],[28.2555042,-26.0289013],[28.2555009,-26.0290977],[28.2554834,-26.0293761],[28.2554573,-26.0297526],[28.2554238,-26.0300714],[28.2553634,-26.0305395],[28.2552486,-26.0313566],[28.2552273,-26.0314765],[28.255184,-26.0320603],[28.2551349,-26.0323844],[28.2550752,-26.032812],[28.2550463,-26.0330186],[28.2549693,-26.0334899],[28.2548431,-26.0343674],[28.2546754,-26.0354971],[28.2543053,-26.0380197],[28.2541616,-26.0390016],[28.2540613,-26.0396512],[28.254036,-26.03985],[28.2539673,-26.040284],[28.2538808,-26.0408888],[28.253856,-26.0410689],[28.2537837,-26.0415721],[28.2537635,-26.0417106],[28.2536401,-26.0422763],[28.2536193,-26.0424269],[28.2534916,-26.0430058],[28.2534336,-26.043427],[28.253271,-26.0445168],[28.2531796,-26.0449714],[28.2530942,-26.0453305],[28.2529854,-26.0456981],[28.2528508,-26.0460889],[28.252704,-26.0464302],[28.2525088,-26.0468431],[28.2523453,-26.0471392],[28.2522025,-26.0473772],[28.2520193,-26.0476569],[28.2518338,-26.0479157],[28.2515714,-26.0482458],[28.2511917,-26.0486834],[28.2503177,-26.0496584],[28.2497672,-26.050267],[28.2489469,-26.0512025],[28.2483907,-26.0518141],[28.2475908,-26.0527059],[28.246755,-26.0536374],[28.2458965,-26.0546105],[28.2455875,-26.054947],[28.2451646,-26.0554154],[28.2447118,-26.0559248],[28.2442113,-26.0564706],[28.2439687,-26.0567407],[28.2437304,-26.0570143],[28.2431702,-26.0576315],[28.2426868,-26.0581712],[28.2421482,-26.0587752],[28.2416752,-26.0592955],[28.2412195,-26.0597996],[28.2407396,-26.0603377],[28.2402735,-26.0608595],[28.239841,-26.0613364],[28.2394448,-26.0617784],[28.2391039,-26.0621583],[28.2387929,-26.0625065],[28.2378547,-26.063543],[28.2370507,-26.0644396],[28.2363696,-26.0651827],[28.2361911,-26.0653732],[28.2359455,-26.0656175],[28.2355884,-26.0659846],[28.2349869,-26.0666314],[28.2344633,-26.0672137],[28.2340344,-26.0677012],[28.2336534,-26.0681554],[28.2333826,-26.0684998],[28.2330795,-26.0688507],[28.2329273,-26.0690218],[28.2325666,-26.0694254],[28.2319256,-26.0701347],[28.2315518,-26.0705512],[28.2309311,-26.0712411],[28.2306304,-26.071593],[28.230368,-26.0719224],[28.2301847,-26.0721677],[28.229981,-26.0724465],[28.2297868,-26.0727304],[28.2296038,-26.0730059],[28.2294123,-26.0733164],[28.2291116,-26.0738383],[28.228782,-26.0744227],[28.2285008,-26.0749258],[28.2282356,-26.0753983],[28.227978,-26.0758534],[28.227584,-26.0765535],[28.227268,-26.0771205],[28.2269639,-26.0776554],[28.2266419,-26.0782094],[28.2263878,-26.0786021],[28.2262522,-26.0788121],[28.2259904,-26.0791759],[28.225671,-26.0795959],[28.2248161,-26.0806491],[28.2245696,-26.0809482],[28.2240782,-26.0815412],[28.2238536,-26.0818332],[28.2236674,-26.082096],[28.2234874,-26.0823696],[28.2233028,-26.0826643],[28.2231511,-26.0829389],[28.2229747,-26.0832812],[28.2228441,-26.0835727],[28.2227112,-26.0838949],[28.222596,-26.0841949],[28.2224866,-26.0845265],[28.2224172,-26.0847652],[28.2223409,-26.0850466],[28.2221462,-26.0857698],[28.221998,-26.0863433],[28.2218754,-26.0868441],[28.2217047,-26.0876068],[28.2215573,-26.0882969],[28.2213905,-26.0891776],[28.2211782,-26.0903447],[28.2210027,-26.0913458],[28.2209381,-26.0918116],[28.220904,-26.0921465],[28.2208922,-26.0924454],[28.2208616,-26.0932365],[28.220871,-26.093773],[28.2208981,-26.0943317],[28.2209228,-26.0946602],[28.2209628,-26.0950372],[28.2210192,-26.0954587],[28.2210768,-26.0957882],[28.2211603,-26.0962307],[28.2213132,-26.0969109],[28.2215649,-26.0977759],[28.2217614,-26.0983113],[28.2219245,-26.0987529],[28.222027,-26.0990236],[28.2221349,-26.0992773],[28.2222574,-26.0995423],[28.2224704,-26.0999793],[28.2225848,-26.1002016],[28.2227018,-26.100407],[28.2227535,-26.1004985],[28.2229346,-26.1007958],[28.223197,-26.1012157],[28.2233787,-26.1014999],[28.2237284,-26.1020456],[28.2244575,-26.1031761],[28.2245777,-26.1033567],[28.2247549,-26.1035872],[28.2249499,-26.1038495],[28.2246274,-26.1033526],[28.2237588,-26.1020289],[28.2234089,-26.101483],[28.2232367,-26.1012066],[28.2229792,-26.1007939],[28.2227328,-26.1003861],[28.222615,-26.1001739],[28.2225097,-26.0999671],[28.2223082,-26.0995528],[28.2221737,-26.0992664],[28.2220597,-26.0990038],[28.2219617,-26.098744],[28.2217985,-26.0983029],[28.221599,-26.0977606],[28.2215322,-26.0975601],[28.221352,-26.0968875],[28.2212739,-26.0965752],[28.22119,-26.096217],[28.2211152,-26.0957967],[28.2210416,-26.0953419],[28.2209906,-26.0949339],[28.2209611,-26.0946591],[28.2209277,-26.0942273],[28.2209042,-26.0937827],[28.2208983,-26.0933042],[28.2209042,-26.0929303],[28.2209159,-26.092549],[28.2209524,-26.0920833],[28.22099,-26.0917759],[28.2210712,-26.091177],[28.2211711,-26.0906257],[28.2213358,-26.0898557],[28.2214776,-26.0892075],[28.2217442,-26.0880023],[28.2214776,-26.0892075],[28.2213358,-26.0898557],[28.2211711,-26.0906257],[28.2210712,-26.091177],[28.22099,-26.0917759],[28.2209524,-26.0920833],[28.2209159,-26.092549],[28.2209042,-26.0929303],[28.2208983,-26.0933042],[28.2209042,-26.0937827],[28.2209277,-26.0942273],[28.2209611,-26.0946591],[28.2209906,-26.0949339],[28.2210416,-26.0953419],[28.2211152,-26.0957967],[28.22119,-26.096217],[28.2212739,-26.0965752],[28.221352,-26.0968875],[28.2215322,-26.0975601],[28.221599,-26.0977606],[28.2217985,-26.0983029],[28.2219617,-26.098744],[28.2220597,-26.0990038],[28.2221737,-26.0992664],[28.2223082,-26.0995528],[28.2225097,-26.0999671],[28.222615,-26.1001739],[28.2227328,-26.1003861],[28.2229792,-26.1007939],[28.2232367,-26.1012066],[28.2234089,-26.101483],[28.2237588,-26.1020289],[28.2246274,-26.1033526],[28.2249499,-26.1038495],[28.2251358,-26.1041348],[28.2249865,-26.1038652],[28.2248431,-26.1036134],[28.2247464,-26.1034712],[28.2244551,-26.102956],[28.2247458,-26.1033978],[28.2252898,-26.1042199],[28.2256054,-26.1047148],[28.2259002,-26.1051873],[28.2260979,-26.1054913],[28.2262753,-26.1057742],[28.2264781,-26.1061164],[28.2266093,-26.1063609]]}},{"type":"Feature","properties":{"routeId":"germ-leralla","source":"OpenStreetMap","license":"ODbL","stations":13},"geometry":{"type":"LineString","coordinates":[[28.1676163,-26.2096609],[28.1679938,-26.2097542],[28.1692356,-26.2100686],[28.1700995,-26.2102834],[28.1705889,-26.2104063],[28.1715472,-26.2106493],[28.1723008,-26.2108356],[28.1725686,-26.2109015],[28.1725864,-26.2109041],[28.1729928,-26.2110079],[28.1731715,-26.2110527],[28.1733334,-26.2110867],[28.1734756,-26.2111114],[28.1738169,-26.2111607],[28.1739711,-26.2111794],[28.1742441,-26.2112197],[28.1744889,-26.2112531],[28.1745667,-26.2112638],[28.1759519,-26.2114561],[28.1760978,-26.2114755],[28.1794927,-26.21194],[28.1798381,-26.2119596],[28.1801433,-26.2119572],[28.1804272,-26.2119298],[28.1806951,-26.2118834],[28.1809267,-26.2118282],[28.1811711,-26.2117518],[28.1813405,-26.2116902],[28.181543,-26.2116005],[28.1817462,-26.2115],[28.1836331,-26.2105044],[28.1840788,-26.2102684],[28.1843148,-26.2101222],[28.1845692,-26.209963],[28.1847214,-26.2098511],[28.184891,-26.2097187],[28.185007,-26.2096212],[28.1851787,-26.2094588],[28.185292,-26.209343],[28.1853695,-26.2092636],[28.1854536,-26.2091766],[28.1855897,-26.2090249],[28.1858955,-26.2086861],[28.1859197,-26.2086598],[28.1860212,-26.2085383],[28.1869181,-26.2075409],[28.1872112,-26.2072082],[28.1881406,-26.2061734],[28.1885723,-26.2056921],[28.1903313,-26.2037313],[28.191325,-26.2026219],[28.1921296,-26.201714],[28.1923778,-26.2014433],[28.1930329,-26.2007141],[28.1935304,-26.2001575],[28.1937524,-26.1998657],[28.1938147,-26.1997917],[28.1938984,-26.1996931],[28.1941809,-26.1993218],[28.19438,-26.1990415],[28.1945665,-26.198796],[28.1947019,-26.1986275],[28.1947763,-26.1985409],[28.1950559,-26.1982256],[28.1953698,-26.1978778],[28.1957278,-26.1974777],[28.1962422,-26.1968959],[28.1963374,-26.1967828],[28.1964299,-26.1966685],[28.1966612,-26.1963743],[28.1967565,-26.1962648],[28.1968912,-26.196074],[28.1971829,-26.1955638],[28.1973714,-26.1952004],[28.1974686,-26.194985],[28.1976087,-26.1946486],[28.1976865,-26.1944392],[28.1977603,-26.194204],[28.1978931,-26.1937106],[28.1979614,-26.1933039],[28.1980191,-26.1928959],[28.1980386,-26.1924374],[28.1980366,-26.1920896],[28.1980138,-26.1917539],[28.1979816,-26.1914807],[28.1979222,-26.1909527],[28.1979124,-26.1908743],[28.1978977,-26.1906335],[28.1978964,-26.1904939],[28.1978826,-26.1902838],[28.197821,-26.1897082],[28.1977869,-26.1892964],[28.1977802,-26.1888984],[28.1977963,-26.18842],[28.1978417,-26.1879006],[28.1978911,-26.1875504],[28.197934,-26.1872922],[28.1979835,-26.1870668],[28.198052,-26.1867843],[28.1981157,-26.1865336],[28.1983075,-26.1858517],[28.1985374,-26.1850435],[28.1985866,-26.1848728],[28.1989244,-26.1836752],[28.19909,-26.1830849],[28.1992536,-26.1825061],[28.1999276,-26.1801028],[28.2013491,-26.1750946],[28.2017246,-26.1737731],[28.2018842,-26.1732074],[28.2019035,-26.1731404],[28.2019955,-26.1728824],[28.202029,-26.1728066],[28.2021001,-26.1726026],[28.201919,-26.1732327],[28.20186,-26.173498],[28.2018352,-26.1736292],[28.2017963,-26.1738104],[28.2010829,-26.1763391],[28.2002607,-26.1792425],[28.2001702,-26.1795844],[28.2001153,-26.1798396],[28.2000661,-26.180137],[28.200012,-26.180386],[28.1999202,-26.180732],[28.200012,-26.180386],[28.2000661,-26.180137],[28.2001153,-26.1798396],[28.2001702,-26.1795844],[28.2002607,-26.1792425],[28.2010829,-26.1763391],[28.2017963,-26.1738104],[28.2018352,-26.1736292],[28.20186,-26.173498],[28.201919,-26.1732327],[28.2021001,-26.1726026],[28.2021368,-26.172474],[28.2022262,-26.1721488],[28.2023492,-26.1717914],[28.2024757,-26.1714778],[28.2026284,-26.1711626],[28.2027827,-26.1708718],[28.2029768,-26.1705641],[28.2032695,-26.1701081],[28.2033855,-26.1699059],[28.2034761,-26.1697392],[28.2035645,-26.1695758],[28.2036048,-26.1695127],[28.2037483,-26.1692673],[28.2038053,-26.1691404],[28.2038737,-26.1689845],[28.2039367,-26.1688136],[28.2040253,-26.1685885],[28.2040849,-26.1684573],[28.2041433,-26.168308],[28.2041647,-26.1682334],[28.2041869,-26.1681612],[28.2042398,-26.1680264],[28.2042975,-26.1679132],[28.2043853,-26.1677544],[28.2045892,-26.167433],[28.2049613,-26.1668667],[28.2053006,-26.1663461],[28.2053985,-26.166204],[28.2056111,-26.1659092],[28.205819,-26.1656287],[28.2059182,-26.1655107],[28.2060154,-26.1653946],[28.2062562,-26.1651014],[28.2063031,-26.1650443],[28.2063748,-26.1649576],[28.2065532,-26.1647428],[28.2067692,-26.1644701],[28.2068711,-26.1643143],[28.2071304,-26.1639181],[28.2077669,-26.1629276],[28.2084703,-26.1618299],[28.208805,-26.1613231],[28.209381,-26.160442],[28.2108327,-26.1582096],[28.2112927,-26.1575048],[28.2120122,-26.1563817],[28.2122355,-26.1560344],[28.2124119,-26.1557564],[28.2125218,-26.1555812],[28.2132339,-26.1544749],[28.2141278,-26.1530238],[28.2148111,-26.151885],[28.2154796,-26.150775],[28.2158002,-26.1502405],[28.2166997,-26.1487526],[28.2171084,-26.14807],[28.2172613,-26.1478052],[28.2173236,-26.1476854],[28.2173873,-26.1475367],[28.2174202,-26.1474488],[28.2181374,-26.1454236],[28.218296,-26.1450014],[28.2183301,-26.1449201],[28.2184066,-26.1447612],[28.2184629,-26.14463],[28.2185853,-26.1442707],[28.2186083,-26.1442051],[28.2186743,-26.1440552],[28.218715,-26.1439735],[28.2187908,-26.1438288],[28.2189615,-26.1434571],[28.2193018,-26.1424955],[28.2198071,-26.1410777],[28.2202452,-26.1398336],[28.2203512,-26.1395344],[28.2204464,-26.1392737],[28.2205524,-26.1389745],[28.2209748,-26.1377868],[28.2211163,-26.1373835],[28.221186,-26.137174],[28.2214838,-26.1362055],[28.2216722,-26.1356703],[28.221891,-26.1350609],[28.2222179,-26.1341515],[28.2223246,-26.1339112],[28.2224924,-26.1335695],[28.2225184,-26.1334977],[28.2226485,-26.133228],[28.2227243,-26.1330841],[28.2228558,-26.132788],[28.2228845,-26.1327127],[28.2229925,-26.1324502],[28.2230488,-26.1323232],[28.2231098,-26.1321733],[28.2231401,-26.1320924],[28.2231441,-26.132077],[28.2232297,-26.1318288],[28.2233353,-26.1315423],[28.2236448,-26.1306741],[28.2237578,-26.1303435],[28.2238931,-26.1299578],[28.2240251,-26.1295677],[28.2240774,-26.1293883],[28.224125,-26.1292215],[28.2242263,-26.1288411],[28.2243568,-26.1282955],[28.2244557,-26.1279044],[28.224514,-26.1276804],[28.2246137,-26.1273697],[28.22486,-26.1265593],[28.2254016,-26.1247777],[28.2255728,-26.124203],[28.2256626,-26.123914],[28.2257491,-26.1236595],[28.2259704,-26.1230079],[28.2260737,-26.1226942],[28.2261735,-26.1224443],[28.2263801,-26.1217572],[28.226469,-26.1214396],[28.2265984,-26.1209012],[28.2271979,-26.1182668],[28.2275951,-26.1164928],[28.2276313,-26.1163258],[28.2277775,-26.1156812],[28.2278722,-26.11537],[28.2279504,-26.1151076],[28.2280595,-26.1146146],[28.2281063,-26.1143607],[28.2281359,-26.1141649],[28.2281607,-26.1139539],[28.2281794,-26.1137087],[28.2281825,-26.1135657],[28.2281819,-26.1132957],[28.2281752,-26.1131596],[28.2281118,-26.1122042],[28.2280912,-26.1119243],[28.2280646,-26.1115646],[28.2280491,-26.11136],[28.2280305,-26.1110493],[28.2279955,-26.1107667],[28.2279451,-26.1104684],[28.2278803,-26.1101433],[28.2278217,-26.1099244],[28.227472,-26.1088023],[28.2267931,-26.106751],[28.2266093,-26.1063609],[28.2264781,-26.1061164],[28.2262753,-26.1057742],[28.2260979,-26.1054913],[28.2259002,-26.1051873],[28.2256054,-26.1047148],[28.2252898,-26.1042199],[28.2247458,-26.1033978],[28.2244551,-26.102956],[28.2247464,-26.1034712],[28.2248431,-26.1036134],[28.2249865,-26.1038652],[28.2251358,-26.1041348],[28.2249499,-26.1038495],[28.2246274,-26.1033526],[28.2237588,-26.1020289],[28.2234089,-26.101483],[28.2232367,-26.1012066],[28.2229792,-26.1007939],[28.2227328,-26.1003861],[28.222615,-26.1001739],[28.2225097,-26.0999671],[28.2223082,-26.0995528],[28.2221737,-26.0992664],[28.2220597,-26.0990038],[28.2219617,-26.098744],[28.2217985,-26.0983029],[28.221599,-26.0977606],[28.2215322,-26.0975601],[28.221352,-26.0968875],[28.2212739,-26.0965752],[28.22119,-26.096217],[28.2211152,-26.0957967],[28.2210416,-26.0953419],[28.2209906,-26.0949339],[28.2209611,-26.0946591],[28.2209277,-26.0942273],[28.2209042,-26.0937827],[28.2208983,-26.0933042],[28.2209042,-26.0929303],[28.2209159,-26.092549],[28.2209524,-26.0920833],[28.22099,-26.0917759],[28.2210712,-26.091177],[28.2211711,-26.0906257],[28.2213358,-26.0898557],[28.2214776,-26.0892075],[28.2217442,-26.0880023],[28.2214776,-26.0892075],[28.2213358,-26.0898557],[28.2211711,-26.0906257],[28.2210712,-26.091177],[28.22099,-26.0917759],[28.2209524,-26.0920833],[28.2209159,-26.092549],[28.2209042,-26.0929303],[28.2208983,-26.0933042],[28.2209042,-26.0937827],[28.2209277,-26.0942273],[28.2209611,-26.0946591],[28.2209906,-26.0949339],[28.2210416,-26.0953419],[28.2211152,-26.0957967],[28.22119,-26.096217],[28.2212739,-26.0965752],[28.221352,-26.0968875],[28.2215322,-26.0975601],[28.221599,-26.0977606],[28.2217985,-26.0983029],[28.2219617,-26.098744],[28.2220597,-26.0990038],[28.2221737,-26.0992664],[28.2223082,-26.0995528],[28.2225097,-26.0999671],[28.222615,-26.1001739],[28.2227328,-26.1003861],[28.2229792,-26.1007939],[28.2232367,-26.1012066],[28.2234089,-26.101483],[28.2237588,-26.1020289],[28.2246274,-26.1033526],[28.2249499,-26.1038495],[28.2247549,-26.1035872],[28.2245777,-26.1033567],[28.2244575,-26.1031761],[28.2237284,-26.1020456],[28.2233787,-26.1014999],[28.223197,-26.1012157],[28.2229346,-26.1007958],[28.2227535,-26.1004985],[28.2227018,-26.100407],[28.2225848,-26.1002016],[28.2224704,-26.0999793],[28.2222574,-26.0995423],[28.2221349,-26.0992773],[28.222027,-26.0990236],[28.2219245,-26.0987529],[28.2217614,-26.0983113],[28.2215649,-26.0977759],[28.2213132,-26.0969109],[28.2211603,-26.0962307],[28.2210768,-26.0957882],[28.2210192,-26.0954587],[28.2209628,-26.0950372],[28.2209228,-26.0946602],[28.2208981,-26.0943317],[28.220871,-26.093773],[28.2208616,-26.0932365],[28.2208922,-26.0924454],[28.220904,-26.0921465],[28.2209381,-26.0918116],[28.2210027,-26.0913458],[28.2211782,-26.0903447],[28.2213905,-26.0891776],[28.2215573,-26.0882969],[28.2217047,-26.0876068],[28.2218754,-26.0868441],[28.221998,-26.0863433],[28.2221462,-26.0857698],[28.2223409,-26.0850466],[28.2224172,-26.0847652],[28.2224866,-26.0845265],[28.222596,-26.0841949],[28.2227112,-26.0838949],[28.2228441,-26.0835727],[28.2229747,-26.0832812],[28.2231511,-26.0829389],[28.2233028,-26.0826643],[28.2234874,-26.0823696],[28.2236674,-26.082096],[28.2238536,-26.0818332],[28.2240782,-26.0815412],[28.2245696,-26.0809482],[28.2248161,-26.0806491],[28.225671,-26.0795959],[28.2259904,-26.0791759],[28.2262522,-26.0788121],[28.2263878,-26.0786021],[28.2266419,-26.0782094],[28.2269639,-26.0776554],[28.227268,-26.0771205],[28.227584,-26.0765535],[28.227978,-26.0758534],[28.2282356,-26.0753983],[28.2285008,-26.0749258],[28.228782,-26.0744227],[28.2291116,-26.0738383],[28.2294123,-26.0733164],[28.2296038,-26.0730059],[28.2297868,-26.0727304],[28.229981,-26.0724465],[28.2301847,-26.0721677],[28.230368,-26.0719224],[28.2306304,-26.071593],[28.2309311,-26.0712411],[28.2315518,-26.0705512],[28.2319256,-26.0701347],[28.2325666,-26.0694254],[28.2329273,-26.0690218],[28.2330795,-26.0688507],[28.2333826,-26.0684998],[28.2336534,-26.0681554],[28.2340344,-26.0677012],[28.2344633,-26.0672137],[28.2349869,-26.0666314],[28.2355884,-26.0659846],[28.2359455,-26.0656175],[28.2361911,-26.0653732],[28.2363696,-26.0651827],[28.2370507,-26.0644396],[28.2378547,-26.063543],[28.2387929,-26.0625065],[28.2391039,-26.0621583],[28.2394448,-26.0617784],[28.239841,-26.0613364],[28.2402735,-26.0608595],[28.2407396,-26.0603377],[28.2412195,-26.0597996],[28.2416752,-26.0592955],[28.2421482,-26.0587752],[28.2426868,-26.0581712],[28.2431702,-26.0576315],[28.2437304,-26.0570143],[28.2439687,-26.0567407],[28.2442113,-26.0564706],[28.2447118,-26.0559248],[28.2451646,-26.0554154],[28.2455875,-26.054947],[28.2458965,-26.0546105],[28.246755,-26.0536374],[28.2475908,-26.0527059],[28.2483907,-26.0518141],[28.2489469,-26.0512025],[28.2497672,-26.050267],[28.2503177,-26.0496584],[28.2511917,-26.0486834],[28.2515714,-26.0482458],[28.2518338,-26.0479157],[28.2520193,-26.0476569],[28.2522025,-26.0473772],[28.2523453,-26.0471392],[28.2525088,-26.0468431],[28.252704,-26.0464302],[28.2528508,-26.0460889],[28.2529854,-26.0456981],[28.2530942,-26.0453305],[28.2531796,-26.0449714],[28.253271,-26.0445168],[28.2534336,-26.043427],[28.2534916,-26.0430058],[28.2536193,-26.0424269],[28.2536401,-26.0422763],[28.2537635,-26.0417106],[28.2537837,-26.0415721],[28.253856,-26.0410689],[28.2538808,-26.0408888],[28.2539673,-26.040284],[28.254036,-26.03985],[28.2540613,-26.0396512],[28.2541616,-26.0390016],[28.2543053,-26.0380197],[28.2546754,-26.0354971],[28.2548431,-26.0343674],[28.2549693,-26.0334899],[28.2550463,-26.0330186],[28.2550752,-26.032812],[28.2550898,-26.0326032],[28.2551146,-26.0322363],[28.2551415,-26.0320525],[28.2551629,-26.0318344],[28.2551716,-26.0316645],[28.255187,-26.0314699],[28.2552031,-26.0313861],[28.2552152,-26.0311897],[28.2552212,-26.0310065],[28.2552206,-26.0307571],[28.2552179,-26.0306866],[28.2552112,-26.0303335],[28.2552105,-26.0300159],[28.2552031,-26.0297587],[28.2551911,-26.0295514],[28.2551636,-26.0292501],[28.2551227,-26.0289645],[28.2550952,-26.0288024],[28.2550529,-26.0285921],[28.2549866,-26.0283144],[28.2549208,-26.0280854],[28.2548444,-26.027842],[28.2547566,-26.0276046],[28.2546405,-26.027325],[28.2545131,-26.0270478],[28.2544132,-26.0268532],[28.2543046,-26.0266598],[28.2542228,-26.026517],[28.2540894,-26.0263043],[28.253968,-26.0261229],[28.2537762,-26.025862],[28.2535999,-26.0256469],[28.2533504,-26.0253601],[28.2531519,-26.0251492],[28.2529045,-26.024913],[28.252655,-26.0246906],[28.2524914,-26.0245544],[28.2522728,-26.0243893],[28.2520549,-26.0242297],[28.2518122,-26.0240694],[28.2507916,-26.0234355],[28.2501961,-26.0230637],[28.2489597,-26.0222966],[28.2480504,-26.0217278],[28.2471089,-26.0211397],[28.2462955,-26.0206341],[28.2456679,-26.020243],[28.2450114,-26.0198423],[28.2442262,-26.0193464],[28.2434879,-26.018886],[28.2428026,-26.0184636],[28.2420684,-26.0180068],[28.2413093,-26.017535],[28.2404939,-26.017024],[28.2398307,-26.0166124],[28.2392219,-26.016234],[28.2385862,-26.0158417],[28.2381335,-26.0155555],[28.2379224,-26.0154301],[28.2377373,-26.0153114],[28.2372558,-26.0150161],[28.2368528,-26.0147618],[28.2365618,-26.0145732],[28.2363405,-26.0144219],[28.2360703,-26.0142279],[28.2358423,-26.0140447],[28.2356579,-26.0138904],[28.2355211,-26.0137777],[28.2352448,-26.0135059],[28.2348277,-26.0130919],[28.2345991,-26.012872],[28.2343858,-26.0126466],[28.234076,-26.0123519],[28.233902,-26.0121458],[28.233693,-26.0119049],[28.2334631,-26.011677],[28.2313797,-26.0096119],[28.229479,-26.0077086],[28.2291569,-26.0073928],[28.2286687,-26.0068998],[28.2275194,-26.0057548],[28.2269226,-26.0051654],[28.226704,-26.0049617],[28.2264586,-26.0047508],[28.2262856,-26.0046146],[28.226071,-26.0044543],[28.2257042,-26.0042174],[28.2254903,-26.0040872],[28.2252925,-26.00398],[28.2251262,-26.0038962],[28.2248969,-26.0037877],[28.2246823,-26.0036925],[28.2244422,-26.0035967],[28.2241968,-26.0035099],[28.2239313,-26.0034279],[28.2236496,-26.0033478],[28.2233586,-26.0032827],[28.223136,-26.0032375],[28.2228979,-26.0031965],[28.2226136,-26.0031591],[28.2222737,-26.003126],[28.2220101,-26.0031127],[28.2215381,-26.0031109],[28.2212008,-26.003129],[28.2209373,-26.0031513],[28.2206214,-26.0031923],[28.2203733,-26.0032345],[28.2201165,-26.0032821],[28.2199093,-26.0033279],[28.219678,-26.0033851],[28.2194734,-26.003446],[28.2192307,-26.0035286],[28.2189839,-26.0036153],[28.2187097,-26.0037262],[28.2185018,-26.0038184],[28.2182631,-26.0039348],[28.2180579,-26.0040463],[28.2178339,-26.0041752],[28.2176482,-26.0042903],[28.217445,-26.0044253],[28.2172854,-26.0045416],[28.2171205,-26.004667],[28.2168784,-26.0048586],[28.2167034,-26.0050202],[28.2165197,-26.0051979],[28.2163373,-26.0053848],[28.2161676,-26.005577],[28.2160074,-26.0057663],[28.2157633,-26.0061013],[28.2156043,-26.006337],[28.215485,-26.0065371],[28.2153301,-26.0068305],[28.2152228,-26.0070529],[28.215135,-26.00725],[28.2150424,-26.0074947],[28.2149465,-26.0077948],[28.2148647,-26.0080672],[28.2148084,-26.0082968],[28.2147729,-26.0084884],[28.2147447,-26.008703],[28.2147199,-26.0089157],[28.2146991,-26.009164],[28.2146904,-26.0094521],[28.2146951,-26.0096799],[28.2147078,-26.0099293],[28.2147434,-26.0104325],[28.2148118,-26.0111889],[28.214848,-26.0116173],[28.2148909,-26.0120536],[28.2149043,-26.0123754],[28.214907,-26.0126074],[28.2149003,-26.0127792],[28.2148848,-26.0130178],[28.21486,-26.013239],[28.2148352,-26.0134385],[28.2147802,-26.0137446],[28.214734,-26.0139621],[28.2146548,-26.0142502],[28.2145717,-26.0145009],[28.2144818,-26.0147425],[28.2143544,-26.0150456],[28.2141848,-26.0153668],[28.2140326,-26.0156428],[28.2139092,-26.0158332],[28.2136383,-26.0162093],[28.2134807,-26.0164063],[28.2132199,-26.0166974],[28.2129536,-26.0169675],[28.2127682,-26.0171368],[28.212214,-26.017573],[28.2079869,-26.0206817],[28.205066,-26.0228498],[28.2037755,-26.0237969],[28.2035713,-26.0239531],[28.203122,-26.0242791],[28.2024521,-26.024775],[28.2011177,-26.025759],[28.2005095,-26.026203],[28.1998987,-26.026664],[28.1997096,-26.0267954],[28.1991718,-26.0271924],[28.1987795,-26.0274841],[28.1982666,-26.0278637],[28.1977863,-26.0282127],[28.1975008,-26.0284204],[28.1963427,-26.0292821]]}},{"type":"Feature","properties":{"routeId":"germ-kwesine","source":"OpenStreetMap","license":"ODbL","stations":6},"geometry":{"type":"LineString","coordinates":[[28.1676163,-26.2096609],[28.1679938,-26.2097542],[28.1692356,-26.2100686],[28.1700995,-26.2102834],[28.1705889,-26.2104063],[28.1715472,-26.2106493],[28.1723008,-26.2108356],[28.1725686,-26.2109015],[28.1725864,-26.2109041],[28.1731933,-26.2110969],[28.1734797,-26.2111686],[28.1736466,-26.2112095],[28.1739282,-26.2112787],[28.1740969,-26.2113243],[28.1743642,-26.2113927],[28.1746175,-26.2114393],[28.1747402,-26.2114571],[28.1753825,-26.2115899],[28.1756696,-26.2116258],[28.1766231,-26.2117666],[28.1775056,-26.2118995],[28.1790877,-26.212129],[28.1796051,-26.2122021],[28.1809596,-26.2123982],[28.1814994,-26.2124758],[28.1819004,-26.2125354],[28.1821941,-26.2125835],[28.182353,-26.2126124],[28.1825347,-26.2126533],[28.1827037,-26.212699],[28.1828948,-26.2127592],[28.1830913,-26.212829],[28.1832408,-26.2128903],[28.1833944,-26.2129613],[28.1835754,-26.2130522],[28.1837652,-26.2131617],[28.1839154,-26.2132609],[28.1840522,-26.2133578],[28.1842044,-26.2134739],[28.1843786,-26.2136231],[28.1847747,-26.2139827],[28.1849191,-26.2141288],[28.1851265,-26.2143513],[28.1853608,-26.2145697],[28.1855735,-26.2147679],[28.1856663,-26.2148678],[28.1858137,-26.2150016],[28.185987,-26.2151403],[28.1862182,-26.2153248],[28.1865121,-26.2155426],[28.1866783,-26.2156544],[28.1868434,-26.2157589],[28.1870079,-26.2158377],[28.1872362,-26.2159338],[28.1874583,-26.2160147],[28.1877782,-26.2161267],[28.1879745,-26.2162084],[28.1881808,-26.2163151],[28.1884302,-26.2164848],[28.1885864,-26.2166159],[28.1894414,-26.2175115],[28.1904942,-26.2186071],[28.1906886,-26.2188357],[28.1908469,-26.2190511],[28.1910186,-26.2193254],[28.1911097,-26.219495],[28.1912009,-26.2197128],[28.1913054,-26.2199834],[28.191382,-26.220265],[28.1914112,-26.2204283],[28.191524,-26.2209571],[28.1915798,-26.2213213],[28.1915995,-26.2213989],[28.1916133,-26.2214531],[28.1917208,-26.2218475],[28.1922899,-26.2239753],[28.1925085,-26.2247874],[28.1927286,-26.2256207],[28.1927568,-26.2257266],[28.1938253,-26.2297148],[28.1939176,-26.2300767],[28.1939728,-26.2303948],[28.1940219,-26.2307381],[28.194048,-26.2310181],[28.1940885,-26.2314159],[28.1941782,-26.2323382],[28.1942679,-26.2332371],[28.1943063,-26.2335928],[28.1943387,-26.2339701],[28.1944531,-26.2351273],[28.1945738,-26.236329],[28.1946749,-26.2373164],[28.1947066,-26.2376426],[28.1947441,-26.2380606],[28.1947562,-26.2382483],[28.1947602,-26.2384287],[28.1947569,-26.2385472],[28.1947508,-26.2386729],[28.1947321,-26.2388612],[28.1947026,-26.2390344],[28.194665,-26.2392028],[28.1946141,-26.2393832],[28.1945214,-26.2396517],[28.1944088,-26.2398972],[28.1942306,-26.2402852],[28.1941943,-26.2404037],[28.1940824,-26.2406786],[28.193966,-26.2409178],[28.1939007,-26.2410502],[28.1937598,-26.2413085],[28.1936773,-26.2414324],[28.1935888,-26.2415719],[28.1934949,-26.2417018],[28.1934245,-26.241786],[28.1933065,-26.2419238],[28.1932206,-26.2420176],[28.1931167,-26.2421173],[28.1929478,-26.2422713],[28.1926167,-26.2425356],[28.1908447,-26.2439176],[28.1904935,-26.2441915],[28.1901614,-26.2444521],[28.1898393,-26.2447005],[28.1890014,-26.2453595],[28.1884338,-26.2458217],[28.188167,-26.2460621],[28.1879631,-26.2462678],[28.1877039,-26.2465506],[28.1847826,-26.249992],[28.184591,-26.2502406],[28.1843703,-26.2504759],[28.1841786,-26.2507014],[28.183511,-26.2514864],[28.1832227,-26.2518249],[28.1828357,-26.2522965],[28.1826075,-26.252595],[28.1824144,-26.2528582],[28.1822035,-26.2532466],[28.1821033,-26.253437],[28.1820278,-26.2535899],[28.1819349,-26.2537863],[28.1818662,-26.253952],[28.1817949,-26.2541285],[28.1816907,-26.2544413],[28.1815934,-26.2547685],[28.1815372,-26.2549894],[28.1814748,-26.255254],[28.1814368,-26.2555171],[28.1813958,-26.2558089],[28.1813699,-26.256128],[28.1813639,-26.256239],[28.1813604,-26.2564383],[28.1813629,-26.2566553],[28.1813793,-26.2569564],[28.1814286,-26.2575369],[28.1814793,-26.2580533],[28.1815356,-26.2586955],[28.1816405,-26.2598967],[28.1818412,-26.2618724],[28.1818853,-26.2623796],[28.1820039,-26.2636654],[28.1820625,-26.2643081],[28.1821523,-26.2652821],[28.1822229,-26.266035],[28.182375,-26.2676308],[28.1824175,-26.268181],[28.1826562,-26.2706529],[28.1826835,-26.2709978],[28.1826927,-26.2713073],[28.1826957,-26.2716127],[28.1826835,-26.2718922],[28.1826577,-26.2721853],[28.1826151,-26.2725002],[28.182553,-26.272812],[28.1824665,-26.2731501],[28.1823692,-26.2734772],[28.1822766,-26.2737615],[28.1821212,-26.274139],[28.1820345,-26.2743165],[28.1819312,-26.2745232],[28.1817166,-26.2749215],[28.1814497,-26.2753202],[28.1812325,-26.2756179],[28.1809756,-26.2759249],[28.1805821,-26.2763476],[28.1802469,-26.2767098],[28.1796336,-26.2773626],[28.1791954,-26.2778267],[28.178861,-26.2781843],[28.1785258,-26.2785397],[28.1782098,-26.2788744],[28.1778989,-26.2792096],[28.1774388,-26.2797044],[28.1771257,-26.28003],[28.1764312,-26.280767],[28.1761336,-26.2810806],[28.1760333,-26.2811861],[28.1758348,-26.2813791],[28.175593,-26.2816017],[28.1753926,-26.2817709],[28.1751387,-26.281969],[28.1748873,-26.28215],[28.1746869,-26.2822825],[28.1745164,-26.2823915],[28.1740632,-26.2826484],[28.1735685,-26.2829192],[28.173155,-26.2831405],[28.172724,-26.2833754],[28.1718017,-26.2838771],[28.1706995,-26.2844817],[28.1704544,-26.284613],[28.1702592,-26.2847294],[28.1700518,-26.2848597],[28.1697689,-26.2850566],[28.1696103,-26.2851819],[28.1693153,-26.2854206],[28.1690324,-26.2856702],[28.1687518,-26.2859456],[28.1685089,-26.2862132],[28.1683968,-26.2863402],[28.168276,-26.2864926],[28.168114,-26.2867015],[28.1679044,-26.2870008],[28.1676715,-26.2873767],[28.1672078,-26.2881454],[28.1664891,-26.2893364],[28.1657777,-26.2905151],[28.1654467,-26.2910678],[28.164548,-26.2925499],[28.163745,-26.2938854],[28.1633756,-26.2944999],[28.1630485,-26.2950454],[28.1629652,-26.2951761],[28.1624834,-26.2959802],[28.1621193,-26.2965863],[28.1615515,-26.297532],[28.1612334,-26.2980697],[28.1609327,-26.2985917],[28.1608393,-26.2987766],[28.1607037,-26.2990818],[28.1606072,-26.2993293],[28.1605342,-26.2995332],[28.1604539,-26.2998037],[28.1603955,-26.3000107],[28.1603438,-26.3002437],[28.1603123,-26.3003889],[28.16029,-26.3005288],[28.1602535,-26.3007538],[28.1602284,-26.3009352],[28.1602103,-26.3011595],[28.1601954,-26.3013775],[28.1601954,-26.3016102],[28.160197,-26.3017923],[28.1602048,-26.302018],[28.1602187,-26.3021796],[28.1602401,-26.3023963],[28.1602642,-26.3025564],[28.1603019,-26.302793],[28.1603563,-26.3030635],[28.1604977,-26.3036562],[28.1606174,-26.3041437],[28.1607042,-26.3045422],[28.1608412,-26.3051207],[28.1608752,-26.3052634],[28.1611331,-26.3063221],[28.1614253,-26.3075758],[28.1616885,-26.3086827],[28.1619348,-26.3097014],[28.1620509,-26.3101908],[28.1620732,-26.3102825],[28.1621199,-26.3104748],[28.1622116,-26.3108532],[28.1622348,-26.3109642],[28.1622646,-26.3110839],[28.1623312,-26.3113704],[28.1624084,-26.3116791],[28.1627423,-26.31307],[28.1632336,-26.315146],[28.1633085,-26.3154516],[28.1633745,-26.3157372],[28.1637401,-26.317271],[28.1638233,-26.3176373],[28.163879,-26.3179016],[28.163919,-26.3181948],[28.1639519,-26.3184922],[28.1639699,-26.3187734],[28.1639731,-26.319101],[28.1639699,-26.3192894],[28.1639511,-26.3195664],[28.163926,-26.3198476],[28.1638884,-26.3201049],[28.1638445,-26.3203214],[28.1637864,-26.3205942],[28.1637245,-26.3208198],[28.1636641,-26.321023],[28.1635825,-26.3212697],[28.163479,-26.3215397],[28.1633723,-26.3217935],[28.1632923,-26.3219622],[28.1631307,-26.3222708],[28.1630013,-26.3225007],[28.162846,-26.3227432],[28.1626445,-26.3230455],[28.1625056,-26.3232276],[28.1622923,-26.3234814],[28.1620201,-26.3237857],[28.1618147,-26.3239917],[28.1616445,-26.3241485],[28.1614013,-26.3243657],[28.1612398,-26.3244972],[28.1609503,-26.3247151],[28.160646,-26.3249246],[28.1604602,-26.3250427],[28.1601731,-26.3252086],[28.1599213,-26.3253464],[28.1593493,-26.3256341],[28.1588524,-26.3258806],[28.1577041,-26.3264565],[28.1588524,-26.3258806],[28.1593493,-26.3256341],[28.1599213,-26.3253464],[28.1601731,-26.3252086],[28.1604602,-26.3250427],[28.160646,-26.3249246],[28.1609503,-26.3247151],[28.1612398,-26.3244972],[28.1614013,-26.3243657],[28.1616445,-26.3241485],[28.1618147,-26.3239917],[28.1620201,-26.3237857],[28.1622923,-26.3234814],[28.1625056,-26.3232276],[28.1626445,-26.3230455],[28.162846,-26.3227432],[28.1630013,-26.3225007],[28.1631307,-26.3222708],[28.1632923,-26.3219622],[28.1633723,-26.3217935],[28.163479,-26.3215397],[28.1635825,-26.3212697],[28.1636641,-26.321023],[28.1637245,-26.3208198],[28.1637864,-26.3205942],[28.1638445,-26.3203214],[28.1638884,-26.3201049],[28.163926,-26.3198476],[28.1639511,-26.3195664],[28.1639699,-26.3192894],[28.1639731,-26.319101],[28.1639699,-26.3187734],[28.1639519,-26.3184922],[28.163919,-26.3181948],[28.163879,-26.3179016],[28.1638233,-26.3176373],[28.1637401,-26.317271],[28.1633745,-26.3157372],[28.1633085,-26.3154516],[28.1632336,-26.315146],[28.1627423,-26.31307],[28.1624084,-26.3116791],[28.1623312,-26.3113704],[28.1622646,-26.3110839],[28.1622885,-26.3112302],[28.1622974,-26.3113052],[28.1623317,-26.3115295],[28.1626391,-26.3128168],[28.1629408,-26.3140964],[28.1631837,-26.3151165],[28.163267,-26.3154584],[28.1633343,-26.3157472],[28.1634289,-26.3161435],[28.1637849,-26.3176548],[28.1638526,-26.3180117],[28.1638881,-26.3182672],[28.1639224,-26.3186718],[28.1639313,-26.3190795],[28.1639147,-26.3194891],[28.1638781,-26.319846],[28.163837,-26.3201403],[28.1637661,-26.3204962],[28.1636707,-26.320867],[28.1634721,-26.3214566],[28.1633235,-26.3218304],[28.1630573,-26.3223494],[28.1628587,-26.3226735],[28.162587,-26.3230662],[28.1624583,-26.3232252],[28.162221,-26.3235096],[28.1620069,-26.3237501],[28.1616996,-26.3240643],[28.161358,-26.3243566],[28.1611683,-26.3245057],[28.160901,-26.3247035],[28.1606038,-26.3249093],[28.1603121,-26.3250942],[28.1599127,-26.32531],[28.1593171,-26.3256152],[28.1576783,-26.3264399],[28.1566761,-26.3269293],[28.1562708,-26.3271468],[28.156084,-26.3272504],[28.1558675,-26.3273809],[28.1555503,-26.3275849],[28.155222,-26.3278219],[28.1550515,-26.3279707],[28.1546779,-26.3282896],[28.1542504,-26.3287186],[28.1540538,-26.3289407],[28.1538187,-26.3292428],[28.1535835,-26.3295702],[28.1533469,-26.3299477],[28.1532228,-26.3301571],[28.1529953,-26.3306209],[28.1528781,-26.3308934],[28.1527265,-26.331304],[28.1526202,-26.3316579],[28.1525592,-26.331896],[28.1525181,-26.3320961],[28.1524846,-26.3322867],[28.1524447,-26.3325398],[28.1524161,-26.3328013],[28.1524006,-26.3330126],[28.1523913,-26.3332171],[28.1523875,-26.333628],[28.1524043,-26.3354146],[28.1524269,-26.3376545],[28.1524165,-26.3381539],[28.1523977,-26.3389884],[28.1523985,-26.3394286],[28.1524129,-26.3408763],[28.1524228,-26.3425056],[28.152449,-26.3435248],[28.1524786,-26.3441357],[28.1524973,-26.3464139],[28.1525139,-26.3484502],[28.152531,-26.350002],[28.1525445,-26.3518417],[28.1525679,-26.3546703],[28.1526176,-26.3608613],[28.152618,-26.3610539],[28.1526222,-26.3617015],[28.1526247,-26.3618718],[28.1526382,-26.3620591],[28.1526502,-26.362121],[28.152671,-26.3623222],[28.15267,-26.3624567],[28.1526779,-26.3634137],[28.1526864,-26.3639001],[28.1526918,-26.3651903]]}},{"type":"Feature","properties":{"routeId":"jhb-germiston","source":"OpenStreetMap","license":"ODbL","stations":12},"geometry":{"type":"LineString","coordinates":[[28.042632,-26.1975842],[28.0431189,-26.1975409],[28.0437868,-26.197504],[28.0442695,-26.1975265],[28.0454839,-26.1976351],[28.0458729,-26.1976538],[28.0461498,-26.1976526],[28.0463684,-26.197642],[28.046881,-26.1975973],[28.0474358,-26.1975384],[28.047601,-26.1975208],[28.0477676,-26.1975032],[28.0482031,-26.1974573],[28.048496,-26.1974226],[28.0490646,-26.1973618],[28.0496637,-26.1973118],[28.0503019,-26.1972569],[28.0507052,-26.1972249],[28.0511513,-26.1972037],[28.0518438,-26.1971839],[28.0523349,-26.1971793],[28.0528151,-26.1971682],[28.0533868,-26.1971285],[28.0540546,-26.1971105],[28.0547222,-26.1971048],[28.0552146,-26.1971226],[28.0554444,-26.1971461],[28.0556449,-26.1971678],[28.0559182,-26.1972154],[28.0561749,-26.1972634],[28.0564544,-26.1973276],[28.0567295,-26.1973934],[28.0569229,-26.1974525],[28.0571393,-26.1975207],[28.0574546,-26.1976371],[28.0575666,-26.1976829],[28.0576945,-26.1977436],[28.0579952,-26.1978922],[28.0581819,-26.1980037],[28.0583043,-26.1980761],[28.0584114,-26.1981491],[28.058526,-26.1982291],[28.0586699,-26.1983369],[28.0588187,-26.1984541],[28.0589508,-26.1985698],[28.0590781,-26.1986862],[28.0591877,-26.1987988],[28.059214,-26.1988293],[28.0593636,-26.1990032],[28.0597651,-26.199504],[28.0598384,-26.1995954],[28.0599907,-26.1997814],[28.0600834,-26.1998957],[28.0602946,-26.2001731],[28.0604493,-26.2003589],[28.0606068,-26.2005619],[28.0607858,-26.2007985],[28.0609445,-26.2010254],[28.0610617,-26.2011852],[28.0613806,-26.2016136],[28.0609916,-26.2011518],[28.0609365,-26.2010775],[28.060748,-26.2008206],[28.0605697,-26.2005848],[28.0604128,-26.2003826],[28.0602585,-26.2001973],[28.0601112,-26.2000266],[28.0599696,-26.1998701],[28.0598246,-26.1997052],[28.0596597,-26.1995187],[28.0591056,-26.1988841],[28.0590922,-26.1988687],[28.0589855,-26.198751],[28.0590922,-26.1988687],[28.0591056,-26.1988841],[28.0596597,-26.1995187],[28.0598246,-26.1997052],[28.0599696,-26.1998701],[28.0601112,-26.2000266],[28.0602585,-26.2001973],[28.0604128,-26.2003826],[28.0605697,-26.2005848],[28.060748,-26.2008206],[28.0609365,-26.2010775],[28.0609916,-26.2011518],[28.0613806,-26.2016136],[28.0615373,-26.2018265],[28.061764,-26.2021283],[28.0619708,-26.2023558],[28.0621276,-26.2025208],[28.0623568,-26.2027455],[28.0626411,-26.2030173],[28.0636136,-26.2039297],[28.0643873,-26.2046556],[28.0645326,-26.2047884],[28.0646845,-26.2049183],[28.064903,-26.2050896],[28.0649997,-26.2051542],[28.0652082,-26.2053022],[28.0653289,-26.2053834],[28.0654595,-26.2054607],[28.0658258,-26.2056703],[28.0679807,-26.2069142],[28.0699944,-26.2080629],[28.0703018,-26.2082356],[28.0705769,-26.208377],[28.0708534,-26.2085161],[28.071143,-26.2086321],[28.0714428,-26.2087481],[28.0717882,-26.2088681],[28.0723684,-26.2090533],[28.072574,-26.209119],[28.0728259,-26.2091913],[28.0730436,-26.2092404],[28.0733353,-26.209297],[28.0737235,-26.2093463],[28.073918,-26.2093571],[28.0742707,-26.2093692],[28.0745423,-26.2093583],[28.0748072,-26.2093445],[28.0751055,-26.2093156],[28.0754334,-26.2092723],[28.0758063,-26.2092097],[28.0761864,-26.2091233],[28.076499,-26.2090322],[28.0770187,-26.208875],[28.0771454,-26.2088331],[28.0774477,-26.2087222],[28.0777557,-26.2086117],[28.0778638,-26.2085754],[28.0779981,-26.2085271],[28.0786681,-26.2082805],[28.0789109,-26.2081895],[28.0791362,-26.2080986],[28.0794491,-26.2079612],[28.0795704,-26.2079072],[28.079881,-26.2077659],[28.0800777,-26.2076806],[28.0802388,-26.2076171],[28.0804571,-26.2075332],[28.0806251,-26.2074725],[28.0807642,-26.2074248],[28.0813928,-26.2072232],[28.0820739,-26.2070048],[28.0824166,-26.2068941],[28.082782,-26.206772],[28.0830422,-26.2066787],[28.0837496,-26.206417],[28.0842469,-26.2062389],[28.0848882,-26.2060029],[28.0851806,-26.205902],[28.0853945,-26.2058371],[28.0855869,-26.2057865],[28.0857325,-26.2057546],[28.0859035,-26.2057215],[28.0860939,-26.2056891],[28.0862381,-26.2056722],[28.0864251,-26.2056536],[28.0866739,-26.2056373],[28.0869327,-26.2056331],[28.0871138,-26.2056385],[28.0873076,-26.2056475],[28.0875188,-26.2056686],[28.0876831,-26.2056891],[28.0878467,-26.2057155],[28.0880962,-26.2057682],[28.088418,-26.2058455],[28.0896652,-26.2061909],[28.0912121,-26.206619],[28.0914915,-26.2066876],[28.0917446,-26.2067496],[28.0920657,-26.2068216],[28.0923374,-26.2068628],[28.0924829,-26.2068755],[28.0926552,-26.2068899],[28.0929253,-26.2068961],[28.093187,-26.2068882],[28.0934016,-26.2068749],[28.0936041,-26.2068484],[28.0937784,-26.2068213],[28.0939219,-26.2067942],[28.0940634,-26.2067612],[28.0942116,-26.2067257],[28.094394,-26.2066733],[28.0945234,-26.20663],[28.0946656,-26.2065819],[28.0951101,-26.2064092],[28.0953805,-26.206308],[28.0958457,-26.2061234],[28.0960938,-26.2060242],[28.0962782,-26.205958],[28.0964868,-26.2058888],[28.096643,-26.2058407],[28.0968214,-26.2057913],[28.0970608,-26.2057336],[28.0973276,-26.2056746],[28.0979996,-26.2055223],[28.0983234,-26.205446],[28.0984991,-26.2053985],[28.0986587,-26.2053521],[28.0988787,-26.2052842],[28.0997784,-26.204994],[28.1018592,-26.2043215],[28.1024407,-26.2041307],[28.1026773,-26.2040556],[28.1029496,-26.2039714],[28.1031507,-26.203916],[28.1034243,-26.2038475],[28.1038132,-26.2037608],[28.1040613,-26.2037115],[28.1043725,-26.2036561],[28.1046809,-26.2036104],[28.1049679,-26.2035719],[28.105326,-26.2035418],[28.1056814,-26.2035226],[28.1062259,-26.2035141],[28.1065156,-26.203519],[28.106875,-26.203537],[28.1073095,-26.2035707],[28.1075858,-26.2035984],[28.1078486,-26.2036297],[28.1081178,-26.2036677],[28.1084737,-26.2037279],[28.1089477,-26.2038024],[28.1093983,-26.2038781],[28.1097718,-26.2039395],[28.1101781,-26.2040105],[28.1104289,-26.2040665],[28.1106468,-26.2041194],[28.1109191,-26.2041964],[28.1112134,-26.2042927],[28.1114448,-26.2043802],[28.1117226,-26.2044904],[28.112173,-26.2046805],[28.1124673,-26.2048017],[28.1129663,-26.2050206],[28.1134271,-26.2052557],[28.11375,-26.2054382],[28.1140431,-26.2056196],[28.1143054,-26.2057944],[28.1145465,-26.2059717],[28.1148321,-26.2061916],[28.1150375,-26.2063687],[28.1152423,-26.2065536],[28.115468,-26.206761],[28.1156877,-26.2069618],[28.1157472,-26.2070161],[28.1159775,-26.2072205],[28.1162373,-26.2074351],[28.1164656,-26.2075954],[28.1167793,-26.2077969],[28.1169743,-26.2079136],[28.1171472,-26.2080053],[28.1173641,-26.2081106],[28.1177587,-26.2082748],[28.1181221,-26.2084096],[28.1185057,-26.2085498],[28.1187142,-26.2086238],[28.118953,-26.208708],[28.1191964,-26.2087868],[28.1195404,-26.2088819],[28.1197918,-26.208945],[28.1200708,-26.2090064],[28.1202625,-26.2090503],[28.1205328,-26.209096],[28.1208365,-26.209146],[28.1211859,-26.2091893],[28.1213616,-26.2092091],[28.1215969,-26.2092362],[28.1224197,-26.2093258],[28.1231908,-26.2094077],[28.1272342,-26.209837],[28.1276928,-26.2098704],[28.1280768,-26.209874],[28.1283705,-26.2098562],[28.1286625,-26.2098267],[28.1288664,-26.2097891],[28.1290787,-26.2097445],[28.1292977,-26.2096891],[28.1295674,-26.2096048],[28.1298451,-26.2095043],[28.1301111,-26.2093879],[28.130413,-26.2092504],[28.1308204,-26.2090238],[28.1315822,-26.2085758],[28.1322376,-26.2082013],[28.1324085,-26.2081144],[28.1325672,-26.208042],[28.1327368,-26.2079885],[28.1329078,-26.2079283],[28.1330661,-26.2078742],[28.1332619,-26.2078218],[28.1333604,-26.2077977],[28.1334966,-26.2077677],[28.1336434,-26.2077436],[28.1338265,-26.2077141],[28.1340424,-26.2076858],[28.1346727,-26.2076203],[28.1350871,-26.2075794],[28.1354009,-26.2075523],[28.1356202,-26.2075403],[28.1358549,-26.2075366],[28.1360695,-26.2075457],[28.1362601,-26.2075607],[28.1364572,-26.2075839],[28.1366711,-26.2076077],[28.1368675,-26.2076281],[28.1370542,-26.207647],[28.1371833,-26.2076618],[28.1373643,-26.2076901],[28.1375313,-26.2077213],[28.1377123,-26.2077562],[28.1378786,-26.2077977],[28.1380771,-26.2078507],[28.1382722,-26.2079078],[28.1385143,-26.2079861],[28.1388965,-26.208119],[28.1395959,-26.2083585],[28.1399332,-26.2084764],[28.1401605,-26.2085702],[28.1403624,-26.2086629],[28.1404857,-26.2087146],[28.14064,-26.208794],[28.140766,-26.2088578],[28.141045,-26.2090419],[28.1412274,-26.2091803],[28.1413427,-26.2092741],[28.1414942,-26.2094113],[28.1416377,-26.2095641],[28.1421737,-26.2101259],[28.1427495,-26.2107281],[28.1430002,-26.2109866],[28.1431244,-26.2111099],[28.1432526,-26.2112307],[28.1434538,-26.211408],[28.1437108,-26.2116296],[28.1442254,-26.2120503],[28.1445015,-26.2122699],[28.1447076,-26.2124188],[28.1449677,-26.2125907],[28.1452267,-26.2127418],[28.1454784,-26.2128639],[28.1456578,-26.2129387],[28.1457838,-26.2129931],[28.1459208,-26.2130403],[28.1460544,-26.2130864],[28.1462304,-26.2131346],[28.146471,-26.213199],[28.1466425,-26.2132396],[28.1468412,-26.2132659],[28.1470631,-26.2133041],[28.1472971,-26.2133238],[28.1475746,-26.2133388],[28.1483883,-26.2133611],[28.1485572,-26.2133599],[28.1490909,-26.2133758],[28.1494839,-26.2133903],[28.14974,-26.2134041],[28.1499338,-26.2134179],[28.1501202,-26.213433],[28.1505179,-26.2134721],[28.1511542,-26.2135298],[28.1514294,-26.2135602],[28.1515715,-26.2135744],[28.1517832,-26.2136062],[28.1519931,-26.2136417],[28.1521145,-26.2136568],[28.1523491,-26.2136832],[28.1525014,-26.2136941],[28.1527642,-26.2137211],[28.1529386,-26.2137506],[28.1531473,-26.2137738],[28.1535546,-26.2137982],[28.1536443,-26.2138023],[28.153988,-26.2138258],[28.1546887,-26.2138697],[28.1549301,-26.2138818],[28.1552077,-26.213886],[28.1555181,-26.2138733],[28.1557583,-26.2138511],[28.1559272,-26.2138288],[28.1561331,-26.2137939],[28.156357,-26.2137482],[28.1566373,-26.2136742],[28.1568807,-26.2135954],[28.1570785,-26.2135145],[28.1572495,-26.2134408],[28.1574336,-26.2133521],[28.1576234,-26.213251],[28.1577548,-26.213174],[28.1578765,-26.2130973],[28.1580153,-26.2130022],[28.1581578,-26.2128979],[28.1582926,-26.2127896],[28.158421,-26.2126762],[28.1585564,-26.212548],[28.1588525,-26.2122349],[28.1595258,-26.2114946],[28.1597232,-26.2113102],[28.1598228,-26.2112152],[28.1598875,-26.2111421],[28.1599847,-26.2110191],[28.1600367,-26.2109422],[28.1601247,-26.2108094],[28.1602731,-26.210601],[28.1601845,-26.2107438],[28.1601013,-26.2109182],[28.1600134,-26.2110787],[28.1598667,-26.2113851],[28.1598218,-26.2114769],[28.1597802,-26.2115707],[28.1598218,-26.2114769],[28.1598667,-26.2113851],[28.1600134,-26.2110787],[28.1601013,-26.2109182],[28.1601845,-26.2107438],[28.1602731,-26.210601],[28.1602897,-26.2105781],[28.1604302,-26.2103806],[28.1604412,-26.2103648],[28.1605369,-26.2101973],[28.1605849,-26.2101115],[28.1606911,-26.2099538],[28.1607361,-26.2098985],[28.1609536,-26.2096394],[28.1610569,-26.2095394],[28.1611615,-26.209448],[28.1612708,-26.2093613],[28.1613546,-26.2093079],[28.161558,-26.2091829],[28.1617697,-26.2090801],[28.162003,-26.2089921],[28.1622611,-26.2089254],[28.1624489,-26.2088976],[28.1626792,-26.2088772],[28.1628743,-26.20888],[28.1630776,-26.2089032],[28.1632177,-26.2089267],[28.1634079,-26.2089522],[28.1635493,-26.2089613],[28.1636531,-26.2089701],[28.1638142,-26.2089853],[28.1639602,-26.2090008],[28.1641687,-26.2090339],[28.1644728,-26.2090879],[28.1650596,-26.2091854],[28.1653474,-26.209235],[28.1654821,-26.2092606],[28.1661292,-26.2093339],[28.166337,-26.2093695],[28.1665843,-26.2094149],[28.1668934,-26.2094805],[28.1676163,-26.2096609]]}},{"type":"Feature","properties":{"routeId":"jhb-rand","source":"OpenStreetMap","license":"ODbL","stations":21},"geometry":{"type":"LineString","coordinates":[[28.042632,-26.1975842],[28.0409066,-26.1977953],[28.0406323,-26.1978228],[28.0402992,-26.1978676],[28.0400922,-26.1978848],[28.0399981,-26.1978923],[28.0398221,-26.197895],[28.0396984,-26.1978941],[28.0394957,-26.1978776],[28.0392463,-26.1978433],[28.038795,-26.1977727],[28.0384438,-26.1976997],[28.0377969,-26.1975526],[28.0376693,-26.1975271],[28.0373998,-26.1974838],[28.037212,-26.1974645],[28.0369773,-26.1974527],[28.0367123,-26.1974535],[28.0365401,-26.1974626],[28.0362557,-26.1974632],[28.0359159,-26.1974449],[28.0358081,-26.1974391],[28.0356275,-26.1974283],[28.0328174,-26.1972602],[28.0304863,-26.1971308],[28.029923,-26.19712],[28.0292632,-26.1971287],[28.0287352,-26.1971606],[28.0283545,-26.197189],[28.0275238,-26.1972827],[28.0260568,-26.1974708],[28.0257145,-26.1975263],[28.0250636,-26.1976071],[28.0240042,-26.1977322],[28.0235073,-26.1977884],[28.0221597,-26.1979408],[28.0210165,-26.1980669],[28.0205295,-26.1981704],[28.0204228,-26.1981941],[28.0202501,-26.1982356],[28.0200689,-26.1983021],[28.0199141,-26.1983678],[28.0197436,-26.1984754],[28.0196179,-26.1985575],[28.0194834,-26.1986731],[28.0193583,-26.1988017],[28.0192716,-26.1989045],[28.0191812,-26.199039],[28.0191113,-26.1991611],[28.0190393,-26.1993128],[28.0189924,-26.199441],[28.0189576,-26.1995706],[28.0189269,-26.1997625],[28.0189093,-26.1999638],[28.0188963,-26.2004928],[28.0188967,-26.2005901],[28.0188863,-26.2012294],[28.0188859,-26.201289],[28.0188804,-26.2015426],[28.018876,-26.2018139],[28.0188616,-26.2020972],[28.0188462,-26.2022778],[28.0188274,-26.202371],[28.0188093,-26.2024667],[28.0187795,-26.2025845],[28.0187275,-26.2027489],[28.0186633,-26.2029196],[28.0185726,-26.2031044],[28.0185036,-26.2032205],[28.0184419,-26.2033222],[28.0182977,-26.2035099],[28.0182192,-26.2036008],[28.0180892,-26.2037253],[28.0179296,-26.2038655],[28.0177512,-26.2039991],[28.0176111,-26.2040875],[28.0174394,-26.2041964],[28.017312,-26.2042548],[28.0171531,-26.2043276],[28.016972,-26.2043943],[28.0167823,-26.2044533],[28.0165382,-26.2045075],[28.0161848,-26.2045574],[28.0160218,-26.2045652],[28.0158636,-26.2045652],[28.0156986,-26.2045532],[28.015474,-26.2045261],[28.0152098,-26.2044846],[28.0145842,-26.2043775],[28.0152098,-26.2044846],[28.015474,-26.2045261],[28.0156986,-26.2045532],[28.0158636,-26.2045652],[28.0160218,-26.2045652],[28.0161848,-26.2045574],[28.0165382,-26.2045075],[28.0167823,-26.2044533],[28.016972,-26.2043943],[28.0171531,-26.2043276],[28.017312,-26.2042548],[28.0174394,-26.2041964],[28.0176111,-26.2040875],[28.0177512,-26.2039991],[28.0179296,-26.2038655],[28.0180892,-26.2037253],[28.0182192,-26.2036008],[28.0182977,-26.2035099],[28.0184419,-26.2033222],[28.0185036,-26.2032205],[28.0185726,-26.2031044],[28.0186633,-26.2029196],[28.0187275,-26.2027489],[28.0187795,-26.2025845],[28.0188093,-26.2024667],[28.0188274,-26.202371],[28.0188462,-26.2022778],[28.0188616,-26.2020972],[28.018876,-26.2018139],[28.0188804,-26.2015426],[28.0188859,-26.201289],[28.0188863,-26.2012294],[28.0188704,-26.2010107],[28.0188608,-26.2009521],[28.0188495,-26.2006921],[28.018842,-26.2009494],[28.0188319,-26.2015157],[28.0188257,-26.2018262],[28.0188119,-26.2020866],[28.0188105,-26.2021604],[28.0187883,-26.2023672],[28.018745,-26.2025636],[28.0187134,-26.2026737],[28.0186665,-26.2027952],[28.0186015,-26.202939],[28.0185217,-26.2030954],[28.0184566,-26.2031971],[28.0183681,-26.2033294],[28.01824,-26.2034913],[28.0181395,-26.2036044],[28.0180234,-26.2037199],[28.0179215,-26.2038126],[28.0177968,-26.2039184],[28.0176479,-26.2040201],[28.0175138,-26.2041044],[28.0173174,-26.2042114],[28.0171088,-26.2043029],[28.0169036,-26.2043745],[28.0167065,-26.2044292],[28.0165181,-26.2044701],[28.0162988,-26.2045008],[28.0161573,-26.2045111],[28.0160051,-26.2045189],[28.0158415,-26.2045183],[28.015698,-26.2045099],[28.0155236,-26.204496],[28.0152903,-26.2044599],[28.0147633,-26.2043719],[28.0135716,-26.2041723],[28.0128073,-26.2040404],[28.0125971,-26.2040035],[28.0124237,-26.2039654],[28.0121898,-26.2039128],[28.0120355,-26.2038776],[28.0118951,-26.2038565],[28.0116976,-26.2038309],[28.0114942,-26.203803],[28.0101894,-26.2036146],[28.0096798,-26.2035232],[28.0072698,-26.2031231],[28.0063076,-26.2029606],[28.0059328,-26.2028983],[28.0050704,-26.2027549],[28.0045038,-26.2026586],[28.0042852,-26.2026171],[28.004029,-26.2025575],[28.0038124,-26.2024962],[28.003563,-26.2024167],[28.0033927,-26.2023572],[28.0028515,-26.202137],[28.0023178,-26.2019216],[28.0021119,-26.201847],[28.0019275,-26.2017808],[28.0017163,-26.20172],[28.0014937,-26.2016677],[28.0012912,-26.2016226],[28.0010786,-26.2015847],[28.0007882,-26.2015486],[28.0006226,-26.2015311],[28.0004214,-26.2015185],[28.0002404,-26.2015095],[27.9999521,-26.2015131],[27.9994605,-26.2015263],[27.9988093,-26.2015373],[27.9969783,-26.2015681],[27.9971439,-26.2015717],[27.9972195,-26.2015765],[27.9973873,-26.2015896],[27.9974563,-26.2015948],[27.9976313,-26.2015994],[27.9956977,-26.2016267],[27.9955227,-26.2016361],[27.9954355,-26.2016438],[27.9951859,-26.2016692],[27.9951028,-26.2016755],[27.9949372,-26.2016829],[27.9937958,-26.2016994],[27.9933661,-26.2017037],[27.993018,-26.2017159],[27.9927542,-26.2017283],[27.9924425,-26.2017475],[27.9922472,-26.2017531],[27.9914425,-26.2017818],[27.9912439,-26.2017866],[27.9907603,-26.2018012],[27.9904941,-26.201805],[27.9902266,-26.2018062],[27.9900485,-26.2018059],[27.9898222,-26.2018021],[27.9896164,-26.2017943],[27.9894254,-26.201785],[27.9893371,-26.2017778],[27.9890751,-26.201751],[27.9889142,-26.2017383],[27.9887276,-26.2017278],[27.9886965,-26.2017315],[27.9884501,-26.2017345],[27.9882355,-26.2017417],[27.9880994,-26.2017495],[27.9878721,-26.2017688],[27.9876374,-26.2018001],[27.987394,-26.2018374],[27.9871774,-26.2018819],[27.9869326,-26.2019408],[27.9866067,-26.2020251],[27.9859837,-26.2021911],[27.9857579,-26.2022481],[27.9855744,-26.20229],[27.9854199,-26.202318],[27.9852535,-26.2023446],[27.9850316,-26.2023683],[27.9849337,-26.2023734],[27.9848353,-26.2023813],[27.9845819,-26.2023858],[27.9844564,-26.2023842],[27.9843125,-26.2023773],[27.9841576,-26.2023669],[27.983979,-26.202348],[27.9838143,-26.202327],[27.9836724,-26.2022982],[27.9835095,-26.2022651],[27.9832862,-26.2022098],[27.9830696,-26.2021508],[27.9829227,-26.2021033],[27.9827108,-26.2020233],[27.9824614,-26.2019162],[27.9822649,-26.2018151],[27.9820979,-26.2017243],[27.9819625,-26.2016394],[27.9817647,-26.2015071],[27.9816587,-26.2014343],[27.9814837,-26.2012863],[27.9813315,-26.2011503],[27.9812604,-26.2010859],[27.9811787,-26.2009918],[27.9810738,-26.2008855],[27.9793174,-26.1990252],[27.9783886,-26.1980391],[27.9780384,-26.1976697],[27.9778252,-26.1974416],[27.9777199,-26.1973309],[27.9774617,-26.1970578],[27.977219,-26.1968002],[27.9769226,-26.1964814],[27.9766329,-26.1961775],[27.9757753,-26.1952666],[27.9750082,-26.1944447],[27.974284,-26.1936865],[27.9733962,-26.1927395],[27.9731407,-26.1924657],[27.9728135,-26.1921354],[27.9726136,-26.1919452],[27.9723743,-26.1917298],[27.9718707,-26.1913134],[27.9715441,-26.1910728],[27.9710177,-26.1906762],[27.9694646,-26.1895005],[27.9684509,-26.1887444],[27.9680304,-26.1884264],[27.9678655,-26.1883085],[27.967663,-26.1881845],[27.9673049,-26.1879896],[27.9670554,-26.1878692],[27.9667845,-26.1877549],[27.9664721,-26.1876298],[27.9658458,-26.1873818],[27.9649794,-26.1870377],[27.964223,-26.1867368],[27.9639441,-26.1866309],[27.9636262,-26.1865202],[27.9634492,-26.186469],[27.9632615,-26.1864191],[27.9628866,-26.1863348],[27.9626834,-26.1863005],[27.9624555,-26.1862741],[27.9622543,-26.1862518],[27.9619733,-26.1862313],[27.9615891,-26.1862259],[27.9613363,-26.1862325],[27.9611009,-26.1862488],[27.9609427,-26.1862662],[27.9606114,-26.1863048],[27.9602051,-26.1863661],[27.959792,-26.1864179],[27.9594178,-26.1864492],[27.9592549,-26.1864582],[27.9591134,-26.1864612],[27.9586709,-26.186454],[27.9582658,-26.1864203],[27.957889,-26.1863649],[27.9575758,-26.1863023],[27.9572915,-26.1862331],[27.9571085,-26.1861808],[27.9568315,-26.1860905],[27.9566203,-26.1860075],[27.9563434,-26.1858878],[27.9557305,-26.1856025],[27.9549775,-26.1852415],[27.9535715,-26.184577],[27.9533252,-26.1844616],[27.9527539,-26.1841885],[27.9521698,-26.1839062],[27.9513202,-26.1835097],[27.9507791,-26.1832521],[27.9498424,-26.1828093],[27.9489579,-26.1823928],[27.948115,-26.1819923],[27.9477616,-26.1818266],[27.947533,-26.1817213],[27.9472802,-26.1816124],[27.946955,-26.1814902],[27.9464809,-26.1813223],[27.9457189,-26.1810672],[27.9450003,-26.1808217],[27.9448528,-26.1807693],[27.9446121,-26.1806857],[27.9443723,-26.1806144],[27.9441878,-26.1805646],[27.9438747,-26.1804788],[27.9430548,-26.1803019],[27.9428686,-26.1802721],[27.9427736,-26.1802602],[27.9425454,-26.1802325],[27.9420271,-26.1801615],[27.9417521,-26.1801224],[27.9415745,-26.1800953],[27.9413371,-26.1800466],[27.9411165,-26.1799912],[27.9409287,-26.1799359],[27.9407503,-26.1798721],[27.9405612,-26.1798029],[27.9403641,-26.1797126],[27.9399745,-26.1795399],[27.939534,-26.1793407],[27.9391229,-26.1791524],[27.9388218,-26.1790128],[27.9383993,-26.1787894],[27.9380111,-26.1785861],[27.9377644,-26.1784622],[27.9375216,-26.1783466],[27.9371649,-26.178207],[27.9369704,-26.1781342],[27.9366365,-26.1780331],[27.9363964,-26.1779711],[27.9361383,-26.1779163],[27.9359069,-26.177873],[27.9357326,-26.1778483],[27.9355757,-26.1778267],[27.9353879,-26.1778068],[27.9352766,-26.1778008],[27.9350346,-26.1777894],[27.9348146,-26.177787],[27.9346745,-26.1777894],[27.934427,-26.1778014],[27.9341253,-26.1778273],[27.9339523,-26.1778501],[27.9336452,-26.1778989],[27.9334112,-26.177932],[27.9332596,-26.1779549],[27.9330157,-26.1779964],[27.9329523,-26.1780108],[27.9323155,-26.1781179],[27.9318742,-26.1782166],[27.9313968,-26.1783237],[27.9307175,-26.1784802],[27.9303481,-26.178562],[27.9297171,-26.1786999],[27.9290935,-26.1788431],[27.9285403,-26.1789652],[27.9268277,-26.1793498],[27.9260907,-26.1795183],[27.9250192,-26.1797584],[27.9238363,-26.1800225],[27.9233669,-26.1801266],[27.9229955,-26.1801952],[27.9227869,-26.1802205],[27.9224946,-26.1802476],[27.9222941,-26.1802608],[27.9220004,-26.1802626],[27.9216678,-26.1802548],[27.9213902,-26.1802331],[27.9210616,-26.180194],[27.9207833,-26.1801459],[27.9205292,-26.1800905],[27.9202395,-26.1800141],[27.9199934,-26.1799407],[27.9197312,-26.1798516],[27.9195254,-26.179768],[27.9193088,-26.1796741],[27.9191599,-26.1796019],[27.9189158,-26.1794725],[27.9187287,-26.1793666],[27.9185121,-26.1792366],[27.9182775,-26.1790982],[27.918022,-26.178955],[27.917853,-26.1788714],[27.9177068,-26.1787937],[27.9176411,-26.1787564],[27.9172388,-26.1785416],[27.9169645,-26.1783842],[27.9166909,-26.1782341],[27.9163342,-26.1780403],[27.9159647,-26.1778225],[27.915545,-26.1775649],[27.914861,-26.1771491],[27.9141817,-26.1767351],[27.9136386,-26.1764053],[27.9130988,-26.1760689],[27.9126137,-26.1757263],[27.9121982,-26.1754689],[27.9116095,-26.1751096],[27.9111502,-26.1748352],[27.910729,-26.1745897],[27.9102791,-26.1743147],[27.9100853,-26.1741955],[27.9100163,-26.1741438],[27.9098754,-26.1740373],[27.9098158,-26.1739951],[27.9095461,-26.1738075],[27.9094885,-26.1737737],[27.9090493,-26.1735047],[27.9082299,-26.1730088],[27.9080093,-26.1728698],[27.9074346,-26.1725243],[27.9066695,-26.1720585],[27.9060399,-26.1717059],[27.9058112,-26.1715855],[27.9055329,-26.1714435],[27.9052238,-26.1712906],[27.9046545,-26.171027],[27.9041154,-26.170799],[27.9038499,-26.1706961],[27.9036477,-26.1706176],[27.9035122,-26.1705641],[27.9026601,-26.1702692],[27.9023295,-26.1701747],[27.9020675,-26.1700936],[27.9014473,-26.1699089],[27.9009772,-26.1697711],[27.9005085,-26.1696308],[27.9000029,-26.1694792],[27.8993243,-26.1692794],[27.8984834,-26.1690284],[27.8978397,-26.1688376],[27.8972194,-26.1686547],[27.8965301,-26.1684519],[27.8953245,-26.1680938],[27.8951112,-26.1680306],[27.8945138,-26.1678507],[27.8939673,-26.16769],[27.8934583,-26.1675437],[27.892431,-26.1672549],[27.8921957,-26.1671965],[27.8916337,-26.1670695],[27.8909451,-26.1669124],[27.8903972,-26.1667878],[27.8898179,-26.1666566],[27.8892258,-26.1665194],[27.8874924,-26.1661252],[27.8861365,-26.1658117],[27.8857908,-26.1657358],[27.8848471,-26.1655216],[27.8840464,-26.1653386],[27.8834993,-26.1652189],[27.8832042,-26.1651587],[27.8829179,-26.1651093],[27.8826765,-26.1650666],[27.8823727,-26.1650208],[27.881963,-26.1649661],[27.881436,-26.1649023],[27.880701,-26.1648108],[27.8802243,-26.1647518],[27.8794008,-26.1646525],[27.8786431,-26.1645592],[27.877815,-26.1644599],[27.8768367,-26.164342],[27.8762533,-26.1642661],[27.8759093,-26.1642174],[27.8756323,-26.1641662],[27.8753956,-26.1641169],[27.875114,-26.1640441],[27.874825,-26.1639586],[27.8745608,-26.1638695],[27.8742966,-26.1637708],[27.8739808,-26.163636],[27.8736535,-26.1634735],[27.8734148,-26.1633453],[27.8731674,-26.1631973],[27.8727892,-26.1629517],[27.8725538,-26.1627778],[27.872228,-26.1625075],[27.872006,-26.1622999],[27.8718196,-26.1621121],[27.8716533,-26.1619394],[27.8714541,-26.1617035],[27.8712805,-26.1614799],[27.871254,-26.161445],[27.8712049,-26.1613586],[27.8710717,-26.1611639],[27.8709671,-26.160996],[27.8708901,-26.1608662],[27.8708069,-26.1607161],[27.8707274,-26.1605661],[27.8706561,-26.1604245],[27.8705886,-26.1602828],[27.8705194,-26.1601144],[27.8704659,-26.1599761],[27.8704064,-26.159811],[27.8703538,-26.1596466],[27.8702181,-26.1591959],[27.8699018,-26.1581325],[27.8697703,-26.157703],[27.869733,-26.1575782],[27.8696631,-26.1573959],[27.8696182,-26.1572924],[27.8695518,-26.1571046],[27.8694224,-26.1566676],[27.8692353,-26.1560441],[27.8691072,-26.1556173],[27.8689878,-26.1552183],[27.8688819,-26.1548662],[27.8687759,-26.1545309],[27.8686948,-26.1542908],[27.8685111,-26.1538062],[27.8683052,-26.1533163],[27.8681302,-26.1529178],[27.8679485,-26.1525025],[27.8678488,-26.1522799],[27.867823,-26.1522286],[27.867761,-26.1521122],[27.8677358,-26.152068],[27.8674389,-26.1515557],[27.8671753,-26.1511236],[27.8670191,-26.1508912],[27.8667925,-26.1505638],[27.866545,-26.1502273],[27.8662667,-26.1498523],[27.8658725,-26.1493178],[27.8655251,-26.1488471],[27.865277,-26.1485094],[27.8649981,-26.1481314],[27.8645662,-26.1475457],[27.8641109,-26.1469288],[27.8638112,-26.1465225],[27.863435,-26.1460114],[27.8631567,-26.1456358],[27.8628838,-26.1452632],[27.8625847,-26.1448593],[27.8623199,-26.1445029],[27.8621395,-26.1442531],[27.861766,-26.1437475],[27.8614012,-26.1432551],[27.8610452,-26.1427735],[27.8607333,-26.1423498],[27.8605261,-26.1420729],[27.8602653,-26.1417165],[27.859977,-26.141309],[27.8597905,-26.1410098],[27.8596564,-26.1407883],[27.859472,-26.1404578],[27.8593265,-26.1401725],[27.8592427,-26.1399973],[27.8591482,-26.1397914],[27.8590375,-26.1395386],[27.8589289,-26.1392515],[27.8588397,-26.1390071],[27.8587592,-26.1387608],[27.8586828,-26.1385056],[27.8586231,-26.1382829],[27.8585594,-26.1380535],[27.8584541,-26.1376165],[27.8583334,-26.1371795],[27.8582342,-26.1368628],[27.8581443,-26.1366335],[27.8580625,-26.1364372],[27.8579405,-26.1361868],[27.8578419,-26.1359923],[27.8576689,-26.135698],[27.8575516,-26.1355156],[27.8574114,-26.1353199],[27.8572927,-26.1351646],[27.857168,-26.1350105],[27.8570574,-26.1348823],[27.856938,-26.1347498],[27.8567711,-26.1345795],[27.8566208,-26.134432],[27.8563627,-26.1342062],[27.8561991,-26.1340684],[27.8560616,-26.1339576],[27.8558987,-26.133842],[27.8556673,-26.1336849],[27.8553998,-26.1335211],[27.8552201,-26.1334224],[27.8549559,-26.1332827],[27.854756,-26.133187],[27.8544784,-26.1330654],[27.8541894,-26.1329444],[27.8536718,-26.1327361],[27.8532051,-26.1325477],[27.8528731,-26.1324129],[27.852271,-26.1321696],[27.8515843,-26.1318921],[27.8511324,-26.1317079],[27.8506194,-26.1314966],[27.8500535,-26.1312702],[27.8495244,-26.1310698],[27.8492555,-26.130974],[27.8489799,-26.1308801],[27.8486715,-26.1307808],[27.8483979,-26.1306995],[27.8480612,-26.1306056],[27.8478212,-26.1305406],[27.8476428,-26.130496],[27.8474323,-26.1304449],[27.8470796,-26.1303672],[27.846753,-26.130298],[27.8462528,-26.1302041],[27.8455688,-26.1300807],[27.8448178,-26.1299458],[27.8443933,-26.1298681],[27.8441224,-26.1298182],[27.8435913,-26.1297261],[27.8428088,-26.129584],[27.8412464,-26.1293022],[27.8393447,-26.1289597],[27.8368892,-26.1285142],[27.8352383,-26.128218],[27.834559,-26.1280934],[27.8341654,-26.1280175],[27.8335277,-26.1278803],[27.8331844,-26.1278014],[27.8328337,-26.1277189],[27.8324823,-26.1276298],[27.8319881,-26.1275004],[27.8314228,-26.1273462],[27.8309555,-26.1272114],[27.8301883,-26.1269995],[27.808953046777624,-26.11163273453303],[27.77054582194475,-26.108673106302327],[27.748279009896308,-26.111842932573754],[27.738984350810526,-26.128472634725075],[27.7387968,-26.1295382],[27.7367663,-26.1343314],[27.7362017,-26.1356667],[27.73429,-26.1401827],[27.733663,-26.1416611],[27.7330729,-26.1430769],[27.7328315,-26.1436404],[27.7327282,-26.1438444],[27.7325733,-26.1441289],[27.7324094,-26.1443757],[27.7322375,-26.1445976],[27.7320226,-26.14485],[27.7318444,-26.1450324],[27.7316564,-26.1451948],[27.7311872,-26.1455774],[27.7308592,-26.1458396],[27.7306481,-26.1460027],[27.7303947,-26.146202],[27.7298001,-26.1466682],[27.7288841,-26.1473989],[27.7274773,-26.1485105],[27.7265738,-26.1492291],[27.7259229,-26.1497435],[27.7253856,-26.1501712],[27.7250194,-26.1504597],[27.7241714,-26.1511252],[27.7233655,-26.1517691],[27.7225023,-26.1524523],[27.7217626,-26.153035],[27.7214089,-26.1533211],[27.7206854,-26.153887],[27.7204108,-26.1541169],[27.7198004,-26.1546025],[27.7195405,-26.1548096],[27.7192006,-26.1550738],[27.7189826,-26.1552502],[27.7186577,-26.1555033],[27.7181763,-26.1558864],[27.7181058,-26.1559425],[27.71804,-26.1559927],[27.7179415,-26.1560695],[27.717791,-26.1561834],[27.716963,-26.1567221],[27.7165163,-26.1569965],[27.7161998,-26.1571944],[27.7159401,-26.1573573],[27.715633,-26.157569],[27.7153437,-26.1577872],[27.7150947,-26.157982],[27.71495,-26.1581097],[27.7147639,-26.1582789],[27.7144864,-26.1585407],[27.7142706,-26.1587642],[27.714107,-26.1589419],[27.7139607,-26.1591011],[27.7137371,-26.1593698],[27.7134905,-26.1597061],[27.7131905,-26.1601371],[27.7128769,-26.1605984],[27.7127324,-26.1608244],[27.7126593,-26.1609321],[27.7124471,-26.1612444],[27.7121328,-26.1617143],[27.7118755,-26.1620761],[27.7110905,-26.1631821],[27.7114013,-26.162671],[27.7107491,-26.1635862],[27.7097212,-26.165017],[27.7090323,-26.1659689],[27.708116,-26.1672469],[27.707537,-26.1680565],[27.7065518,-26.16942],[27.7053774,-26.1710545],[27.7048094,-26.1718393],[27.7042075,-26.1726829],[27.7035938,-26.1735356],[27.7020287,-26.175709],[27.7010822,-26.1770299],[27.7004975,-26.1778405],[27.6997646,-26.1788587],[27.6995205,-26.1791849],[27.6993826,-26.1793843],[27.6992758,-26.1795387],[27.699086,-26.1798528],[27.698968,-26.1800346],[27.6980124,-26.1813645],[27.697653,-26.1818627]]}},{"type":"Feature","properties":{"routeId":"jhb-soweto","source":"OpenStreetMap","license":"ODbL","stations":11},"geometry":{"type":"LineString","coordinates":[[27.9904941,-26.201805],[27.9902266,-26.2018062],[27.9900485,-26.2018059],[27.9898222,-26.2018021],[27.9896164,-26.2017943],[27.9894254,-26.201785],[27.9893371,-26.2017778],[27.989149,-26.2017663],[27.9890611,-26.2017636],[27.9889165,-26.2017626],[27.9888145,-26.2017634],[27.9886804,-26.2017709],[27.9885619,-26.201779],[27.9884296,-26.2017931],[27.9882697,-26.2018148],[27.9881259,-26.2018372],[27.9879715,-26.2018671],[27.9877075,-26.2019235],[27.9872277,-26.2020347],[27.9870991,-26.202062],[27.9869506,-26.2020902],[27.9868483,-26.2021054],[27.9866568,-26.2021317],[27.9865544,-26.202148],[27.9863779,-26.2021776],[27.985228,-26.2024416],[27.9845598,-26.2025779],[27.9844136,-26.2026119],[27.9843205,-26.2026374],[27.9842437,-26.2026601],[27.9841568,-26.2026925],[27.9839961,-26.2027482],[27.9839448,-26.2027714],[27.9828169,-26.2032468],[27.9804119,-26.2042608],[27.9795324,-26.2046409],[27.9793167,-26.2047291],[27.979103,-26.2047988],[27.9789564,-26.2048438],[27.978768,-26.2048913],[27.9785319,-26.2049298],[27.9783326,-26.2049498],[27.9781024,-26.2049624],[27.9778802,-26.2049581],[27.9776368,-26.2049346],[27.9774168,-26.2048991],[27.9771835,-26.2048414],[27.9769253,-26.2047559],[27.976651,-26.2046404],[27.9764512,-26.2045333],[27.9758882,-26.204198],[27.9753447,-26.2038717],[27.9752735,-26.2038276],[27.9750792,-26.2037101],[27.9745478,-26.2033456],[27.9743015,-26.203194],[27.9740915,-26.2030467],[27.9739427,-26.2029354],[27.9737757,-26.2028163],[27.973313,-26.2025287],[27.9724087,-26.2019332],[27.9710439,-26.2011112],[27.9708068,-26.2009754],[27.9693756,-26.2001557],[27.9679218,-26.1992773],[27.9677139,-26.1991486],[27.9674739,-26.199009],[27.9672083,-26.1988766],[27.9669562,-26.1987635],[27.9667255,-26.1986793],[27.9664828,-26.1986059],[27.9663125,-26.1985613],[27.966122,-26.1985204],[27.9658216,-26.1984735],[27.9651558,-26.1984079],[27.9648601,-26.1983802],[27.9646783,-26.1983736],[27.9644564,-26.1983682],[27.9638415,-26.1983586],[27.9630026,-26.1983369],[27.9625205,-26.1983273],[27.9622503,-26.1983291],[27.9620303,-26.1983351],[27.9616729,-26.1983453],[27.9614228,-26.1983508],[27.9608676,-26.1983423],[27.9605316,-26.1983357],[27.9597364,-26.1983159],[27.959501,-26.1983116],[27.9593079,-26.1983122],[27.9591282,-26.1983207],[27.9589216,-26.1983309],[27.9586494,-26.1983616],[27.9583765,-26.1984037],[27.9581472,-26.1984542],[27.9579386,-26.198506],[27.9577421,-26.1985643],[27.9574739,-26.1986516],[27.9572265,-26.1987473],[27.9570314,-26.1988303],[27.9568014,-26.1989398],[27.9566069,-26.1990463],[27.9564332,-26.1991498],[27.9562421,-26.1992731],[27.9560839,-26.199382],[27.9559316,-26.1995011],[27.9557922,-26.1996173],[27.9556567,-26.1997352],[27.9555394,-26.1998471],[27.9553751,-26.2000119],[27.9552644,-26.2001371],[27.9551471,-26.2002785],[27.9550465,-26.200409],[27.9549473,-26.2005372],[27.9548494,-26.2006888],[27.9547716,-26.2008121],[27.9546563,-26.2010017],[27.9545015,-26.2012795],[27.9541151,-26.2020173],[27.9539958,-26.2022718],[27.9539368,-26.2024071],[27.9539119,-26.2024625],[27.9536223,-26.2031153],[27.9534359,-26.2035172],[27.9532347,-26.2039515],[27.9530523,-26.2043499],[27.9529477,-26.204576],[27.952821,-26.2048528],[27.9526493,-26.205212],[27.9517347,-26.2071029],[27.9512706,-26.2080511],[27.9509421,-26.2087507],[27.9509315,-26.2087717],[27.9508195,-26.2089819],[27.9506779,-26.2093072],[27.9506068,-26.209445],[27.9504861,-26.2096802],[27.9503689,-26.2099018],[27.9502033,-26.2101689],[27.9499967,-26.210451],[27.9498117,-26.2106833],[27.9496406,-26.2108763],[27.9494548,-26.2110573],[27.9493216,-26.2111844],[27.9491666,-26.2113197],[27.9488064,-26.2116162],[27.9484659,-26.2118895],[27.9482981,-26.2120102],[27.9481775,-26.212094],[27.9480334,-26.2121836],[27.9478401,-26.2122863],[27.9477174,-26.212348],[27.9474978,-26.2124412],[27.947248,-26.2125348],[27.9470449,-26.2126052],[27.946753,-26.2127266],[27.9464553,-26.2128503],[27.945715,-26.2131046],[27.9454965,-26.2131935],[27.9453195,-26.2132778],[27.9449239,-26.2134763],[27.9447838,-26.2135479],[27.9446714,-26.2136053],[27.9446094,-26.2136352],[27.9445165,-26.2136751],[27.944388,-26.2137268],[27.9440262,-26.2138525],[27.9424067,-26.2144166],[27.9410864,-26.214875],[27.9409093,-26.214952],[27.9407985,-26.2150046],[27.9405616,-26.215123],[27.9403371,-26.2152351],[27.9402018,-26.2152903],[27.9398116,-26.215423],[27.9394804,-26.2155511],[27.9386207,-26.2159506],[27.9383001,-26.216101],[27.9370765,-26.2166737],[27.9370504,-26.2166869],[27.9362891,-26.216985],[27.9348702,-26.2176497],[27.9348485,-26.2176622],[27.9345135,-26.2178197],[27.93401,-26.2180507],[27.9336645,-26.2182157],[27.932635,-26.2186996],[27.9322556,-26.2188775],[27.9321892,-26.2189125],[27.9314322,-26.2192096],[27.9313581,-26.2192417],[27.9306934,-26.2195534],[27.9301012,-26.2198321],[27.9293845,-26.2201658],[27.9283015,-26.2206723],[27.9272489,-26.2211607],[27.9263318,-26.221581],[27.9258306,-26.2218182],[27.9251647,-26.2221527],[27.9248341,-26.2223123],[27.9241529,-26.2226339],[27.9217704,-26.2237504],[27.9214693,-26.2238929],[27.9217704,-26.2237504],[27.9241529,-26.2226339],[27.9248341,-26.2223123],[27.9251647,-26.2221527],[27.9258306,-26.2218182],[27.9263318,-26.221581],[27.9272489,-26.2211607],[27.9283015,-26.2206723],[27.9293845,-26.2201658],[27.9301012,-26.2198321],[27.9306934,-26.2195534],[27.9313581,-26.2192417],[27.9311051,-26.2193458],[27.9308315,-26.2194445],[27.9306031,-26.2195383],[27.9300698,-26.2197928],[27.929353,-26.2201261],[27.9282747,-26.2206326],[27.9272321,-26.2211204],[27.9263014,-26.2215511],[27.9257964,-26.2217761],[27.9253136,-26.2219854],[27.9249736,-26.2221334],[27.9245793,-26.2223085],[27.9240911,-26.2225341],[27.9219884,-26.2235199],[27.9216794,-26.2236869],[27.921427,-26.2238213],[27.9209697,-26.2240704],[27.9206261,-26.2242311],[27.9201275,-26.2244632],[27.9197366,-26.2246436],[27.9194409,-26.224773],[27.9191619,-26.2248788],[27.9188582,-26.2249793],[27.9185336,-26.2250659],[27.9183903,-26.2250945],[27.9181798,-26.2251395],[27.9178689,-26.2251929],[27.9176096,-26.2252295],[27.9171543,-26.2252626],[27.9167754,-26.225274],[27.9165025,-26.2252622],[27.9162433,-26.2252555],[27.9158488,-26.2252213],[27.9147678,-26.225114],[27.9139846,-26.2250364],[27.9136379,-26.2250034],[27.9134562,-26.2249913],[27.9131658,-26.2249775],[27.9129761,-26.2249769],[27.9127213,-26.2249811],[27.9124269,-26.225001],[27.9122566,-26.2250154],[27.9120567,-26.2250395],[27.9118744,-26.2250689],[27.9116195,-26.2251171],[27.9114325,-26.2251604],[27.9111924,-26.2252241],[27.9109966,-26.2252819],[27.9108618,-26.2253288],[27.9106412,-26.2254088],[27.9103991,-26.2255062],[27.910139,-26.2256259],[27.9099432,-26.2257246],[27.909734,-26.2258353],[27.9095194,-26.2259676],[27.9093081,-26.2261126],[27.9091077,-26.2262593],[27.9089333,-26.2264037],[27.9087516,-26.2265619],[27.9086322,-26.226672],[27.9084519,-26.2268537],[27.9083218,-26.2269908],[27.9081139,-26.227238],[27.9079778,-26.2274143],[27.9078616,-26.2275911],[27.9076765,-26.2278889],[27.9075092,-26.2282031],[27.9073891,-26.2284745],[27.9072722,-26.2287826],[27.9071816,-26.2290711],[27.9071173,-26.2293363],[27.9070261,-26.2298312],[27.9069746,-26.230189],[27.9067863,-26.2314839],[27.9067469,-26.2317678],[27.9066821,-26.2321005],[27.9066107,-26.2323928],[27.9065018,-26.2327184],[27.9064109,-26.2329516],[27.9062731,-26.2332406],[27.9061235,-26.2335091],[27.9060144,-26.2336879],[27.9058193,-26.233952],[27.9056831,-26.2341174],[27.9055229,-26.2342966],[27.9053733,-26.234453],[27.9051387,-26.2346685],[27.9049358,-26.234838],[27.9047009,-26.235027],[27.9045506,-26.2351333],[27.9043702,-26.2352566],[27.9041912,-26.2353691],[27.9039035,-26.2355357],[27.9036722,-26.2356566],[27.9035132,-26.2357366],[27.9032108,-26.2358755],[27.902956,-26.2359826],[27.9027448,-26.2360644],[27.9025148,-26.236151],[27.9021741,-26.2362659],[27.9018308,-26.2363639],[27.9012112,-26.2365431],[27.9002396,-26.2368141],[27.8992666,-26.2370784],[27.8989615,-26.2371608],[27.898702,-26.237218],[27.8984988,-26.2372547],[27.8982782,-26.2372817],[27.8980811,-26.2372956],[27.897884,-26.2373004],[27.8977371,-26.2373016],[27.8975447,-26.237292],[27.8972577,-26.2372625],[27.8969076,-26.2372053],[27.8966656,-26.2371452],[27.8964429,-26.2370772],[27.8961714,-26.2369756],[27.8959481,-26.2368794],[27.8957442,-26.2367753],[27.8955471,-26.2366562],[27.8953352,-26.2365173],[27.8951565,-26.2363766],[27.8950113,-26.2362559],[27.8948666,-26.2361176],[27.8947518,-26.2360057],[27.8945868,-26.2358466],[27.8942522,-26.2355386],[27.894203,-26.2354837],[27.8940618,-26.2353552],[27.8939662,-26.2352795],[27.8941771,-26.235579],[27.8943177,-26.2357553],[27.8946251,-26.2360877],[27.8947483,-26.236208],[27.8949066,-26.2363525],[27.8950589,-26.2364792],[27.895246,-26.2366171],[27.8954532,-26.2367579],[27.8956772,-26.236889],[27.8958924,-26.2369954],[27.8961011,-26.2370863],[27.896335,-26.2371759],[27.8966676,-26.2372793],[27.8968969,-26.2373323],[27.8972188,-26.2373924],[27.8975299,-26.2374177],[27.897829,-26.2374273],[27.898057,-26.2374237],[27.8983842,-26.2373984],[27.8986417,-26.2373563],[27.8988495,-26.2373142],[27.8991432,-26.2372468],[27.8995912,-26.2371229],[27.9002228,-26.2369485],[27.9012555,-26.2366658],[27.9021524,-26.2364197],[27.9024966,-26.2363193],[27.9030454,-26.2361656],[27.9033262,-26.236077],[27.9035836,-26.2359783],[27.9038371,-26.2358707],[27.9040577,-26.2357564],[27.9043099,-26.2356217],[27.904509,-26.2354978],[27.9047008,-26.2353624],[27.9048892,-26.2352223],[27.9047008,-26.2353624],[27.904509,-26.2354978],[27.9043099,-26.2356217],[27.9040577,-26.2357564],[27.9038371,-26.2358707],[27.9035836,-26.2359783],[27.9033262,-26.236077],[27.9030454,-26.2361656],[27.9024966,-26.2363193],[27.9021524,-26.2364197],[27.9012555,-26.2366658],[27.9002228,-26.2369485],[27.8995912,-26.2371229],[27.8991432,-26.2372468],[27.8988495,-26.2373142],[27.8986417,-26.2373563],[27.8983842,-26.2373984],[27.898057,-26.2374237],[27.897829,-26.2374273],[27.8975299,-26.2374177],[27.8972188,-26.2373924],[27.8968969,-26.2373323],[27.8966676,-26.2372793],[27.896335,-26.2371759],[27.8961011,-26.2370863],[27.8958924,-26.2369954],[27.8956772,-26.236889],[27.8954532,-26.2367579],[27.895246,-26.2366171],[27.8950589,-26.2364792],[27.8949066,-26.2363525],[27.8947483,-26.236208],[27.8946251,-26.2360877],[27.8943177,-26.2357553],[27.8941771,-26.235579],[27.8939662,-26.2352795],[27.8938962,-26.2351802],[27.8937768,-26.2350376],[27.8937668,-26.235028],[27.893642,-26.2348746],[27.8936052,-26.2348241],[27.8935636,-26.2347586],[27.893528,-26.2346972],[27.8934905,-26.2346208],[27.8934536,-26.2345426],[27.8933805,-26.2343598],[27.8932969,-26.2341816],[27.8931988,-26.2340109],[27.8930144,-26.2336795],[27.8926087,-26.2329547],[27.892319,-26.2324483],[27.8921977,-26.2322642],[27.8920488,-26.2320356],[27.8919006,-26.2318413],[27.8917332,-26.2316391],[27.8916544,-26.2315421],[27.891619,-26.2314901],[27.8915707,-26.23142],[27.8914433,-26.2312224],[27.891213,-26.2308123],[27.8910577,-26.2305902],[27.8909484,-26.230423],[27.8907942,-26.2301511],[27.890016,-26.228767],[27.8896046,-26.2280433],[27.8894611,-26.2278227],[27.889325,-26.2276272],[27.8892459,-26.2275225],[27.8891715,-26.2274323],[27.8890675,-26.2273036],[27.8889803,-26.2272052],[27.888867,-26.2270798],[27.8887607,-26.2269675],[27.8886136,-26.2268308],[27.8884339,-26.2266702],[27.8882717,-26.2265417],[27.8881301,-26.2264302],[27.8878538,-26.2262395],[27.8876218,-26.2260933],[27.8873831,-26.2259598],[27.8871484,-26.2258365],[27.8869513,-26.2257487],[27.8866495,-26.2256211],[27.8863075,-26.2255056],[27.8860386,-26.2254238],[27.885749,-26.2253541],[27.8854103,-26.2252879],[27.8851703,-26.225253],[27.8849591,-26.2252277],[27.8847512,-26.2252103],[27.884548,-26.2252007],[27.8843542,-26.2251965],[27.8841356,-26.2251983],[27.8839432,-26.2252067],[27.8837454,-26.2252205],[27.8834175,-26.2252554],[27.8831714,-26.2252933],[27.8828911,-26.2253522],[27.8826698,-26.2254016],[27.8825015,-26.2254485],[27.8823097,-26.2255044],[27.8819416,-26.2256344],[27.8818374,-26.225678],[27.8816827,-26.2257396],[27.8814856,-26.2258323],[27.8812744,-26.2259356],[27.8809867,-26.2260987],[27.8807519,-26.2262453],[27.8805964,-26.2263544],[27.8804309,-26.226476],[27.8801531,-26.2267015],[27.8799929,-26.2268422],[27.8798253,-26.2270064],[27.8795222,-26.2273311],[27.8793546,-26.227537],[27.8792071,-26.2277397],[27.8789037,-26.2281655],[27.877921,-26.2295249],[27.8766001,-26.2313544],[27.8761708,-26.231958],[27.8757281,-26.2325668],[27.875572,-26.2327935],[27.8752776,-26.2332013],[27.8749021,-26.2337252],[27.8744488,-26.2343544],[27.8738696,-26.2351589],[27.8734732,-26.2357113],[27.8730648,-26.2362809],[27.8722648,-26.2373939],[27.8717418,-26.2381202],[27.8712154,-26.2388461],[27.8706186,-26.2396798],[27.8701539,-26.2403233],[27.8695873,-26.2411088],[27.8692118,-26.2416296],[27.86879,-26.2422149],[27.8683381,-26.242844],[27.866703,-26.2451144],[27.8662988,-26.2456812],[27.8659127,-26.246218],[27.8655177,-26.2467641],[27.8649464,-26.247555],[27.864933,-26.2475736],[27.8647929,-26.2478075],[27.864703,-26.2479464],[27.8645729,-26.2481696],[27.8644019,-26.2484576],[27.8642873,-26.2486513],[27.8642108,-26.2487746],[27.8641451,-26.2488768],[27.8640358,-26.2490446],[27.8637589,-26.2494319],[27.8635979,-26.2496532],[27.8631225,-26.2503184],[27.8629944,-26.2504916],[27.8628597,-26.2506612],[27.8626665,-26.2508909],[27.8621809,-26.2514574],[27.8618933,-26.2518033],[27.8617056,-26.25206],[27.8618552,-26.2518189],[27.861974,-26.2516189],[27.8616728,-26.252039],[27.8611323,-26.2527865],[27.8603981,-26.2538028],[27.8599541,-26.2544239],[27.8596196,-26.2548865],[27.8593473,-26.2552636],[27.8590925,-26.2556202],[27.8587559,-26.2560893],[27.8585507,-26.2563653],[27.8583482,-26.2566179],[27.8581531,-26.2568494],[27.8579506,-26.2570719],[27.8577004,-26.2573196],[27.8575321,-26.2574724],[27.8573377,-26.2576468],[27.857111,-26.2578266],[27.8568542,-26.2580154],[27.8565934,-26.2581946],[27.8560599,-26.2585097],[27.855834,-26.2586347],[27.8554935,-26.2587952],[27.8545844,-26.2591592],[27.8535014,-26.2595603],[27.8513912,-26.2603487],[27.8492716,-26.2611346],[27.8478827,-26.2616506],[27.8456796,-26.2624708],[27.8453355,-26.2625989],[27.8430603,-26.2634426],[27.8420444,-26.2638214],[27.8398859,-26.2646212],[27.8383631,-26.2651882],[27.8381277,-26.2652754],[27.8378923,-26.2653554],[27.8376704,-26.2654269],[27.8373753,-26.2655117],[27.837089,-26.2655767],[27.8366484,-26.2656644],[27.8360579,-26.2657478],[27.8355967,-26.2657838],[27.8352404,-26.2657909],[27.8348119,-26.2657929],[27.8345005,-26.2657796],[27.8340668,-26.2657336],[27.8336397,-26.2656711],[27.8333279,-26.2656115],[27.8329154,-26.2655189],[27.8322775,-26.265327],[27.831858,-26.2651714],[27.8315288,-26.2650315],[27.8310897,-26.2648209],[27.8306921,-26.2645938],[27.8302978,-26.2643483],[27.8298742,-26.2640382],[27.8292683,-26.2635341],[27.8252842,-26.2600833],[27.8252677,-26.2600674],[27.8248709,-26.2597769],[27.8248545,-26.2597626],[27.8236993,-26.2587624],[27.8233028,-26.25842]]}},{"type":"Feature","properties":{"routeId":"jhb-midway","source":"OpenStreetMap","license":"ODbL","stations":14},"geometry":{"type":"LineString","coordinates":[[28.042632,-26.1975842],[28.0409066,-26.1977953],[28.0406323,-26.1978228],[28.0402992,-26.1978676],[28.0400922,-26.1978848],[28.0399981,-26.1978923],[28.0398221,-26.197895],[28.0396984,-26.1978941],[28.0394957,-26.1978776],[28.0392463,-26.1978433],[28.038795,-26.1977727],[28.0384438,-26.1976997],[28.0377969,-26.1975526],[28.0376693,-26.1975271],[28.0373998,-26.1974838],[28.037212,-26.1974645],[28.0369773,-26.1974527],[28.0367123,-26.1974535],[28.0365401,-26.1974626],[28.0362557,-26.1974632],[28.0359159,-26.1974449],[28.0358081,-26.1974391],[28.0356275,-26.1974283],[28.0328174,-26.1972602],[28.0304863,-26.1971308],[28.029923,-26.19712],[28.0292632,-26.1971287],[28.0287352,-26.1971606],[28.0283545,-26.197189],[28.0275238,-26.1972827],[28.0260568,-26.1974708],[28.0257145,-26.1975263],[28.0250636,-26.1976071],[28.0240042,-26.1977322],[28.0235073,-26.1977884],[28.0221597,-26.1979408],[28.0210165,-26.1980669],[28.0205295,-26.1981704],[28.0204228,-26.1981941],[28.0202501,-26.1982356],[28.0200689,-26.1983021],[28.0199141,-26.1983678],[28.0197436,-26.1984754],[28.0196179,-26.1985575],[28.0194834,-26.1986731],[28.0193583,-26.1988017],[28.0192716,-26.1989045],[28.0191812,-26.199039],[28.0191113,-26.1991611],[28.0190393,-26.1993128],[28.0189924,-26.199441],[28.0189576,-26.1995706],[28.0189269,-26.1997625],[28.0189093,-26.1999638],[28.0188963,-26.2004928],[28.0188967,-26.2005901],[28.0188863,-26.2012294],[28.0188859,-26.201289],[28.0188804,-26.2015426],[28.018876,-26.2018139],[28.0188616,-26.2020972],[28.0188462,-26.2022778],[28.0188274,-26.202371],[28.0188093,-26.2024667],[28.0187795,-26.2025845],[28.0187275,-26.2027489],[28.0186633,-26.2029196],[28.0185726,-26.2031044],[28.0185036,-26.2032205],[28.0184419,-26.2033222],[28.0182977,-26.2035099],[28.0182192,-26.2036008],[28.0180892,-26.2037253],[28.0179296,-26.2038655],[28.0177512,-26.2039991],[28.0176111,-26.2040875],[28.0174394,-26.2041964],[28.017312,-26.2042548],[28.0171531,-26.2043276],[28.016972,-26.2043943],[28.0167823,-26.2044533],[28.0165382,-26.2045075],[28.0161848,-26.2045574],[28.0160218,-26.2045652],[28.0158636,-26.2045652],[28.0156986,-26.2045532],[28.015474,-26.2045261],[28.0152098,-26.2044846],[28.0145842,-26.2043775],[28.0152098,-26.2044846],[28.015474,-26.2045261],[28.0156986,-26.2045532],[28.0158636,-26.2045652],[28.0160218,-26.2045652],[28.0161848,-26.2045574],[28.0165382,-26.2045075],[28.0167823,-26.2044533],[28.016972,-26.2043943],[28.0171531,-26.2043276],[28.017312,-26.2042548],[28.0174394,-26.2041964],[28.0176111,-26.2040875],[28.0177512,-26.2039991],[28.0179296,-26.2038655],[28.0180892,-26.2037253],[28.0182192,-26.2036008],[28.0182977,-26.2035099],[28.0184419,-26.2033222],[28.0185036,-26.2032205],[28.0185726,-26.2031044],[28.0186633,-26.2029196],[28.0187275,-26.2027489],[28.0187795,-26.2025845],[28.0188093,-26.2024667],[28.0188274,-26.202371],[28.0188462,-26.2022778],[28.0188616,-26.2020972],[28.018876,-26.2018139],[28.0188804,-26.2015426],[28.0188859,-26.201289],[28.0188863,-26.2012294],[28.0188704,-26.2010107],[28.0188608,-26.2009521],[28.0188495,-26.2006921],[28.018842,-26.2009494],[28.0188319,-26.2015157],[28.0188257,-26.2018262],[28.0188119,-26.2020866],[28.0188105,-26.2021604],[28.0187883,-26.2023672],[28.018745,-26.2025636],[28.0187134,-26.2026737],[28.0186665,-26.2027952],[28.0186015,-26.202939],[28.0185217,-26.2030954],[28.0184566,-26.2031971],[28.0183681,-26.2033294],[28.01824,-26.2034913],[28.0181395,-26.2036044],[28.0180234,-26.2037199],[28.0179215,-26.2038126],[28.0177968,-26.2039184],[28.0176479,-26.2040201],[28.0175138,-26.2041044],[28.0173174,-26.2042114],[28.0171088,-26.2043029],[28.0169036,-26.2043745],[28.0167065,-26.2044292],[28.0165181,-26.2044701],[28.0162988,-26.2045008],[28.0161573,-26.2045111],[28.0160051,-26.2045189],[28.0158415,-26.2045183],[28.015698,-26.2045099],[28.0155236,-26.204496],[28.0152903,-26.2044599],[28.0147633,-26.2043719],[28.0135716,-26.2041723],[28.0128073,-26.2040404],[28.0125971,-26.2040035],[28.0124237,-26.2039654],[28.0121898,-26.2039128],[28.0120355,-26.2038776],[28.0118951,-26.2038565],[28.0116976,-26.2038309],[28.0114942,-26.203803],[28.0101894,-26.2036146],[28.0096798,-26.2035232],[28.0072698,-26.2031231],[28.0063076,-26.2029606],[28.0059328,-26.2028983],[28.0050704,-26.2027549],[28.0045038,-26.2026586],[28.0042852,-26.2026171],[28.004029,-26.2025575],[28.0038124,-26.2024962],[28.003563,-26.2024167],[28.0033927,-26.2023572],[28.0028515,-26.202137],[28.0023178,-26.2019216],[28.0021119,-26.201847],[28.0019275,-26.2017808],[28.0017163,-26.20172],[28.0014937,-26.2016677],[28.0012912,-26.2016226],[28.0010786,-26.2015847],[28.0007882,-26.2015486],[28.0006226,-26.2015311],[28.0004214,-26.2015185],[28.0002404,-26.2015095],[27.9999521,-26.2015131],[27.9994605,-26.2015263],[27.9988093,-26.2015373],[27.9969783,-26.2015681],[27.9971439,-26.2015717],[27.9972195,-26.2015765],[27.9973873,-26.2015896],[27.9974563,-26.2015948],[27.9976313,-26.2015994],[27.9956977,-26.2016267],[27.9955227,-26.2016361],[27.9954355,-26.2016438],[27.9951859,-26.2016692],[27.9951028,-26.2016755],[27.9949372,-26.2016829],[27.9937958,-26.2016994],[27.9933661,-26.2017037],[27.993018,-26.2017159],[27.9927542,-26.2017283],[27.9924425,-26.2017475],[27.9922472,-26.2017531],[27.9914425,-26.2017818],[27.9912439,-26.2017866],[27.9907603,-26.2018012],[27.9904941,-26.201805],[27.9902266,-26.2018062],[27.9900485,-26.2018059],[27.9898222,-26.2018021],[27.9896164,-26.2017943],[27.9894254,-26.201785],[27.9893371,-26.2017778],[27.989149,-26.2017663],[27.9890611,-26.2017636],[27.9889165,-26.2017626],[27.9888145,-26.2017634],[27.9886804,-26.2017709],[27.9885619,-26.201779],[27.9884296,-26.2017931],[27.9882697,-26.2018148],[27.9881259,-26.2018372],[27.9879715,-26.2018671],[27.9877075,-26.2019235],[27.9872277,-26.2020347],[27.9870991,-26.202062],[27.9869506,-26.2020902],[27.9868483,-26.2021054],[27.9866568,-26.2021317],[27.9865544,-26.202148],[27.9863779,-26.2021776],[27.985228,-26.2024416],[27.9845598,-26.2025779],[27.9844136,-26.2026119],[27.9843205,-26.2026374],[27.9842437,-26.2026601],[27.9841568,-26.2026925],[27.9839961,-26.2027482],[27.9839448,-26.2027714],[27.9828169,-26.2032468],[27.9804119,-26.2042608],[27.9795324,-26.2046409],[27.9793167,-26.2047291],[27.979103,-26.2047988],[27.9789564,-26.2048438],[27.978768,-26.2048913],[27.9785319,-26.2049298],[27.9783326,-26.2049498],[27.9781024,-26.2049624],[27.9778802,-26.2049581],[27.9776368,-26.2049346],[27.9774168,-26.2048991],[27.9771835,-26.2048414],[27.9769253,-26.2047559],[27.976651,-26.2046404],[27.9764512,-26.2045333],[27.9758882,-26.204198],[27.9753447,-26.2038717],[27.9752735,-26.2038276],[27.9750792,-26.2037101],[27.9745478,-26.2033456],[27.9743015,-26.203194],[27.9737436,-26.2028578],[27.9732918,-26.2025844],[27.9712559,-26.2013569],[27.9709944,-26.2011992],[27.9696742,-26.2003967],[27.9702989,-26.2007177],[27.9708068,-26.2009754],[27.9693756,-26.2001557],[27.9679218,-26.1992773],[27.9677139,-26.1991486],[27.9674739,-26.199009],[27.9672083,-26.1988766],[27.9669562,-26.1987635],[27.9667255,-26.1986793],[27.9664828,-26.1986059],[27.9663125,-26.1985613],[27.966122,-26.1985204],[27.9658216,-26.1984735],[27.9651558,-26.1984079],[27.9648601,-26.1983802],[27.9646783,-26.1983736],[27.9644564,-26.1983682],[27.9638415,-26.1983586],[27.9630026,-26.1983369],[27.9625205,-26.1983273],[27.9622503,-26.1983291],[27.9620303,-26.1983351],[27.9616729,-26.1983453],[27.9614228,-26.1983508],[27.9608676,-26.1983423],[27.9605316,-26.1983357],[27.9597364,-26.1983159],[27.959501,-26.1983116],[27.9593079,-26.1983122],[27.9591282,-26.1983207],[27.9589216,-26.1983309],[27.9586494,-26.1983616],[27.9583765,-26.1984037],[27.9581472,-26.1984542],[27.9579386,-26.198506],[27.9577421,-26.1985643],[27.9574739,-26.1986516],[27.9572265,-26.1987473],[27.9570314,-26.1988303],[27.9568014,-26.1989398],[27.9566069,-26.1990463],[27.9564332,-26.1991498],[27.9562421,-26.1992731],[27.9560839,-26.199382],[27.9559316,-26.1995011],[27.9557922,-26.1996173],[27.9556567,-26.1997352],[27.9555394,-26.1998471],[27.9553751,-26.2000119],[27.9552644,-26.2001371],[27.9551471,-26.2002785],[27.9550465,-26.200409],[27.9549473,-26.2005372],[27.9548494,-26.2006888],[27.9547716,-26.2008121],[27.9546563,-26.2010017],[27.9545015,-26.2012795],[27.9541151,-26.2020173],[27.9539958,-26.2022718],[27.9539368,-26.2024071],[27.9539119,-26.2024625],[27.9536223,-26.2031153],[27.9534359,-26.2035172],[27.9532347,-26.2039515],[27.9530523,-26.2043499],[27.9529477,-26.204576],[27.952821,-26.2048528],[27.9526493,-26.205212],[27.9517347,-26.2071029],[27.9512706,-26.2080511],[27.9509421,-26.2087507],[27.9509315,-26.2087717],[27.9508195,-26.2089819],[27.9506779,-26.2093072],[27.9506068,-26.209445],[27.9504861,-26.2096802],[27.9503689,-26.2099018],[27.9502033,-26.2101689],[27.9499967,-26.210451],[27.9498117,-26.2106833],[27.9496406,-26.2108763],[27.9494548,-26.2110573],[27.9493216,-26.2111844],[27.9491666,-26.2113197],[27.9488064,-26.2116162],[27.9484659,-26.2118895],[27.9482981,-26.2120102],[27.9481775,-26.212094],[27.9480334,-26.2121836],[27.9478401,-26.2122863],[27.9477174,-26.212348],[27.9474978,-26.2124412],[27.947248,-26.2125348],[27.9470449,-26.2126052],[27.946753,-26.2127266],[27.9464553,-26.2128503],[27.945715,-26.2131046],[27.9454965,-26.2131935],[27.9453195,-26.2132778],[27.9449239,-26.2134763],[27.9447838,-26.2135479],[27.9446714,-26.2136053],[27.9446094,-26.2136352],[27.9445165,-26.2136751],[27.944388,-26.2137268],[27.9440262,-26.2138525],[27.9424067,-26.2144166],[27.9410864,-26.214875],[27.9409093,-26.214952],[27.9407985,-26.2150046],[27.9405616,-26.215123],[27.9403371,-26.2152351],[27.9401786,-26.2153148],[27.9400315,-26.2153959],[27.9396503,-26.2156077],[27.9394296,-26.2157224],[27.9394057,-26.2157341],[27.9388414,-26.2159986],[27.9388215,-26.2160078],[27.9376712,-26.2165456],[27.9369678,-26.2168704],[27.9363093,-26.2171772],[27.9360913,-26.2172789],[27.9357715,-26.2174437],[27.9354805,-26.2176073],[27.9353008,-26.217724],[27.9349809,-26.2179436],[27.9347818,-26.2180994],[27.9344948,-26.2183412],[27.9342976,-26.2185217],[27.9341327,-26.2186877],[27.9340234,-26.2188038],[27.9338725,-26.2189747],[27.9336606,-26.2192339],[27.9335493,-26.2193783],[27.9334011,-26.2195955],[27.9332596,-26.2198163],[27.9330786,-26.2201375],[27.9329699,-26.2203468],[27.9329183,-26.2204656],[27.9328755,-26.220564],[27.932858,-26.2206127],[27.9328472,-26.220637],[27.9328139,-26.2207275],[27.9327473,-26.2209087],[27.9325488,-26.2214585],[27.932393,-26.221891],[27.9322893,-26.2221665],[27.932182,-26.2224053],[27.9320674,-26.2226477],[27.9319735,-26.2228168],[27.931834,-26.223052],[27.9317126,-26.2232463],[27.9315604,-26.2234574],[27.9313881,-26.223683],[27.9312178,-26.2238845],[27.9310971,-26.2240193],[27.9309073,-26.2242148],[27.9307618,-26.2243531],[27.9305942,-26.2245035],[27.9304567,-26.2246256],[27.9303186,-26.2247375],[27.9301617,-26.2248566],[27.9299015,-26.2250401],[27.9295803,-26.225238],[27.9293717,-26.2253571],[27.929127,-26.2254906],[27.928321,-26.2259129],[27.9278523,-26.2261583],[27.9272788,-26.2264676],[27.926939,-26.2266509],[27.9264662,-26.2268994],[27.9261249,-26.2270834],[27.9258788,-26.2272104],[27.9256542,-26.2273367],[27.9254014,-26.2274919],[27.9252432,-26.2275923],[27.9251191,-26.2276813],[27.9249709,-26.2277926],[27.9248381,-26.2279009],[27.9247148,-26.2280044],[27.9245632,-26.2281463],[27.9243654,-26.2283376],[27.9237582,-26.228951],[27.9228904,-26.2298383],[27.9225294,-26.2302035],[27.922169,-26.2305715],[27.9219038,-26.2308435],[27.9216349,-26.2311159],[27.9211007,-26.2316596],[27.9207711,-26.2320007],[27.9206446,-26.2321292],[27.9199806,-26.2328003],[27.9197681,-26.2330209],[27.9195814,-26.233219],[27.9194603,-26.2333535],[27.9193685,-26.2334658],[27.9192204,-26.2336529],[27.9190895,-26.2338371],[27.9190274,-26.233932],[27.9189037,-26.2341302],[27.9188079,-26.234299],[27.9187481,-26.2344135],[27.9184156,-26.2351339],[27.9183593,-26.2352722],[27.918207,-26.2356241],[27.9178887,-26.2362367],[27.9178329,-26.2363675],[27.9176996,-26.2366729],[27.9171824,-26.2378784],[27.9168478,-26.2386555],[27.9166659,-26.2390563],[27.9165629,-26.2392557],[27.9164435,-26.2394614],[27.9162752,-26.2397182],[27.9160646,-26.2400045],[27.9157314,-26.240434],[27.9154484,-26.2407948],[27.9152533,-26.2410432],[27.9152077,-26.2411004],[27.9149421,-26.241442],[27.9147504,-26.2416892],[27.9145592,-26.241934],[27.9143386,-26.2422269],[27.9141609,-26.2424488],[27.913941,-26.2427339],[27.9137257,-26.24301],[27.9134884,-26.2433191],[27.9132161,-26.2436655],[27.9127662,-26.2442411],[27.9124537,-26.2446434],[27.912109,-26.2450819],[27.9117144,-26.2455911],[27.91101,-26.2465076],[27.9106218,-26.2469998],[27.9103294,-26.2473546],[27.9101681,-26.2475326],[27.9100156,-26.2477215],[27.9097675,-26.2480162],[27.9096588,-26.2481351],[27.9093012,-26.2485111],[27.9088003,-26.2490377],[27.9063659,-26.2516066],[27.9047248,-26.2533367],[27.9045901,-26.2534817],[27.9037186,-26.2543975],[27.8993082,-26.2590504],[27.8988824,-26.2594984],[27.898776,-26.2596072],[27.8985381,-26.2598628],[27.8973053,-26.2611623],[27.8967581,-26.2617384],[27.8963249,-26.2621972],[27.8958294,-26.2627198],[27.895354,-26.2632213],[27.8947726,-26.263834],[27.8940243,-26.2646218],[27.893469,-26.2652098],[27.8920146,-26.2667402],[27.8911154,-26.2676897],[27.8906634,-26.2681641],[27.8903832,-26.2684666],[27.8900338,-26.268769],[27.8899721,-26.2688388],[27.8896925,-26.269134],[27.8893961,-26.2694713],[27.8892171,-26.2696836],[27.8889576,-26.2699921],[27.888798,-26.2701839],[27.888566,-26.2704719],[27.8883909,-26.2707184],[27.8882676,-26.2709181],[27.8881133,-26.2712097],[27.8880208,-26.2714285],[27.8879578,-26.2715987],[27.8879021,-26.2717544],[27.8878431,-26.2719679],[27.8877988,-26.2721627],[27.8877626,-26.2723822],[27.8877016,-26.2728644],[27.8877626,-26.2723822],[27.8877988,-26.2721627],[27.8878431,-26.2719679],[27.8879021,-26.2717544],[27.8879578,-26.2715987],[27.8880208,-26.2714285],[27.8881133,-26.2712097],[27.8882676,-26.2709181],[27.8883909,-26.2707184],[27.888566,-26.2704719],[27.888798,-26.2701839],[27.8889576,-26.2699921],[27.8892171,-26.2696836],[27.8893961,-26.2694713],[27.8891218,-26.2698556],[27.8890313,-26.269962],[27.8888731,-26.2701749],[27.8887524,-26.2703474],[27.8886511,-26.270502],[27.8885418,-26.2706829],[27.8884372,-26.2708874],[27.8883031,-26.2711754],[27.8881998,-26.2714219],[27.8881274,-26.2716119],[27.8880845,-26.2717352],[27.8880349,-26.2718885],[27.8880094,-26.2719751],[27.8879618,-26.2721585],[27.8879169,-26.2724008],[27.8878914,-26.27258],[27.8876701,-26.2744103],[27.8875957,-26.2750044],[27.8875514,-26.2752617],[27.8874884,-26.2755683],[27.887426,-26.2758882],[27.8873737,-26.2761023],[27.8873134,-26.2764354],[27.8873026,-26.2765238],[27.8872698,-26.2767637],[27.8872128,-26.2770366],[27.8871444,-26.2773078],[27.8871035,-26.2774287],[27.8870049,-26.2776908],[27.8868949,-26.2779319],[27.8868084,-26.2780985],[27.8867012,-26.2782764],[27.8866006,-26.2784291],[27.8864121,-26.2786871],[27.8862948,-26.2788302],[27.8860688,-26.2790665],[27.8857946,-26.2793226],[27.8855793,-26.279494],[27.8853393,-26.2796653],[27.8851596,-26.2797765],[27.8849041,-26.279919],[27.8845849,-26.2800784],[27.8839733,-26.2803291],[27.8833564,-26.2805768],[27.8828629,-26.2807758],[27.8823761,-26.2809718],[27.881607,-26.2812821],[27.8810636,-26.2815041],[27.8806921,-26.2816568],[27.8804972,-26.2817288],[27.8799829,-26.281935],[27.8796469,-26.2820763],[27.8793298,-26.2822248],[27.8791118,-26.2823318],[27.8788959,-26.2824503],[27.87868,-26.2825771],[27.8784721,-26.2827046],[27.8782562,-26.2828441],[27.8780839,-26.2829649],[27.8779317,-26.2830743],[27.8777667,-26.2832024],[27.8775749,-26.2833563],[27.8774073,-26.2834994],[27.8772336,-26.2836569],[27.8770164,-26.2838728],[27.8768514,-26.2840405],[27.8766502,-26.2842654],[27.8765215,-26.2844187],[27.8763579,-26.2846231],[27.8761983,-26.2848287],[27.8760112,-26.2850794],[27.8758959,-26.2852309],[27.8756109,-26.2856151],[27.8753836,-26.2859115],[27.8751556,-26.2861947],[27.8749605,-26.2864153],[27.8747848,-26.2866059],[27.8746144,-26.286776],[27.874424,-26.2869516],[27.8741806,-26.2871656],[27.8740069,-26.2873099],[27.8737944,-26.2874825],[27.8735791,-26.287631],[27.8732754,-26.2878336],[27.8730447,-26.2879754],[27.8727932,-26.2881191],[27.8725149,-26.2882682],[27.8723104,-26.2883686],[27.8719866,-26.2885147],[27.871839,-26.2885718],[27.8711544,-26.2888436],[27.8705673,-26.2890658],[27.870337,-26.2891604],[27.8693338,-26.2895458],[27.8689101,-26.2897063],[27.8686211,-26.2898055],[27.8683347,-26.2898879],[27.8680316,-26.2899696],[27.8678104,-26.2900195],[27.867353,-26.2901121],[27.8666,-26.2902558],[27.8655003,-26.2904752],[27.8638851,-26.2907529],[27.8622965,-26.2910601],[27.8610092,-26.2913008],[27.8596756,-26.2915693],[27.8592072,-26.2916534],[27.8585321,-26.2917424],[27.8584385,-26.2917597],[27.8581467,-26.2917993],[27.8577755,-26.2918315],[27.8576615,-26.2918507],[27.8575154,-26.291873],[27.8570104,-26.291971],[27.8567865,-26.2920191],[27.8565789,-26.2920802],[27.8553903,-26.2923321],[27.853202,-26.2927555],[27.8529924,-26.2927957],[27.8528093,-26.2928246],[27.8526227,-26.2928432],[27.8520791,-26.2928887],[27.8518925,-26.2929052],[27.8516949,-26.2929342],[27.8514581,-26.2929748]]}},{"type":"Feature","properties":{"routeId":"pta-irene","source":"OpenStreetMap","license":"ODbL","stations":6},"geometry":{"type":"LineString","coordinates":[[28.189866445989118,-25.75864361043285],[28.193278224251035,-25.783934589307606],[28.1934024,-25.7844835],[28.1936424,-25.7850679],[28.1938533,-25.7855902],[28.1940826,-25.7861572],[28.1942171,-25.7864841],[28.1946704,-25.7876008],[28.1950667,-25.7885771],[28.1953154,-25.789199],[28.1953724,-25.7893421],[28.1954724,-25.7896047],[28.1955314,-25.7897798],[28.195581,-25.7899338],[28.1956125,-25.7900424],[28.1956601,-25.790226],[28.1957017,-25.790395],[28.1957439,-25.7906027],[28.1957775,-25.7907959],[28.1958003,-25.790965],[28.1958368,-25.7913061],[28.1958499,-25.7915253],[28.1958519,-25.7916943],[28.1958532,-25.7919105],[28.1958445,-25.7921423],[28.1958311,-25.7923464],[28.1958063,-25.7925782],[28.1957775,-25.7927654],[28.1957419,-25.7929912],[28.1957037,-25.7931934],[28.1956105,-25.7936704],[28.1955656,-25.7939463],[28.1955461,-25.794087],[28.1955287,-25.7942089],[28.1955166,-25.7943435],[28.1955099,-25.7944486],[28.1954992,-25.7946321],[28.1954952,-25.7947951],[28.1954935,-25.7949156],[28.1954957,-25.7950952],[28.1955072,-25.7953288],[28.1955213,-25.7954756],[28.1955408,-25.7956941],[28.1955897,-25.7960074],[28.1956326,-25.7962296],[28.1957459,-25.796715],[28.1957996,-25.7969378],[28.1958398,-25.7971099],[28.1958995,-25.7973387],[28.1960229,-25.797847],[28.196043,-25.7979279],[28.1961865,-25.7985123],[28.1963059,-25.7989953],[28.1964245,-25.799477],[28.1965385,-25.7999353],[28.1966284,-25.8003005],[28.1967363,-25.8007279],[28.196855,-25.8012109],[28.1969449,-25.8015773],[28.1970549,-25.8020319],[28.1971923,-25.8025903],[28.1973375,-25.8031421],[28.1975584,-25.803843],[28.1977046,-25.8042481],[28.1978052,-25.8045065],[28.1979387,-25.8048204],[28.1980989,-25.8051741],[28.1982907,-25.8055623],[28.1985502,-25.806067],[28.1987715,-25.8064986],[28.1993639,-25.8076429],[28.1995051,-25.8079281],[28.1996378,-25.808201],[28.1997377,-25.8084328],[28.1998732,-25.8087521],[28.1999912,-25.8090425],[28.2001253,-25.8094246],[28.2002333,-25.8097427],[28.2003158,-25.8100096],[28.2004405,-25.810478],[28.2007516,-25.8116817],[28.2008763,-25.8121839],[28.2010614,-25.8129119],[28.2012726,-25.8137407],[28.201508,-25.8146353],[28.2015791,-25.8148701],[28.2016676,-25.8151701],[28.2017856,-25.8155166],[28.2019164,-25.8158764],[28.202019,-25.8161598],[28.2021725,-25.8165766],[28.2024924,-25.8174555],[28.2028598,-25.8184345],[28.2030302,-25.8189054],[28.2031663,-25.8192724],[28.2033024,-25.8196243],[28.2033976,-25.819853],[28.2036444,-25.8204026],[28.2039683,-25.8210602],[28.2044846,-25.8220936],[28.2049439,-25.8230032],[28.205241,-25.8235953],[28.2060657,-25.8252347],[28.206462,-25.8260236],[28.2067913,-25.8266833],[28.2072178,-25.8275337],[28.2070796,-25.8272971],[28.2069998,-25.8271655],[28.2069059,-25.8270056],[28.2068156,-25.8268234],[28.2062309,-25.8256536],[28.2057171,-25.8246441],[28.2062309,-25.8256536],[28.2068156,-25.8268234],[28.2069059,-25.8270056],[28.2074887,-25.8281578],[28.2075229,-25.828232],[28.207895,-25.8289714],[28.208062,-25.8293046],[28.2081812,-25.8295374],[28.2084415,-25.8300548],[28.2087298,-25.8306336],[28.2090148,-25.8311991],[28.2093032,-25.8317701],[28.2096042,-25.8323706],[28.2099617,-25.8330852],[28.2102433,-25.8336489],[28.2104498,-25.8340515],[28.2109191,-25.8349977],[28.2112989,-25.8357529],[28.2115334,-25.8362206],[28.2117748,-25.8366992],[28.2119834,-25.8371192],[28.2121523,-25.8374608],[28.2123582,-25.8378676],[28.2126284,-25.8384077],[28.2126881,-25.8385266],[28.2130167,-25.8391802],[28.2132567,-25.8396546],[28.2135129,-25.8401471],[28.2136041,-25.8403142],[28.2137201,-25.8405122],[28.2138696,-25.8407506],[28.2140641,-25.8410318],[28.2142539,-25.8412762],[28.2144195,-25.8414754],[28.2146139,-25.8416999],[28.2147521,-25.8418459],[28.2149492,-25.8420457],[28.2152979,-25.84238],[28.2160489,-25.8430746],[28.2166015,-25.8435858],[28.217038,-25.8439931],[28.2176039,-25.8445158],[28.218308,-25.8451693],[28.2188431,-25.845672],[28.2190892,-25.8459122],[28.2192937,-25.8461313],[28.2195707,-25.8464469],[28.2196947,-25.8466026],[28.2198986,-25.8468723],[28.2200307,-25.8470564],[28.220211,-25.8473268],[28.2203673,-25.8475784],[28.2205047,-25.8478222],[28.2206429,-25.8480793],[28.2207696,-25.8483406],[28.2209118,-25.8486689],[28.2210144,-25.8489271],[28.2215837,-25.8503887],[28.2219411,-25.8513054],[28.2223233,-25.8522799],[28.2224795,-25.8526999],[28.2225452,-25.85289],[28.2226203,-25.8531302],[28.2226834,-25.8533522],[28.2227243,-25.8535055],[28.2227531,-25.8536334],[28.2227766,-25.8537439],[28.2228195,-25.853969],[28.2228591,-25.8541898],[28.2228865,-25.8543956],[28.2229167,-25.8546327],[28.2229362,-25.8548524],[28.222957,-25.8552603],[28.2229549,-25.8554437],[28.2229502,-25.8557503],[28.2229409,-25.8559259],[28.2229214,-25.8563634],[28.2229087,-25.8565721],[28.2228671,-25.8574127],[28.2228423,-25.8579691],[28.2228175,-25.8584554],[28.2227853,-25.8590944],[28.2227451,-25.8598704],[28.2227089,-25.8605625],[28.2226753,-25.8613011],[28.2226561,-25.8616403],[28.2226405,-25.8619166],[28.2226344,-25.8620505],[28.2226042,-25.8626267],[28.222566,-25.8633598],[28.2225459,-25.8637599],[28.2225305,-25.864166],[28.2225291,-25.8644628],[28.2225372,-25.8646583],[28.2225526,-25.8649896],[28.2225882,-25.8653281],[28.2226351,-25.8656557],[28.2228491,-25.8668086],[28.2228624,-25.8668806],[28.2229285,-25.867213],[28.2229979,-25.8675671],[28.2230589,-25.8680867],[28.2231212,-25.8684258],[28.2232372,-25.869031],[28.2234196,-25.8699891],[28.2237764,-25.8718546],[28.223887,-25.8724326],[28.2239876,-25.8729557],[28.2240788,-25.873439],[28.2241553,-25.8738741],[28.2241995,-25.8741896],[28.2242357,-25.8744707],[28.2242739,-25.8747754],[28.2243282,-25.8752249],[28.2243611,-25.8754982]]}}]}