{"type":"FeatureCollection","properties":{"region":"WC","generatedAt":"2026-08-29T01:37:54.730Z","bbox":[-34.45,18.13,-33.318,19.2],"attribution":"© OpenStreetMap contributors","license":"ODbL"},"features":[{"type":"Feature","properties":{"routeId":"ct-chrishani","source":"manual-edit","license":"ODbL","stations":19,"stationNames":["CAPE TOWN","WOODSTOCK","SALT RIVER","KOEBERG RD","MAITLAND","MUTUAL","LANGA","BONTEHEUWEL","NETREG","HEIDEVELD","NYANGA","PHILIPPI","STOCK ROAD","MANDALAY","NOLUNGILE","NONKQUBELA","KHAYELITSHA","KUYASA","CHRIS HANI"],"stationCoords":[[-33.923631,18.427186],[-33.925058,18.446139],[-33.927545,18.464689],[-33.925709,18.478877],[-33.924651,18.487001],[-33.922093,18.511988],[-33.938934,18.529744],[-33.94185,18.549579],[-33.952666,18.563566],[-33.969594,18.561877],[-33.992713,18.559776],[-34.013288,18.584421],[-34.014122,18.606174],[-34.019015,18.624391],[-34.016811,18.649023],[-34.026817,18.66319],[-34.047943,18.670737],[-34.054899,18.692323],[-34.054706,18.710707]],"railHops":11,"chordHops":0,"stationSource":"hani_to_ct_weekday","stationPinsStripped":true,"maxStationOffsetM":125,"manualEdit":true,"manualEditAt":"2026-09-17T02:20:48.354Z","stationOrderOverride":true},"geometry":{"type":"LineString","coordinates":[[18.4274124,-33.923851],[18.4275301,-33.9239402],[18.4277769,-33.9241089],[18.4278754,-33.9241718],[18.428098,-33.9242854],[18.4283364,-33.9244052],[18.4285362,-33.9244865],[18.4287039,-33.9245443],[18.4290718,-33.9246677],[18.4292416,-33.9247252],[18.4293683,-33.9247662],[18.4295762,-33.9248359],[18.4299019,-33.9249501],[18.4299451,-33.9249644],[18.430277,-33.9250707],[18.4306734,-33.925188],[18.4309351,-33.9252621],[18.4311403,-33.9253194],[18.4312962,-33.9253608],[18.4314521,-33.9253962],[18.4316493,-33.9254351],[18.4318897,-33.9254732],[18.4320513,-33.925491],[18.4321847,-33.9255027],[18.4323681,-33.9255144],[18.4325964,-33.925525],[18.4329609,-33.9255383],[18.43342244625092,-33.92551695534646],[18.43388915061951,-33.92545018732129],[18.434447050094608,-33.925383419243786],[18.435192704200748,-33.925370065622005],[18.436024188995365,-33.9253745168295],[18.436946868896488,-33.92536561441428],[18.43892097473145,-33.92525433414554],[18.43986511230469,-33.92515195616993],[18.44063758850098,-33.92497835845179],[18.441683650016788,-33.92464451569181],[18.44211280345917,-33.9244842707023],[18.442536592483524,-33.92435518424153],[18.4428745508194,-33.924257256451156],[18.44313740730286,-33.92417713362984],[18.443292975425724,-33.92413262091877],[18.443437814712528,-33.92411481582783],[18.44362020492554,-33.92405694925656],[18.444043993949894,-33.923954569841904],[18.444312214851383,-33.92390560573051],[18.444564342498783,-33.923856641590994],[18.444805741310123,-33.92382993386666],[18.445079326629642,-33.92379432355453],[18.445283174514774,-33.92376316451921],[18.445503115653995,-33.92374090805843],[18.445706963539127,-33.92370529770908],[18.446034193038944,-33.923656333454424],[18.44641506671906,-33.92362072306972],[18.44688713550568,-33.92355840486068],[18.44734847545624,-33.9235094405216],[18.44787418842316,-33.923438219614496],[18.448276519775394,-33.923384803895104],[18.44866812229157,-33.92332693682796],[18.44909191131592,-33.92325126445009],[18.449692726135257,-33.92314443274336],[18.450711965560917,-33.92286845021424],[18.451323509216312,-33.92274381264996],[18.451988697052006,-33.92262807760558],[18.452439308166507,-33.922503439689635],[18.45286846160889,-33.92240550977062],[18.45313668251038,-33.92239660704511],[18.45340490341187,-33.92229867700329],[18.453737497329715,-33.9222452605694],[18.45414519309998,-33.92217403860543],[18.454692363739017,-33.92217403860543],[18.4551215171814,-33.922156233105135],[18.455754518508915,-33.92211171933812],[18.45633387565613,-33.922085011066734],[18.45714926719666,-33.922085011066734],[18.45787882804871,-33.922085011066734],[18.458297252655033,-33.922085011066734],[18.458704948425297,-33.92207610830776],[18.459048271179203,-33.92206720554785],[18.459498882293705,-33.922102816581926],[18.459928035736088,-33.92213842760111],[18.460260629653934,-33.92218294135417],[18.460528850555423,-33.92223635782714],[18.46087217330933,-33.92227196879053],[18.461161851882938,-33.92231648247382],[18.461451530456547,-33.9223520934037],[18.461773395538334,-33.922414412495165],[18.46210598945618,-33.92245892610403],[18.46237421035767,-33.92248563425819],[18.46261024475098,-33.92252124511736],[18.46286773681641,-33.922556855961645],[18.463200330734256,-33.922601369496086],[18.46357583999634,-33.922601369496086],[18.46384406089783,-33.922645883007256],[18.464198112487797,-33.922672591102796],[18.46438050270081,-33.92269039649518],[18.464659452438358,-33.922726007268764],[18.46484184265137,-33.92274381264996],[18.465056419372562,-33.92274381264996],[18.465260267257694,-33.92275271533918],[18.46559286117554,-33.92273490995982],[18.46588253974915,-33.922726007268764],[18.46612930297852,-33.922681493799445],[18.466461896896366,-33.92262807760558],[18.466740846633915,-33.922601369496086],[18.46708416938782,-33.9225657586704],[18.467277288436893,-33.92257466137821],[18.467524051666263,-33.92253014782983],[18.46782445907593,-33.922494536974376],[18.468060493469242,-33.92244112066329],[18.468232154846195,-33.92239660704511],[18.468414545059208,-33.92237880159134],[18.46863985061646,-33.92231648247382],[18.46888661384583,-33.92227196879053],[18.46909046173096,-33.92220964959485],[18.46932649612427,-33.92216513585575],[18.46959471702576,-33.922102816581926],[18.469766378402714,-33.922049400025216],[18.469970226287845,-33.92199598343503],[18.470195531845096,-33.92194256681133],[18.47038865089417,-33.92189805293269],[18.47134351730347,-33.92164877478239],[18.472212553024296,-33.921435107215906],[18.47313523292542,-33.92120363341417],[18.47386479377747,-33.92099886760377],[18.474723100662235,-33.920740683923995],[18.47533464431763,-33.920509208235565],[18.475742340087894,-33.920348955467475],[18.476182222366337,-33.9201530905638],[18.47683668136597,-33.91991271029391],[18.477737903594974,-33.91959220221241],[18.47861766815186,-33.91921827459351],[18.479475975036625,-33.9189778916862],[18.47988367080689,-33.918862151525985],[18.480484485626224,-33.91871970188221],[18.48109602928162,-33.918550542620906],[18.481535911560062,-33.918434801880196],[18.481922149658207,-33.91835467358299],[18.482265472412113,-33.91826564205327],[18.48254442214966,-33.918194416762525],[18.482887744903568,-33.91809648189054],[18.483188152313236,-33.91803415964065],[18.483499288558964,-33.91794512777603],[18.483788967132572,-33.91788725701414],[18.484185934066776,-33.91780267659914],[18.484754562377933,-33.91765577357355],[18.485446572303776,-33.91747770896055],[18.48634779453278,-33.91726848256478],[18.48707735538483,-33.91709486878254],[18.487726449966434,-33.9169301579442],[18.488284349441532,-33.91680106003751],[18.488783240318302,-33.91668976858168],[18.489249944686893,-33.91658292864732],[18.489743471145633,-33.91648054025119],[18.490156531333927,-33.916409313468286],[18.490633964538578,-33.91632473158625],[18.491266965866092,-33.916244601304776],[18.4918624162674,-33.91620453613578],[18.493015766143802,-33.91619563276233],[18.493766784667972,-33.9162980215008],[18.494963049888614,-33.916542863637396],[18.495665788650516,-33.916747640156856],[18.496389985084537,-33.91702809415672],[18.498455286026005,-33.91802525645837],[18.499420881271366,-33.91857280043762],[18.50082635879517,-33.91947646288668],[18.50107312202454,-33.91974355340114],[18.501405715942386,-33.92002844902704],[18.501673936843876,-33.92025992602163],[18.501942157745365,-33.92052701408008],[18.502146005630497,-33.92074958682253],[18.502414226531986,-33.9210923477087],[18.5025429725647,-33.92134607890505],[18.502671718597416,-33.92167103178976],[18.502768278121952,-33.9219559209704],[18.502929210662845,-33.922258614681006],[18.503192067146305,-33.922556855961645],[18.503497838974003,-33.922797228771266],[18.503717780113224,-33.92291741492175],[18.503910899162296,-33.92299308759617],[18.504101336002353,-33.92306876020338],[18.50434541702271,-33.92312885310828],[18.50456535816193,-33.92317336634384],[18.504720926284794,-33.923197848613476],[18.50491136312485,-33.923200074274],[18.5052906,-33.9232327],[18.5054183,-33.9232154],[18.505598,-33.9231939],[18.5057728,-33.9231729],[18.5058413,-33.9231647],[18.505899,-33.9231631],[18.5061765,-33.9231553],[18.5063919,-33.9231477],[18.5066116,-33.9231374],[18.5067769,-33.9231269],[18.507033,-33.9231019],[18.5072778,-33.923069],[18.5076017,-33.9230156],[18.5078276,-33.9229711],[18.5081341,-33.9229082],[18.5084526,-33.9228431],[18.5086826,-33.9227975],[18.509158,-33.9226979],[18.5095127,-33.9226267],[18.5097716,-33.9225805],[18.5099385,-33.9225571],[18.5115825,-33.9223027],[18.5137064,-33.9220604],[18.5142717,-33.9219903],[18.5144246,-33.9219764],[18.5146244,-33.9219664],[18.51479,-33.9219636],[18.5148933,-33.9219642],[18.5149899,-33.9219703],[18.5151669,-33.9219831],[18.5152909,-33.9219976],[18.5154385,-33.9220204],[18.5156007,-33.922051],[18.5157422,-33.9220871],[18.5158569,-33.9221183],[18.5160178,-33.9221673],[18.5161586,-33.9222207],[18.5163108,-33.9222836],[18.516451,-33.9223509],[18.5165791,-33.9224177],[18.5166931,-33.9224861],[18.516801,-33.9225523],[18.5169076,-33.9226285],[18.5169935,-33.9226914],[18.51709,-33.922771],[18.5171725,-33.9228428],[18.5172583,-33.9229234],[18.5173572,-33.9230262],[18.517481,-33.9231599],[18.517603,-33.9233079],[18.517776,-33.9235136],[18.518054,-33.9238604],[18.5181808,-33.9240411],[18.5183297,-33.9242624],[18.5184667,-33.924455],[18.5190673,-33.925181],[18.5197864,-33.9260651],[18.5201499,-33.9265097],[18.5205101,-33.9269489],[18.5207484,-33.927242],[18.5209309,-33.9274725],[18.5211378,-33.9277527],[18.521271,-33.9279387],[18.5213932,-33.928136],[18.5214935,-33.9282991],[18.5215768,-33.9284454],[18.52167,-33.9286236],[18.5217617,-33.9288087],[18.5218883,-33.9290757],[18.5225001,-33.9303912],[18.5225922,-33.9306021],[18.5226739,-33.9308009],[18.5227109,-33.9308961],[18.5227614,-33.9310297],[18.5227999,-33.9311488],[18.5228262,-33.9312457],[18.5228601,-33.9313788],[18.5228817,-33.9314847],[18.5229008,-33.9315991],[18.5229141,-33.9316926],[18.5229219,-33.931789],[18.5229301,-33.9318778],[18.5229327,-33.9319785],[18.5229337,-33.9320729],[18.5229311,-33.9322312],[18.52291,-33.9325753],[18.5228761,-33.9330537],[18.5228426,-33.9334922],[18.5228273,-33.9337218],[18.5228181,-33.9340018],[18.5228176,-33.9341196],[18.5228212,-33.9342298],[18.5228248,-33.9343166],[18.522836,-33.9344352],[18.5228508,-33.9345416],[18.5228672,-33.9346411],[18.5228917,-33.9347606],[18.5229177,-33.9348699],[18.522956,-33.9350008],[18.5230035,-33.935141],[18.5230397,-33.9352363],[18.5230898,-33.935352],[18.5231281,-33.9354346],[18.5231735,-33.935527],[18.5232419,-33.9356507],[18.5233078,-33.9357612],[18.5234089,-33.9359142],[18.5235269,-33.9360709],[18.5236372,-33.9362048],[18.5237597,-33.9363391],[18.5239479,-33.9365226],[18.5240894,-33.9366431],[18.5241853,-33.9367239],[18.5243357,-33.9368344],[18.524461,-33.9369218],[18.5246689,-33.93705],[18.5247333,-33.9370846],[18.5247845,-33.9371121],[18.5249572,-33.9371997],[18.5252415,-33.9373265],[18.5255471,-33.9374409],[18.5259015,-33.9375642],[18.5260293,-33.9376071],[18.5262001,-33.9376742],[18.5263774,-33.9377524],[18.5265396,-33.9378177],[18.5266256,-33.9378445],[18.5268673,-33.9379235],[18.5271802,-33.9380313],[18.5273309,-33.9380857],[18.5274705,-33.9381409],[18.5276262,-33.9382058],[18.5278945,-33.9383183],[18.5280959,-33.9383979],[18.5283633,-33.9384933],[18.5286231,-33.9385789],[18.5299805,-33.9390251],[18.530296,-33.9391293],[18.5313898,-33.9394875],[18.5318555,-33.9396288],[18.5322318,-33.9397245],[18.5326738,-33.9398512],[18.533132,-33.9399786],[18.5334927,-33.9400694],[18.5339424,-33.9401816],[18.534106,-33.9402224],[18.5346529,-33.9402926],[18.535135,-33.9403926],[18.5363638,-33.9405904],[18.5372596,-33.9407336],[18.5374218,-33.9407595],[18.537629,-33.9407889],[18.5385067,-33.9409256],[18.5398086,-33.9411253],[18.5403496,-33.9412059],[18.5416971,-33.9413846],[18.5426634,-33.9414631],[18.5433001,-33.9415065],[18.5444583,-33.9415855],[18.546226,-33.941706],[18.5465728,-33.9417296],[18.5468585,-33.9417462],[18.5471603,-33.9417548],[18.5473702,-33.9417608],[18.547541,-33.9417641],[18.547824,-33.9417695],[18.5481707,-33.941777],[18.5484813,-33.9417879],[18.5487416,-33.9417977],[18.5501826,-33.9418963],[18.550554513931278,-33.94195365048295],[18.550865650177006,-33.94198925320238],[18.55123043060303,-33.94202485590693],[18.55175614356995,-33.94203375658073],[18.55221748352051,-33.94208716060404],[18.552646636962894,-33.94211386260314],[18.553397655487064,-33.94217616723512],[18.554052114486698,-33.94225627312352],[18.55473875999451,-33.94231857765127],[18.555307388305668,-33.94236308085746],[18.555951118469242,-33.942443186569975],[18.556627035140995,-33.94252329220711],[18.55721712112427,-33.94260339776887],[18.557828664779667,-33.942656801434836],[18.558386564254764,-33.94268350325525],[18.559148311614994,-33.94284371400187],[18.559663295745853,-33.94303062615851],[18.560146093368534,-33.94324423954929],[18.560564517974857,-33.94348455397317],[18.560950756073,-33.94375156920403],[18.561315536499027,-33.94405418545318],[18.561540842056278,-33.94433009933096],[18.56177687644959,-33.94462381312133],[18.561916351318363,-33.9448730240275],[18.562045097351078,-33.94516673594452],[18.562130928039554,-33.94541594526115],[18.562173843383793,-33.94562955266611],[18.56227040290833,-33.945869860355955],[18.562560081481937,-33.94666198089991],[18.56269955635071,-33.947062488481365],[18.562855124473575,-33.94755644523633],[18.562935590744022,-33.94768549652883],[18.563112616539005,-33.94820169974206],[18.563300371170047,-33.94868674990828],[18.56344521045685,-33.9491050478317],[18.563611507415775,-33.94962124243517],[18.563670516014103,-33.94990158819235],[18.56371343135834,-33.95021308239502],[18.56373488903046,-33.9507782189663],[18.563584685325626,-33.952077573856926],[18.5635256767273,-33.952513654270916],[18.563489207690097,-33.95284695420882],[18.563465274592055,-33.953084013059694],[18.563486483156534,-33.95332420771853],[18.563413553357925,-33.95402963074071],[18.563388165220776,-33.9547375811189],[18.56331948502779,-33.95544489008347],[18.563256294997316,-33.95615031237611],[18.56318256853663,-33.95685563083527],[18.563110680501467,-33.95756113847287],[18.563040234395153,-33.95826673515342],[18.56296932008141,-33.95897230773809],[18.562898249790145,-33.95967786898668],[18.562826927518234,-33.96038340529537],[18.562754838262695,-33.961088891679196],[18.562683596058868,-33.96179446158373],[18.562611984442352,-33.96249995289037],[18.562582003022992,-33.96320845254163],[18.56250829142316,-33.96391375028274],[18.562438228365554,-33.96461938355817],[18.56236816530795,-33.9653250168336],[18.562298102250345,-33.96603065010904],[18.562236136472062,-33.96673645826309],[18.562157220427693,-33.967441817016635],[18.562128690959103,-33.96814886902304],[18.562070056811827,-33.96885684462645],[18.562032593805263,-33.96922372122818],[18.56199513111807,-33.96959059829525],[18.561957720809342,-33.96995747881429],[18.56192031050061,-33.97032435933334],[18.56187815972702,-33.970690708006096],[18.56187980412292,-33.97106065137581],[18.561824196564082,-33.97142617718964],[18.561765512046055,-33.97179056859645],[18.561705792038115,-33.97215484278247],[18.561653066013832,-33.97252105775884],[18.561603726473635,-33.97288853554926],[18.561565296931207,-33.97325533853475],[18.56152707717565,-33.97362229936119],[18.561489542025807,-33.97398917060867],[18.56145200687596,-33.974356041856154],[18.561414471726117,-33.97472291310363],[18.561376936848657,-33.975089683986205],[18.561338831730094,-33.975456512091355],[18.561300836536496,-33.97582352785465],[18.56126369243738,-33.976190428002404],[18.56122654833826,-33.97655732815018],[18.561189404239144,-33.97692422829794],[18.561152260140027,-33.977291128445714],[18.56111511604091,-33.977658028593474],[18.561078028062614,-33.97802495211904],[18.56104097639929,-33.97839185901576],[18.561004580165676,-33.978759515105644],[18.56097083159335,-33.979126641844694],[18.560938911456876,-33.97949480904614],[18.5609097129856,-33.979862171372645],[18.560882126010057,-33.98022991969427],[18.56085460987446,-33.98059734944261],[18.560827090203592,-33.980964775940784],[18.56079955249445,-33.9813322048797],[18.56077201478531,-33.981699633818614],[18.56074447707617,-33.98206706275753],[18.560716817934928,-33.982434292566],[18.560687136377855,-33.98280163354586],[18.56065745861082,-33.98316897778142],[18.560627820714686,-33.9835363207194],[18.560599106080016,-33.983903818174724],[18.5605717106787,-33.98427125231766],[18.56054431527739,-33.984638686460606],[18.56051573420172,-33.98500605403035],[18.56048684546675,-33.98537342952389],[18.560459598468597,-33.985740852052345],[18.560432508777104,-33.98610829715461],[18.56036181128153,-33.986473500635356],[18.560333602237694,-33.986840903841724],[18.56030545207758,-33.98720831031837],[18.560277414350757,-33.98757571094656],[18.56025013505853,-33.98794314926466],[18.56022192490229,-33.98831059604424],[18.56019375882662,-33.98867783307491],[18.560105067090976,-33.989042189773976],[18.560080886238513,-33.98941004679395],[18.56006591100898,-33.98977766650349],[18.560064861600967,-33.990144533315856],[18.559946575503915,-33.990509554096924],[18.5599184077283,-33.990876773703825],[18.559889468745098,-33.991244125446734],[18.55986364103717,-33.99161178309127],[18.559836385479716,-33.991979156153086],[18.559808510698982,-33.99234657231054],[18.559824228286747,-33.99301043869773],[18.55971693992615,-33.99338404215718],[18.55971693992615,-33.99376653923519],[18.559663295745853,-33.994558213763504],[18.559631109237674,-33.99542993673319],[18.55951309204102,-33.99687982349495],[18.55950236320496,-33.997662574160614],[18.55953454971314,-33.998062841600365],[18.559684753417972,-33.99860542334103],[18.559845685958866,-33.999032370471056],[18.56000661849976,-33.99940594744958],[18.560328483581547,-34.00001078288391],[18.560618162155155,-34.000446617512445],[18.560832738876346,-34.000677875795006],[18.561047315597538,-34.00092692247212],[18.561304807662967,-34.00122044083272],[18.561669588088993,-34.00162069150804],[18.56196999549866,-34.00195867949842],[18.56225967407227,-34.0023055605111],[18.562549352645878,-34.002634651444374],[18.56272101402283,-34.00285700946125],[18.5630214214325,-34.003186098257906],[18.563332557678226,-34.0035240800191],[18.563563227653507,-34.003897637243035],[18.5637778043747,-34.00424451033694],[18.563917279243473,-34.004560252562534],[18.56396555900574,-34.00471589970659],[18.564056754112247,-34.00485820541724],[18.564083576202396,-34.00498272271847],[18.564110398292545,-34.00508055761278],[18.564142584800724,-34.00518283942725],[18.564172089099888,-34.00533403840561],[18.56420159339905,-34.00547411957179],[18.564241826534275,-34.005625318031576],[18.564292788505558,-34.00576095171497],[18.564335703849796,-34.005905479172014],[18.56437593698502,-34.00601665397159],[18.564410805702213,-34.00613894608304],[18.564424216747287,-34.006198980327845],[18.564432263374332,-34.00625234406539],[18.564456403255466,-34.00631237823004],[18.564467132091526,-34.006379082807655],[18.56449127197266,-34.00644578733287],[18.56450200080872,-34.00651026832412],[18.564526140689853,-34.0065880901449],[18.564544916152958,-34.0066525710281],[18.56457442045212,-34.00672594576666],[18.56459587812424,-34.00679265001943],[18.564620018005375,-34.00686602463696],[18.56464415788651,-34.006946069601966],[18.564668297767643,-34.00709281850852],[18.56471121311188,-34.007203991753755],[18.564751446247104,-34.00732850561562],[18.564823865890506,-34.0075530747978],[18.565070629119877,-34.008371302041645],[18.565349578857425,-34.009260670538495],[18.565800189971927,-34.0101500297205],[18.56645464897156,-34.011066059939644],[18.567366600036625,-34.01177753290288],[18.56796741485596,-34.01218662715722],[18.568825721740726,-34.01255125298341],[18.570070266723636,-34.01301370299834],[18.571550846099857,-34.013538402849576],[18.572087287902836,-34.013671800599845],[18.57269883155823,-34.01383187762348],[18.573321104049686,-34.01393859547157],[18.574061393737797,-34.01400084748768],[18.57497334480286,-34.01400084748768],[18.575842380523685,-34.01400084748768],[18.576668500900272,-34.01392080917288],[18.577516078948978,-34.01389412971784],[18.578363656997684,-34.01383187762348],[18.57900738716126,-34.01376962548349],[18.580123186111454,-34.01370737329785],[18.5809600353241,-34.01366290742301],[18.581871986389164,-34.01357397560348],[18.582547903060917,-34.01355618922838],[18.58367443084717,-34.0134761504944],[18.584049940109256,-34.013431684498464],[18.5845005,-34.0133733],[18.5850211,-34.0133368],[18.5868658,-34.0132064],[18.5873519,-34.0131701],[18.5875082,-34.0131593],[18.5880683,-34.0131182],[18.5884489,-34.0130893],[18.5890678,-34.0130491],[18.5893646,-34.013028],[18.5898909,-34.0129855],[18.5903495,-34.012957],[18.5906047,-34.0129259],[18.5907212,-34.012911],[18.5909898,-34.0128766],[18.5911519,-34.0128597],[18.591479,-34.0128417],[18.5917968,-34.0128182],[18.59244,-34.0127686],[18.5928806,-34.0127374],[18.5932152,-34.0127158],[18.5934298,-34.012704],[18.5936243,-34.0127002],[18.5938027,-34.0126974],[18.5941781,-34.0127057],[18.5943585,-34.0127152],[18.5945349,-34.0127258],[18.5946226,-34.012733],[18.5947696,-34.0127452],[18.5949902,-34.012768],[18.5951853,-34.0127925],[18.5954797,-34.0128375],[18.5957023,-34.0128769],[18.5959383,-34.0129259],[18.5961502,-34.0129742],[18.596405,-34.0130404],[18.5966203,-34.0130949],[18.5968369,-34.0131587],[18.5971882,-34.0132811],[18.597502,-34.0134017],[18.5978086,-34.0135313],[18.5981093,-34.0136636],[18.5986181,-34.0138905],[18.5989801,-34.0140459],[18.5991841,-34.0141211],[18.5993828,-34.0141926],[18.59959,-34.0142598],[18.5998019,-34.0143209],[18.5999957,-34.0143722],[18.6001767,-34.0144146],[18.6003512,-34.0144502],[18.6005076,-34.0144792],[18.6007484,-34.0145181],[18.6009314,-34.014542],[18.6011601,-34.0145648],[18.6014726,-34.0145865],[18.6017099,-34.0145949],[18.6020258,-34.0145937],[18.6023329,-34.014581],[18.6028003,-34.0145515],[18.6032871,-34.014512],[18.6037149,-34.0144765],[18.604018,-34.0144525],[18.6042916,-34.0144308],[18.6045537,-34.0144059],[18.6048951,-34.014362],[18.6050487,-34.0143381],[18.6055866,-34.014253],[18.6059398,-34.0141924],[18.6061045,-34.0141647],[18.6069156,-34.0140287],[18.6075952,-34.0139147],[18.6079017,-34.0138663],[18.608131,-34.0138396],[18.6082772,-34.0138235],[18.6084763,-34.013808],[18.6086721,-34.0138002],[18.6088887,-34.0137952],[18.6090584,-34.0137963],[18.6092629,-34.0138052],[18.6095251,-34.0138241],[18.6097363,-34.013848],[18.6099261,-34.0138758],[18.6101051,-34.0139052],[18.6103043,-34.0139441],[18.6104732,-34.0139841],[18.6106518,-34.0140285],[18.6109267,-34.0141113],[18.6112398,-34.0142208],[18.611547,-34.0143486],[18.6116992,-34.0144187],[18.6119607,-34.0145471],[18.6122463,-34.0147144],[18.6123731,-34.0147905],[18.6124854,-34.0148579],[18.6127219,-34.0150139],[18.6129769,-34.0151686],[18.613102,-34.0152457],[18.6132977,-34.0153574],[18.6134014,-34.0154153],[18.6135967,-34.0155432],[18.613651,-34.0155771],[18.6137301,-34.0156327],[18.6138656,-34.0157294],[18.6141067,-34.0158816],[18.6141809,-34.0159235],[18.614555,-34.0161361],[18.6149969,-34.0163929],[18.6154227,-34.0166347],[18.6157386,-34.0168156],[18.6163984,-34.0171908],[18.6168557,-34.0174531],[18.6172973,-34.0177067],[18.617507,-34.0178271],[18.6179792,-34.0180966],[18.6183342,-34.01829],[18.6186095,-34.0184267],[18.6188301,-34.0185251],[18.6189503,-34.0185765],[18.6191369,-34.0186516],[18.6193468,-34.0187305],[18.6197005,-34.0188452],[18.6198635,-34.0188903],[18.6199905,-34.0189253],[18.6201356,-34.018962],[18.6203326,-34.0190043],[18.6205672,-34.0190537],[18.6207665,-34.019085],[18.6209476,-34.0191142],[18.6211385,-34.0191373],[18.6213488,-34.0191585],[18.6215481,-34.0191706],[18.621818,-34.0191837],[18.6220477,-34.0191847],[18.6221863,-34.0191867],[18.6224598,-34.0191817],[18.623019,-34.0191484],[18.6245613,-34.0190526],[18.6253395,-34.0190043],[18.6261673,-34.018952],[18.6265903,-34.0189147],[18.6271774,-34.0188421],[18.6277645,-34.0187686],[18.6281304,-34.0187263],[18.6284586,-34.018693],[18.6290275,-34.0186406],[18.6321559,-34.018385],[18.6326547,-34.0183395],[18.6355294,-34.0180962],[18.6381236,-34.0178816],[18.6406689,-34.0176679],[18.6455948,-34.0172585],[18.6469062,-34.0171483],[18.6479027,-34.0170633],[18.6482708,-34.0170319],[18.6491494,-34.016961],[18.6502444,-34.0168692],[18.6506457,-34.0168346],[18.6508734,-34.0168178],[18.6510847,-34.0168101],[18.6513245,-34.016799],[18.6515234,-34.0167977],[18.6518997,-34.0168025],[18.6522585,-34.0168144],[18.6524825,-34.016831],[18.6527746,-34.0168598],[18.6528399,-34.0168656],[18.6529648,-34.0168786],[18.6531341,-34.0169053],[18.6534212,-34.0169489],[18.6538947,-34.0170356],[18.6541294,-34.0170834],[18.6543332,-34.0171334],[18.654761,-34.0172312],[18.6551902,-34.017339],[18.6558916,-34.0175091],[18.6562496,-34.017588],[18.6566386,-34.0176859],[18.6569258,-34.0177503],[18.6570495,-34.017778],[18.6573107,-34.0178456],[18.6576831,-34.0179542],[18.6579635,-34.0180537],[18.6581187,-34.0181161],[18.6582049,-34.0181508],[18.6584019,-34.0182406],[18.6585999,-34.0183377],[18.6588054,-34.0184519],[18.6589464,-34.0185343],[18.6590921,-34.0186292],[18.6592513,-34.0187414],[18.6593474,-34.0188132],[18.6594136,-34.0188626],[18.6595492,-34.0189717],[18.6597127,-34.0191092],[18.6598495,-34.0192351],[18.6600657,-34.0194638],[18.6601475,-34.019558],[18.6602605,-34.0197025],[18.6603282,-34.0197931],[18.6604238,-34.0199295],[18.6605153,-34.0200726],[18.6605992,-34.020218],[18.6606885,-34.0203844],[18.6607938,-34.020609],[18.6608349,-34.0207027],[18.6608779,-34.0208081],[18.660947,-34.0209859],[18.6610289,-34.0212138],[18.6611675,-34.0215972],[18.6612492,-34.0218295],[18.661314,-34.022007],[18.6614823,-34.0224419],[18.6615657,-34.0226789],[18.6616309,-34.0228173],[18.661672,-34.0229047],[18.6617468,-34.0230543],[18.6618615,-34.0233787],[18.6620924,-34.024009],[18.6622547,-34.024456],[18.6624939,-34.025124],[18.6628973,-34.0262135],[18.6631089,-34.0268206],[18.6632955,-34.0273067],[18.6634085,-34.0276222],[18.6635078,-34.0279154],[18.6635504,-34.0280185],[18.6638015,-34.0287165],[18.6642197,-34.0298567],[18.6643135,-34.0301145],[18.6645986,-34.0308984],[18.6646447,-34.0310389],[18.6647904,-34.0314346],[18.6651485,-34.0324249],[18.6654614,-34.0332737],[18.6657372,-34.0340314],[18.6660208,-34.0348178],[18.666296,-34.0355857],[18.6664515,-34.0360011],[18.6665729,-34.0363355],[18.66671,-34.0367125],[18.6668172,-34.0370107],[18.6668529,-34.037107],[18.6669271,-34.0373075],[18.6669734,-34.0374382],[18.6671892,-34.0380479],[18.6673846,-34.0385664],[18.6674099,-34.0386334],[18.6675632,-34.0390726],[18.667573,-34.0391007],[18.6676245,-34.0392437],[18.6678602,-34.0398975],[18.6678839,-34.0399432],[18.6680932,-34.0405174],[18.6681765,-34.0407605],[18.6683012,-34.0410849],[18.66838,-34.0413262],[18.668787,-34.0424414],[18.6690682,-34.0432144],[18.669253,-34.043709],[18.6692963,-34.0438707],[18.669325,-34.0439886],[18.6693435,-34.0440557],[18.6693746,-34.0441654],[18.6694541,-34.0443817],[18.6696791,-34.0450096],[18.6698031,-34.0453499],[18.6702022,-34.0464457],[18.6704443,-34.0471215],[18.6705489,-34.0474032],[18.6707667,-34.0480055],[18.6712587,-34.0493513],[18.6715965,-34.0502829],[18.6716216,-34.0503501],[18.671746,-34.0506854],[18.6718425,-34.0509287],[18.6719228,-34.0511248],[18.6720197,-34.0513152],[18.6721628,-34.0515733],[18.6723429,-34.0518672],[18.672506,-34.0521019],[18.6726486,-34.0522875],[18.6727973,-34.0524693],[18.6729472,-34.052637],[18.67323,-34.0529301],[18.6734546,-34.053131],[18.6737198,-34.0533514],[18.6740413,-34.0535896],[18.6742728,-34.0537442],[18.6746625,-34.0539795],[18.6749225,-34.0541187],[18.6752602,-34.0542829],[18.6755173,-34.0543912],[18.675698,-34.0544642],[18.6758952,-34.0545354],[18.6760739,-34.054598],[18.6761506,-34.0546222],[18.6764123,-34.0547021],[18.6767692,-34.054794],[18.6770696,-34.054858],[18.677255,-34.0548936],[18.6773759,-34.0549136],[18.6775467,-34.0549381],[18.6777248,-34.054961],[18.6779587,-34.054991],[18.678107,-34.0550049],[18.6782931,-34.0550146],[18.6785463,-34.0550238],[18.6787406,-34.0550279],[18.678978,-34.0550294],[18.6799679,-34.0550177],[18.680856,-34.0550116],[18.6820894,-34.0550011],[18.6830955,-34.0549948],[18.6837725,-34.0549905],[18.6838538,-34.05499],[18.6842351,-34.0549876],[18.6849832,-34.0549838],[18.6859904,-34.0549759],[18.686802,-34.0549687],[18.6882875,-34.0549605],[18.6893462,-34.0549546],[18.6903848,-34.054953],[18.6908443,-34.0549618],[18.6912691,-34.0549684],[18.6917294,-34.054972],[18.6922191,-34.0549765],[18.6931293,-34.0549692],[18.6934329,-34.054968],[18.6937355,-34.0549668],[18.6944144,-34.0549634],[18.6952036,-34.0549575],[18.6962038,-34.0549505],[18.6966078,-34.0549475],[18.6971736,-34.054942],[18.6977024,-34.0549301],[18.6979055,-34.0549216],[18.6986159,-34.0549032],[18.6988266,-34.0548983],[18.6990015,-34.0548907],[18.6993646,-34.0548852],[18.7001358,-34.0548838],[18.7008791,-34.0548814],[18.7020745,-34.0548632],[18.7022704,-34.0548497],[18.7023736,-34.0548422],[18.7026348,-34.0548251],[18.7028682,-34.0548239],[18.7033639,-34.0548183],[18.70347,-34.0548178],[18.7040168,-34.0548151],[18.7044431,-34.0548099],[18.7048567,-34.0547992],[18.7050394,-34.054794],[18.7051678,-34.0547903],[18.7052641,-34.0547875],[18.7058993,-34.0547718],[18.7064801,-34.0547622],[18.7070408,-34.0547568],[18.7071726,-34.0547562],[18.7074635,-34.0547549],[18.7082928,-34.0547496],[18.7095653,-34.054742],[18.7101291,-34.0547401],[18.7103855,-34.05474],[18.7106063,-34.0547392]]}},{"type":"Feature","properties":{"routeId":"ct-kapteinsklip","source":"manual-edit","license":"ODbL","stations":15,"stationNames":["CAPE TOWN","WOODSTOCK","SALT RIVER","KOEBERG RD","MAITLAND","MUTUAL","LANGA","BONTEHEUWEL","NETREG","HEIDEVELD","NYANGA","PHILIPPI","LENTEGEUR","MITCHELL'S PLAIN","KAPTEINSKLIP"],"stationCoords":[[-33.923631,18.427186],[-33.925058,18.446139],[-33.927545,18.464689],[-33.925709,18.478877],[-33.924651,18.487001],[-33.922093,18.511988],[-33.938934,18.529744],[-33.94185,18.549579],[-33.952666,18.563566],[-33.969594,18.561877],[-33.992713,18.559776],[-34.013288,18.584421],[-34.034189,18.611322],[-34.050461,18.619222],[-34.067558,18.620534]],"railHops":10,"chordHops":0,"stationSource":"kap_to_ct_weekday","stationPinsStripped":true,"maxStationOffsetM":125,"manualEdit":true,"manualEditAt":"2026-09-17T02:20:48.362Z","stationOrderOverride":true},"geometry":{"type":"LineString","coordinates":[[18.4274124,-33.923851],[18.4275301,-33.9239402],[18.4277769,-33.9241089],[18.4278754,-33.9241718],[18.428098,-33.9242854],[18.4283364,-33.9244052],[18.4284625,-33.9241604],[18.4286824,-33.924265],[18.4289151,-33.9243635],[18.4291013,-33.9244411],[18.4293658,-33.9245521],[18.4295015,-33.9246086],[18.4296298,-33.9246559],[18.4297536,-33.9247127],[18.4299293,-33.9247833],[18.4300234,-33.9248266],[18.4302709,-33.9249306],[18.4306761,-33.9250962],[18.4308835,-33.9251792],[18.4310498,-33.9252359],[18.43121,-33.925286],[18.4313137,-33.9253149],[18.4315111,-33.9253606],[18.4316667,-33.9253917],[18.4318142,-33.9254129],[18.4319899,-33.925434],[18.4321996,-33.9254511],[18.4326182,-33.9254735],[18.4329454,-33.9254874],[18.4334445,-33.9255088],[18.4336484,-33.9255063],[18.4338107,-33.9254956],[18.4340069,-33.9254949],[18.4352232,-33.9255434],[18.4357199,-33.9255646],[18.436231,-33.9255841],[18.4366424,-33.9255962],[18.4368862,-33.9255856],[18.4369875,-33.9255813],[18.437066,-33.9255783],[18.43725,-33.9255753],[18.4374128,-33.9255693],[18.4395377,-33.9254544],[18.4402738,-33.9254143],[18.4410418,-33.9253719],[18.4417611,-33.9253332],[18.4419409,-33.9253209],[18.4421286,-33.9253043],[18.4423694,-33.9252883],[18.4424333,-33.9252857],[18.4426233,-33.9252753],[18.4430013,-33.9252325],[18.4431731,-33.9252168],[18.4432628,-33.9252145],[18.4442828,-33.9251945],[18.445012,-33.9251774],[18.4460104,-33.9251596],[18.4463249,-33.925149],[18.446681,-33.9251468],[18.4468989,-33.925154],[18.4470843,-33.9251655],[18.4473764,-33.9251846],[18.4475654,-33.9252052],[18.4478733,-33.9252434],[18.4483639,-33.9253005],[18.4488777,-33.9253663],[18.4498145,-33.9254767],[18.4507278,-33.9255852],[18.4510448,-33.9256249],[18.4511893,-33.9256468],[18.4512721,-33.9256606],[18.4514862,-33.9257034],[18.4515671,-33.9257178],[18.4517236,-33.9257421],[18.452192,-33.9257962],[18.4523377,-33.9258193],[18.4524391,-33.9258374],[18.4526292,-33.9258742],[18.4527243,-33.9258919],[18.4528782,-33.9259159],[18.4533863,-33.9259768],[18.4536632,-33.92601],[18.4538184,-33.9260342],[18.4539189,-33.9260522],[18.4541242,-33.9260925],[18.4542188,-33.9261084],[18.4543514,-33.9261285],[18.4553172,-33.9262442],[18.4565068,-33.9263944],[18.4570848,-33.9264679],[18.4576714,-33.9265376],[18.4578184,-33.9265589],[18.457928,-33.9265778],[18.4583041,-33.9266511],[18.4584089,-33.926669],[18.4585476,-33.9266902],[18.4588016,-33.9267212],[18.4589352,-33.9267422],[18.4590234,-33.9267566],[18.4593171,-33.926813],[18.4594123,-33.9268292],[18.459553,-33.9268506],[18.4596755,-33.9268648],[18.4608331,-33.9270031],[18.461025,-33.9270243],[18.4611878,-33.927039],[18.4613608,-33.9270534],[18.4615406,-33.9270649],[18.4617965,-33.9270755],[18.4619787,-33.9270847],[18.4621807,-33.9270931],[18.4623661,-33.9271016],[18.4625407,-33.927113],[18.4627076,-33.9271254],[18.462856,-33.9271394],[18.4631687,-33.9271724],[18.4635204,-33.9272232],[18.4646692,-33.927416],[18.4647939,-33.9274346],[18.4648672,-33.9274419],[18.4650239,-33.9274544],[18.4651058,-33.9274623],[18.4652252,-33.9274779],[18.4653021,-33.9274913],[18.4654341,-33.9275099],[18.4655115,-33.9275185],[18.4656607,-33.9275284],[18.4658419,-33.9275478],[18.4661252,-33.9275839],[18.4668961,-33.9276794],[18.4670734,-33.927699],[18.4675674,-33.9277548],[18.4678828,-33.9277904],[18.4679513,-33.9277998],[18.4680931,-33.9278239],[18.4681197,-33.9278296],[18.4682326,-33.9278478],[18.4682863,-33.9278535],[18.4683409,-33.9278591],[18.4684506,-33.9278666],[18.4685488,-33.9278707],[18.468794,-33.9278771],[18.46898,-33.9278746],[18.4690587,-33.9278708],[18.4691114,-33.9278664],[18.4691568,-33.9278611],[18.4692963,-33.9278425],[18.4693464,-33.9278367],[18.4694056,-33.9278325],[18.4694986,-33.9278285],[18.4696109,-33.9278279],[18.4698929,-33.9278268],[18.4699706,-33.9278229],[18.4700971,-33.9278118],[18.4701895,-33.9277995],[18.4704463,-33.9277669],[18.4707178,-33.9277341],[18.4709063,-33.9277085],[18.4712295,-33.927669],[18.4713328,-33.9276556],[18.4715601,-33.9276261],[18.4717877,-33.9275976],[18.4720227,-33.9275677],[18.4722977,-33.9275333],[18.4725259,-33.9275052],[18.4727549,-33.9274754],[18.473001,-33.927444],[18.473269,-33.9274097],[18.4733997,-33.9273875],[18.4734912,-33.9273676],[18.4735888,-33.9273423],[18.4743317,-33.9271066],[18.4744341,-33.9270754],[18.4745312,-33.9270486],[18.4746302,-33.9270224],[18.4747278,-33.9269984],[18.4753276,-33.9268597],[18.4754265,-33.9268378],[18.4755366,-33.9268169],[18.475627,-33.9268031],[18.4756858,-33.926794],[18.475742,-33.9267851],[18.4758741,-33.9267609],[18.4759759,-33.9267374],[18.476079,-33.92671],[18.4761784,-33.9266851],[18.4762705,-33.9266616],[18.4763785,-33.9266342],[18.4765678,-33.926599],[18.4766582,-33.9265857],[18.4768603,-33.9265645],[18.4772346,-33.9265485],[18.4772858,-33.9265454],[18.4773931,-33.9265277],[18.4774818,-33.9265072],[18.4775985,-33.9264735],[18.4777747,-33.9264193],[18.4777957,-33.9264113],[18.4779012,-33.9263776],[18.477985,-33.9263516],[18.4782371,-33.9262844],[18.4783005,-33.9262662],[18.4784431,-33.926221],[18.4786777,-33.9261322],[18.478971719741825,-33.92600213475749],[18.479443788528446,-33.92583298995549],[18.47983002662659,-33.92575286861627],[18.480205535888675,-33.925637137659876],[18.4806142,-33.9255576],[18.4809267,-33.9255125],[18.4812332,-33.9254747],[18.4815824,-33.9254339],[18.4824764,-33.9253239],[18.482780456542972,-33.925278815817144],[18.482925295829777,-33.92525433414554],[18.483072817325596,-33.925227626859424],[18.483193516731266,-33.92520537078125],[18.483389317989353,-33.9251719866531],[18.48347514867783,-33.92516085860747],[18.48358511924744,-33.92514973056039],[18.4838315,-33.9251297],[18.4841095,-33.9251125],[18.484505,-33.925071],[18.484832,-33.9250479],[18.4850238,-33.9250329],[18.4851867,-33.9250168],[18.4855307,-33.9249739],[18.4856917,-33.9249533],[18.487029075622562,-33.92478250419122],[18.488708138465885,-33.92453323448107],[18.48929286003113,-33.92440859935247],[18.489748835563663,-33.92431512288635],[18.4900975227356,-33.924230548852414],[18.490403294563297,-33.92416823108949],[18.490778803825382,-33.92409255945892],[18.49107921123505,-33.92402133903934],[18.491476178169254,-33.92394121599612],[18.49184095859528,-33.9238655441639],[18.492221832275394,-33.923776518392884],[18.49254906177521,-33.92370084641436],[18.492887020111088,-33.92362962566729],[18.49328398704529,-33.923598466571725],[18.493718504905704,-33.923638528263936],[18.49411547183991,-33.92374090805843],[18.494721651077274,-33.923874446735894],[18.495182991027836,-33.92399018008704],[18.495703339576725,-33.92420829251375],[18.495923280715946,-33.924346281719785],[18.49610030651093,-33.92451097822148],[18.496245145797733,-33.92468012564854],[18.49634170532227,-33.924835919034216],[18.496454358100895,-33.9250584805195],[18.496524095535282,-33.92525878535909],[18.49656164646149,-33.92543683370998],[18.4965991973877,-33.92569945434825],[18.4965991973877,-33.92598433005731],[18.496481180191044,-33.926278107134436],[18.49634170532227,-33.92658078548752],[18.496234416961673,-33.92682114694291],[18.495966196060184,-33.927257356740675],[18.49578380584717,-33.92756003161407],[18.495622873306278,-33.92792502047208],[18.49536538124085,-33.9283256161988],[18.495215177536014,-33.92850365813925],[18.495140075683597,-33.92869950384388],[18.495032787323,-33.92884638782684],[18.494909405708317,-33.92902442867868],[18.49480211734772,-33.929157959073336],[18.494678735733036,-33.9293315482734],[18.49454462528229,-33.929567450978205],[18.494389057159427,-33.929852313750835],[18.494249582290653,-33.93009266597416],[18.49407255649567,-33.930364174151286],[18.493927717208866,-33.93060897586406],[18.493766784667972,-33.93091163882704],[18.493643403053287,-33.93109412627026],[18.493477106094364,-33.93136118036037],[18.493369817733768,-33.93151696152622],[18.49330544471741,-33.931619331851486],[18.493241071701053,-33.93173505467969],[18.49308013916016,-33.932015459342054],[18.492967486381534,-33.93222464952059],[18.49284946918488,-33.932407134150324],[18.492709994316105,-33.93261632336676],[18.49257051944733,-33.93286556942185],[18.492452502250675,-33.933070306707094],[18.49232912063599,-33.93326614191066],[18.492232561111454,-33.93343527195131],[18.49208772182465,-33.93366671251524],[18.492012619972233,-33.933786883329184],[18.491926789283756,-33.93393375853816],[18.49186778068543,-33.934045027467214],[18.49178731441498,-33.934218606706224],[18.491749763488773,-33.934316523043925],[18.491696119308475,-33.93437883338204],[18.491631746292118,-33.93449010172953],[18.49156737327576,-33.93458801775507],[18.491492271423343,-33.93469928582922],[18.491422533988956,-33.934810553758],[18.491374254226688,-33.93490401870581],[18.49132061004639,-33.935001934255375],[18.491272330284122,-33.93511320178869],[18.491229414939884,-33.93522001848387],[18.491170406341556,-33.93537579259084],[18.49111676216126,-33.93551376370474],[18.49105775356293,-33.93565618526525],[18.491009473800663,-33.93578970526188],[18.490945100784305,-33.935963280944506],[18.490929007530216,-33.93607009657332],[18.490896821022037,-33.936163560138624],[18.49086999893189,-33.936274826154026],[18.49084854125977,-33.93641279581121],[18.49082171916962,-33.93655076524483],[18.49078953266144,-33.93669763568657],[18.490768074989322,-33.93681335161376],[18.490735888481144,-33.93699582641018],[18.490692973136905,-33.93718275140592],[18.490633964538578,-33.93740528062771],[18.49059104919434,-33.937681216055],[18.49057495594025,-33.93784588677102],[18.49055886268616,-33.93803280990056],[18.49055886268616,-33.938268688502184],[18.49056959152222,-33.93846006122711],[18.49058568477631,-33.9386380819804],[18.49059104919434,-33.93880720135124],[18.49059641361237,-33.9389585183983],[18.49060714244843,-33.939092033216504],[18.490623235702518,-33.939319007926905],[18.490660786628727,-33.93954153156538],[18.490682244300846,-33.93978630689597],[18.490703701972965,-33.94006668504625],[18.490730524063114,-33.940427169882696],[18.490751981735233,-33.94077430198628],[18.490773439407352,-33.941068028045315],[18.490802943706516,-33.94133282566933],[18.49083781242371,-33.94163767569552],[18.491020202636722,-33.94302617587384],[18.491108715534214,-33.94349790475461],[18.491135537624363,-33.94371151697281],[18.491258919239048,-33.94415654070573],[18.491376936435703,-33.94441687851087],[18.491564691066745,-33.9447773449266],[18.492031395435337,-33.94540259478054],[18.492294251918796,-33.94567182906813],[18.492672443389896,-33.94597666355588],[18.493230342864994,-33.94635492381118],[18.493581712245945,-33.94658855430554],[18.493874073028568,-33.946777683283685],[18.494442701339725,-33.947129239561725],[18.494732379913334,-33.94731169224759],[18.4952849149704,-33.94766324631994],[18.49581062793732,-33.94801034891613],[18.49634170532227,-33.94834410007752],[18.496910333633426,-33.94868229991933],[18.49780082702637,-33.949229646815745],[18.498460650444034,-33.94959009284959],[18.499174118041996,-33.94981258963933],[18.499866127967838,-33.94991493796727],[18.500391840934757,-33.94991938789178],[18.50102484226227,-33.949843739143475],[18.502376675605777,-33.949474394289034],[18.505665063858036,-33.94852210016177],[18.509656190872196,-33.947409593527546],[18.510401844978336,-33.947218240920755],[18.510986566543583,-33.94700463750273],[18.51179659366608,-33.94660412964904],[18.51350784301758,-33.9454248455804],[18.51576089859009,-33.943822773124154],[18.51680159568787,-33.94311963180315],[18.517477512359623,-33.94264790082617],[18.51900100708008,-33.94157982102995],[18.519923686981205,-33.940921165142484],[18.5205352306366,-33.940520628665205],[18.521382808685306,-33.93992872130991],[18.521699309349064,-33.93970174822496],[18.521967530250553,-33.93951482875948],[18.52226257324219,-33.93931010696928],[18.522627353668216,-33.93906087977765],[18.522863388061527,-33.93889176091071],[18.523120880126957,-33.93870483966692],[18.52331936359406,-33.938566873723744],[18.52349638938904,-33.9384556107035],[18.523673415184025,-33.93833544647833],[18.523898720741276,-33.938206381010545],[18.524236679077152,-33.93805061208198],[18.524698019027714,-33.937925996733924],[18.52499306201935,-33.93786813954606],[18.52531492710114,-33.937832535103205],[18.525593876838688,-33.9378191834333],[18.52578163146973,-33.9378147328762],[18.525964021682743,-33.93782363399016],[18.526124954223636,-33.93786368899151],[18.526360988616947,-33.93789929342134],[18.526639938354496,-33.93794824948803],[18.52679014205933,-33.93801055716857],[18.526983261108402,-33.93806841425967],[18.52727830410004,-33.93817077670914],[18.527460694313053,-33.93822863369137],[18.527680635452274,-33.938299842230904],[18.527857661247257,-33.93835769912542],[18.52805078029633,-33.938424457031786],[18.528351187705997,-33.93851346749218],[18.5286231,-33.9385789],[18.5299805,-33.9390251],[18.530296,-33.9391293],[18.5313898,-33.9394875],[18.5318555,-33.9396288],[18.5322318,-33.9397245],[18.5326738,-33.9398512],[18.533132,-33.9399786],[18.5334927,-33.9400694],[18.5339424,-33.9401816],[18.534106,-33.9402224],[18.5346529,-33.9402926],[18.535135,-33.9403926],[18.5363638,-33.9405904],[18.5372596,-33.9407336],[18.5374218,-33.9407595],[18.537629,-33.9407889],[18.5385067,-33.9409256],[18.5398086,-33.9411253],[18.5403496,-33.9412059],[18.5416971,-33.9413846],[18.5426634,-33.9414631],[18.5433001,-33.9415065],[18.5444583,-33.9415855],[18.546226,-33.941706],[18.5465728,-33.9417296],[18.5468585,-33.9417462],[18.5471603,-33.9417548],[18.5473702,-33.9417608],[18.547541,-33.9417641],[18.547824,-33.9417695],[18.5481707,-33.941777],[18.5484813,-33.9417879],[18.5487416,-33.9417977],[18.5501826,-33.9418963],[18.5504686832428,-33.9419269484336],[18.55073690414429,-33.94198925320238],[18.551166057586673,-33.94202485590693],[18.551702499389652,-33.94203375658073],[18.552410602569584,-33.942096061271336],[18.55301141738892,-33.94214946525557],[18.553547859191898,-33.942193968550164],[18.554148674011234,-33.94224737247296],[18.554921150207523,-33.942291875716386],[18.555564880371097,-33.9423719814959],[18.556090593338016,-33.94245208720005],[18.55650901794434,-33.94248768971102],[18.557109832763675,-33.942585596539445],[18.55777502059937,-33.94264790082617],[18.55849385261536,-33.942736906870955],[18.559148311614994,-33.942861515177334],[18.559663295745853,-33.9429950238746],[18.56001734733582,-33.94314633347838],[18.560339212417606,-33.94332434443263],[18.56075763702393,-33.94360026067606],[18.56128334999085,-33.944089787294104],[18.56151938438416,-33.94437460148555],[18.56171250343323,-33.94470391670645],[18.561884164810184,-33.94497092811243],[18.562066555023197,-33.94537144365097],[18.56220602989197,-33.9457185555933],[18.562388420104984,-33.94616356883329],[18.562554717063907,-33.9466263801348],[18.56273174285889,-33.94711588934984],[18.563075065612797,-33.9480637491899],[18.56323599815369,-33.94857550011446],[18.563375473022464,-33.94897154871781],[18.56345593929291,-33.94926079653325],[18.563590049743656,-33.949585642907856],[18.563665151596073,-33.94991048804254],[18.56369733810425,-33.95032433004823],[18.56370270252228,-33.95079156860372],[18.563665151596073,-33.95106746064142],[18.563632965087894,-33.95138340042473],[18.563573956489567,-33.951823934220904],[18.563541769981388,-33.95223776692173],[18.563489207690097,-33.95284695420882],[18.563465274592055,-33.953084013059694],[18.563486483156534,-33.95332420771853],[18.563413553357925,-33.95402963074071],[18.563388165220776,-33.9547375811189],[18.56331948502779,-33.95544489008347],[18.563256294997316,-33.95615031237611],[18.56318256853663,-33.95685563083527],[18.563110680501467,-33.95756113847287],[18.563040234395153,-33.95826673515342],[18.56296932008141,-33.95897230773809],[18.562898249790145,-33.95967786898668],[18.562826927518234,-33.96038340529537],[18.562754838262695,-33.961088891679196],[18.562683596058868,-33.96179446158373],[18.562611984442352,-33.96249995289037],[18.562582003022992,-33.96320845254163],[18.56250829142316,-33.96391375028274],[18.562438228365554,-33.96461938355817],[18.56236816530795,-33.9653250168336],[18.562298102250345,-33.96603065010904],[18.562236136472062,-33.96673645826309],[18.562157220427693,-33.967441817016635],[18.562128690959103,-33.96814886902304],[18.562070056811827,-33.96885684462645],[18.562032593805263,-33.96922372122818],[18.56199513111807,-33.96959059829525],[18.561957720809342,-33.96995747881429],[18.56192031050061,-33.97032435933334],[18.56187815972702,-33.970690708006096],[18.56187980412292,-33.97106065137581],[18.561824196564082,-33.97142617718964],[18.561765512046055,-33.97179056859645],[18.561705792038115,-33.97215484278247],[18.561653066013832,-33.97252105775884],[18.561603726473635,-33.97288853554926],[18.561565296931207,-33.97325533853475],[18.56152707717565,-33.97362229936119],[18.561489542025807,-33.97398917060867],[18.56145200687596,-33.974356041856154],[18.561414471726117,-33.97472291310363],[18.561376936848657,-33.975089683986205],[18.561338831730094,-33.975456512091355],[18.561300836536496,-33.97582352785465],[18.56126369243738,-33.976190428002404],[18.56122654833826,-33.97655732815018],[18.561189404239144,-33.97692422829794],[18.561152260140027,-33.977291128445714],[18.56111511604091,-33.977658028593474],[18.561078028062614,-33.97802495211904],[18.56104097639929,-33.97839185901576],[18.561004580165676,-33.978759515105644],[18.56097083159335,-33.979126641844694],[18.560938911456876,-33.97949480904614],[18.5609097129856,-33.979862171372645],[18.560882126010057,-33.98022991969427],[18.56085460987446,-33.98059734944261],[18.560827090203592,-33.980964775940784],[18.56079955249445,-33.9813322048797],[18.56077201478531,-33.981699633818614],[18.56074447707617,-33.98206706275753],[18.560716817934928,-33.982434292566],[18.560687136377855,-33.98280163354586],[18.56065745861082,-33.98316897778142],[18.560627820714686,-33.9835363207194],[18.560599106080016,-33.983903818174724],[18.5605717106787,-33.98427125231766],[18.56054431527739,-33.984638686460606],[18.56051573420172,-33.98500605403035],[18.56048684546675,-33.98537342952389],[18.560459598468597,-33.985740852052345],[18.560432508777104,-33.98610829715461],[18.56036181128153,-33.986473500635356],[18.560333602237694,-33.986840903841724],[18.56030545207758,-33.98720831031837],[18.560277414350757,-33.98757571094656],[18.56025013505853,-33.98794314926466],[18.56022192490229,-33.98831059604424],[18.56019375882662,-33.98867783307491],[18.560105067090976,-33.989042189773976],[18.560080886238513,-33.98941004679395],[18.56006591100898,-33.98977766650349],[18.560064861600967,-33.990144533315856],[18.559946575503915,-33.990509554096924],[18.5599184077283,-33.990876773703825],[18.559889468745098,-33.991244125446734],[18.55986364103717,-33.99161178309127],[18.559836385479716,-33.991979156153086],[18.559808510698982,-33.99234657231054],[18.55975985527039,-33.9930371247136],[18.55972766876221,-33.993455204534634],[18.559684753417972,-33.9938821775477],[18.559566736221317,-33.99562562841542],[18.559556007385257,-33.99651513038101],[18.55952382087708,-33.99748467691535],[18.55952382087708,-33.99778710201064],[18.559598922729496,-33.99833858029509],[18.559695482254032,-33.998694370836745],[18.559867143630985,-33.99896121276507],[18.55997443199158,-33.999210264475245],[18.560092449188236,-33.99943263145661],[18.56024265289307,-33.999717260343346],[18.560435771942142,-34.00000188827637],[18.560618162155155,-34.00027762067703],[18.560864925384525,-34.00058893037623],[18.561133146286014,-34.000909133447976],[18.5614550113678,-34.00124712426974],[18.561669588088993,-34.001478380372895],[18.561819791793827,-34.00165626925456],[18.5619592666626,-34.00182526334708],[18.562184572219852,-34.002083201050574],[18.56247425079346,-34.0023856097744],[18.56271028518677,-34.002652440107155],[18.562892675399784,-34.002865903769816],[18.563150167465214,-34.003123838313094],[18.563332557678226,-34.00337287781851],[18.563568592071537,-34.00363970504969],[18.56374025344849,-34.003906531442624],[18.56394410133362,-34.00422672200762],[18.564180135726932,-34.00464474676185],[18.564298152923588,-34.004956040455],[18.564383983612064,-34.00524954489205],[18.56449127197266,-34.00556973039382],[18.564577102661136,-34.005845444719725],[18.564620018005375,-34.00602332445494],[18.56469511985779,-34.00627235545832],[18.56477022171021,-34.0066814762357],[18.56497406959534,-34.007259578321786],[18.56521010398865,-34.00781099510599],[18.565328121185306,-34.008131170950485],[18.56545686721802,-34.00846913303226],[18.565574884414676,-34.00870926316773],[18.56569290161133,-34.00896717996429],[18.56602549552918,-34.0095007984356],[18.566411733627323,-34.00998994575518],[18.566915988922123,-34.01053245130488],[18.5675060749054,-34.01100380577172],[18.568053245544437,-34.011377330094625],[18.568686246871952,-34.01173306601734],[18.56924414634705,-34.01211548047197],[18.569630384445194,-34.012328920348864],[18.56994152069092,-34.01253346639407],[18.57020974159241,-34.01270243884234],[18.5704779624939,-34.01288919747286],[18.57100367546082,-34.01314710157301],[18.571411371231083,-34.013324966013194],[18.57246279716492,-34.01370737329785],[18.573417663574222,-34.01390302287045],[18.574318885803226,-34.01397416805779],[18.574855327606205,-34.01397416805779],[18.575670719146732,-34.01394748861953],[18.57622861862183,-34.01392080917288],[18.57672214508057,-34.013867450254416],[18.57718348503113,-34.013840770782615],[18.57774138450623,-34.013787411813865],[18.57824563980103,-34.013734052811564],[18.578792810440067,-34.01370737329785],[18.57924342155457,-34.01368069377574],[18.579672574996952,-34.01366290742301],[18.580112457275394,-34.013636227886934],[18.580605983734134,-34.013600655159124],[18.581292629241947,-34.01356508241639],[18.582075834274296,-34.013471703895846],[18.582574725151066,-34.0133916650822],[18.583036065101627,-34.01335164564709],[18.583545684814457,-34.01332051940673],[18.583928072225664,-34.01330156501112],[18.58420857232746,-34.01328177834112],[18.58447909355164,-34.01327605332929],[18.58496189117432,-34.01323158722856],[18.586758971214298,-34.01311597525766],[18.58724713325501,-34.01308484893091],[18.5874617099762,-34.01308040231187],[18.58797669410706,-34.013044829351166],[18.588411211967472,-34.013004809752566],[18.58895838260651,-34.01301370299834],[18.589312434196476,-34.01298257663409],[18.589537739753727,-34.01298257663409],[18.5897539,-34.0130194],[18.589924,-34.013017],[18.5900519,-34.0130181],[18.590221,-34.0130145],[18.5903257,-34.0130071],[18.5905332,-34.0129971],[18.5906187,-34.012996],[18.5907394,-34.0129965],[18.5910075,-34.0129967],[18.5912041,-34.0129835],[18.591791,-34.0129359],[18.5924622,-34.0128903],[18.5928954,-34.012858],[18.5932206,-34.012838],[18.5934352,-34.0128269],[18.5936216,-34.0128236],[18.5938087,-34.0128224],[18.5941996,-34.0128347],[18.5944142,-34.0128458],[18.5945716,-34.012857],[18.5945858,-34.012858],[18.5948239,-34.0128808],[18.5949835,-34.0128986],[18.5952309,-34.012932],[18.5953992,-34.0129598],[18.5956399,-34.0130031],[18.5959276,-34.0130615],[18.5961234,-34.0131049],[18.5964493,-34.0131916],[18.5967738,-34.0132916],[18.5969717,-34.0133588],[18.5971279,-34.0134166],[18.5972948,-34.0134806],[18.5974397,-34.01354],[18.5975913,-34.0136056],[18.597779,-34.0136885],[18.597971,-34.0137868],[18.5981552,-34.0138808],[18.598336,-34.0139785],[18.5984752,-34.0140581],[18.5985797,-34.0141196],[18.5986617,-34.0141717],[18.5987701,-34.0142365],[18.5988995,-34.0143243],[18.5990336,-34.014411],[18.5992052,-34.0145361],[18.5994426,-34.0147245],[18.59959,-34.014847],[18.5997652,-34.0150001],[18.5999083,-34.0151336],[18.6000086,-34.0152319],[18.6001332,-34.0153587],[18.600247,-34.0154796],[18.6003465,-34.0155921],[18.6004579,-34.0157183],[18.6005598,-34.0158369],[18.6006697,-34.0159773],[18.6007455,-34.0160801],[18.6008682,-34.0162502],[18.6010252,-34.0164908],[18.6011674,-34.0167076],[18.6013135,-34.0169483],[18.6015925,-34.0173785],[18.6017274,-34.0175916],[18.6018519,-34.0177992],[18.6019903,-34.0180045],[18.6021208,-34.0182188],[18.6022784,-34.0184673],[18.6023902,-34.0186346],[18.602457,-34.0187403],[18.6026566,-34.0190559],[18.602772,-34.019237],[18.6028804,-34.0194061],[18.6029998,-34.0196018],[18.6031481,-34.0198279],[18.6034378,-34.0202925],[18.6036926,-34.0206843],[18.6039011,-34.0210166],[18.6041928,-34.0214707],[18.6047499,-34.0223504],[18.6048687,-34.0225381],[18.6050692,-34.0228546],[18.6051647,-34.0230043],[18.605768,-34.0239506],[18.6061374,-34.0245302],[18.6065257,-34.0251354],[18.6065981,-34.0252482],[18.6069448,-34.0257973],[18.6073511,-34.026437],[18.6073918,-34.0265023],[18.6075463,-34.0267498],[18.6076844,-34.0269838],[18.6078225,-34.0272345],[18.6079337,-34.0274357],[18.608029,-34.027637],[18.6081861,-34.0279687],[18.6086651,-34.0289571],[18.6094755,-34.0305996],[18.6098169,-34.0313011],[18.6100233,-34.031725],[18.6104026,-34.0325048],[18.6104914,-34.0326874],[18.6107368,-34.0331909],[18.6111914,-34.0341211],[18.6114135,-34.0345965],[18.6116488,-34.035068],[18.612223,-34.0362472],[18.6129349,-34.0376974],[18.6131964,-34.0382464],[18.6134217,-34.0386966],[18.6140265,-34.0399456],[18.6143605,-34.0406302],[18.6148963,-34.0417143],[18.6153381,-34.0426255],[18.6159765,-34.0439312],[18.6164895,-34.0449858],[18.6169756,-34.0459942],[18.6173042,-34.0466566],[18.6178876,-34.0478533],[18.6186185,-34.0493512],[18.6190719,-34.0502869],[18.6194072,-34.0508052],[18.6198586,-34.0517481],[18.6207142,-34.053494],[18.6208221,-34.053723],[18.6209798,-34.0540434],[18.6212254,-34.0545323],[18.6215085,-34.055127],[18.6217766,-34.055667],[18.6221599,-34.0564595],[18.6222826,-34.056717],[18.6223809,-34.0569242],[18.6224623,-34.0571056],[18.6225243,-34.0572586],[18.6225797,-34.0574075],[18.6226306,-34.057552],[18.6226722,-34.0576823],[18.6227181,-34.0578436],[18.6227436,-34.0579264],[18.622801,-34.0581494],[18.6228411,-34.0583386],[18.6228835,-34.0585872],[18.6229089,-34.0588111],[18.622921,-34.0589039],[18.6229317,-34.0591014],[18.622932,-34.0592175],[18.6229324,-34.0593449],[18.6229304,-34.0594513],[18.622922,-34.0595852],[18.6229119,-34.0597141],[18.6228978,-34.0598546],[18.6228744,-34.0600093],[18.6228593,-34.0601046],[18.6228432,-34.0601918],[18.6228244,-34.0602788],[18.6227775,-34.0604715],[18.6227329,-34.0606404],[18.6226387,-34.0609529],[18.622519,-34.0613434],[18.6223936,-34.061747],[18.6223245,-34.0619706],[18.6222273,-34.0622831],[18.6221763,-34.0624503],[18.622147,-34.0625456],[18.6220566,-34.0628394],[18.621954,-34.0631738],[18.6218669,-34.0634532],[18.6217666,-34.0637793],[18.6217279,-34.0639055],[18.6214228,-34.0648884],[18.6214014,-34.0649526],[18.6213417,-34.065164],[18.6212985,-34.0652544],[18.6212623,-34.065341],[18.6212227,-34.0654349],[18.6211621,-34.0655924],[18.6210528,-34.0659447],[18.6207227,-34.0670215],[18.6205517,-34.0675682]]}},{"type":"Feature","properties":{"routeId":"ct-nolu","source":"manual-edit","license":"ODbL","stations":13,"stationNames":["CAPE TOWN","ESPLANADE","YSTERPLAAT","MUTUAL","LANGA","BONTEHEUWEL","NETREG","HEIDEVELD","NYANGA","PHILIPPI","STOCK ROAD","MANDALAY","NOLUNGILE"],"stationCoords":[[-33.923631,18.427186],[-33.92364,18.446037],[-33.919902,18.476775],[-33.922093,18.511988],[-33.938934,18.529744],[-33.94185,18.549579],[-33.952666,18.563566],[-33.969594,18.561877],[-33.992713,18.559776],[-34.013288,18.584421],[-34.014122,18.606174],[-34.019015,18.624391],[-34.016811,18.649023]],"railHops":11,"chordHops":0,"stationSource":"nolu_to_ct_weekday","stationPinsStripped":true,"maxStationOffsetM":60,"noluViaYsterplaat":true,"manualEdit":true,"manualEditAt":"2026-09-17T02:20:48.369Z","stationOrderOverride":true},"geometry":{"type":"LineString","coordinates":[[18.42717826366425,-33.92363407696572],[18.427805900573734,-33.92408810818444],[18.42840671539307,-33.92440859935247],[18.429050445556644,-33.92467567440476],[18.42914700508118,-33.92473354055573],[18.429265022277836,-33.9247780529528],[18.429356217384342,-33.92480921161691],[18.42943668365479,-33.9248448215048],[18.429576158523563,-33.924880431377794],[18.429780006408695,-33.92494274861973],[18.430005311965946,-33.925031773171966],[18.430316448211673,-33.925129700071984],[18.430724143981937,-33.92519201713156],[18.43112111091614,-33.92529884627048],[18.43161463737488,-33.92538787045058],[18.432086706161503,-33.92545018732129],[18.432601690292362,-33.92542348009657],[18.433095216751102,-33.92541457768647],[18.43339562416077,-33.92538787045058],[18.433717489242557,-33.925405675275435],[18.434007167816166,-33.92541457768647],[18.434307575225834,-33.92543238250574],[18.434822559356693,-33.92544128491398],[18.43535900115967,-33.92541457768647],[18.435959815979007,-33.92542348009657],[18.436474800109867,-33.92538787045058],[18.437032699584964,-33.92538787045058],[18.43760132789612,-33.92532555353428],[18.43812704086304,-33.92527213899832],[18.43891024589539,-33.92525433414554],[18.439521789550785,-33.9251653098259],[18.440068960189823,-33.92510299274678],[18.44086289405823,-33.924907138772774],[18.441463708877567,-33.924729089314745],[18.442307334201942,-33.92444445705161],[18.442683329582213,-33.92432320391472],[18.443056755551332,-33.924202613665656],[18.44342963540658,-33.92408363050884],[18.44380410784407,-33.92396396569066],[18.44421349110639,-33.92391654716716],[18.44463419180104,-33.92387822426066],[18.445057464690958,-33.923818504905434],[18.44541728496552,-33.92376761581066],[18.445771336555485,-33.92370529770908],[18.446044921875004,-33.923656333454424],[18.446581363677982,-33.92361182047122],[18.44686031341553,-33.92358511267013],[18.447219729423527,-33.923540599649726],[18.44789028167725,-33.92345602484685],[18.448308706283573,-33.92342931699693],[18.448496460914615,-33.92341596306883],[18.449006080627445,-33.923340290770035],[18.4496937,-33.9232274],[18.4520461,-33.9226629],[18.452732,-33.9225087],[18.453015,-33.9224406],[18.4533721,-33.922369],[18.4535521,-33.9223349],[18.4539011,-33.9222719],[18.4541177,-33.9222475],[18.4543499,-33.9222181],[18.4547447,-33.9221944],[18.4550793,-33.9221785],[18.4554,-33.9221695],[18.4561775,-33.9221531],[18.4562682,-33.9221524],[18.4564609,-33.9221374],[18.4566138,-33.9221229],[18.4568144,-33.922107],[18.4569276,-33.9221046],[18.4571805,-33.9220834],[18.4574145,-33.9220579],[18.4576115,-33.9220413],[18.4576974,-33.9220406],[18.4578966,-33.9220261],[18.4580019,-33.9220138],[18.4582245,-33.9219953],[18.458442,-33.9219943],[18.4591001,-33.9219843],[18.4593174,-33.9219882],[18.4594501,-33.9219932],[18.4596714,-33.9220088],[18.4599443,-33.9220371],[18.460293,-33.9220805],[18.4609452,-33.9221508],[18.4631066,-33.9224372],[18.4634772,-33.9224798],[18.4638931,-33.9225229],[18.4641398,-33.9225351],[18.4642987,-33.9225423],[18.464575,-33.9225457],[18.4647313,-33.9225468],[18.4649029,-33.922539],[18.4651155,-33.9225284],[18.4653917,-33.9225073],[18.4657237,-33.9224722],[18.4661367,-33.922426],[18.466871,-33.922342],[18.4669181,-33.9223366],[18.4683598,-33.9221702],[18.4686777,-33.9221272],[18.4690393,-33.9220732],[18.4721402,-33.9213808],[18.4733908,-33.9210924],[18.4736181,-33.9210336],[18.4738624,-33.9209666],[18.4741284,-33.9208867],[18.4743478,-33.920814],[18.4747865,-33.9206564],[18.4753535,-33.9204263],[18.476788401603702,-33.91985038937249],[18.477206826210026,-33.919685683860735],[18.477517962455753,-33.9195343325692],[18.4778505563736,-33.91938298100881],[18.478279709815983,-33.919227177651116],[18.47881078720093,-33.9190402132458],[18.479497432708744,-33.918862151525985],[18.47979784011841,-33.91879982983614],[18.480194807052616,-33.918715250327004],[18.480672240257267,-33.91861286449309],[18.481026291847233,-33.91852828479837],[18.48134815692902,-33.91844815658908],[18.481691479682926,-33.91835912515704],[18.481991887092594,-33.91827899678866],[18.48229765892029,-33.918194416762525],[18.482973575592045,-33.91803415964065],[18.483504652976993,-33.91792286979534],[18.483955264091495,-33.91781603140709],[18.484904766082767,-33.91760680584206],[18.48533391952515,-33.917508870294675],[18.485720157623295,-33.91743764437135],[18.48631024360657,-33.9173174504907],[18.48734021186829,-33.9170993204224],[18.488472104072574,-33.91688118979572],[18.48909437656403,-33.91679883420983],[18.489432334899906,-33.91672315603369],[18.489909768104557,-33.916645251958634],[18.490266501903537,-33.9165940578134],[18.490867316722873,-33.91648944359487],[18.49118918180466,-33.916431571844335],[18.49147349596024,-33.916395958439864],[18.491728305816654,-33.91636034502049],[18.491854369640354,-33.916355893342036],[18.4919884800911,-33.91634031246557],[18.492272794246677,-33.91632695742632],[18.49254369735718,-33.916322505746116],[18.49284946918488,-33.91634921582389],[18.493391275405887,-33.916395958439864],[18.493882119655613,-33.916460507724516],[18.49447220563889,-33.91654508947179],[18.494984507560734,-33.91664302612688],[18.4953385591507,-33.916740962669415],[18.495671153068546,-33.916845576579156],[18.49607884883881,-33.91698802935611],[18.49656701087952,-33.91717054662855],[18.497012257575992,-33.917339708629534],[18.4973019361496,-33.91747770896055],[18.4976077079773,-33.917637967129],[18.49808514118195,-33.91787835381652],[18.49853038787842,-33.91810093347806],[18.498943448066715,-33.91831906098227],[18.499640822410587,-33.91868408943405],[18.500257730484012,-33.919075825545114],[18.50082635879517,-33.91951207500365],[18.501169681549076,-33.91981922889468],[18.501443266868595,-33.92005515794312],[18.5020387172699,-33.92067391215533],[18.50230157375336,-33.92099441616765],[18.502467870712284,-33.921297113294415],[18.502650260925297,-33.92164877478239],[18.502746820449833,-33.92183573346349],[18.502961397171024,-33.92218294135417],[18.503251075744632,-33.922539050541374],[18.503658771514896,-33.9228328395002],[18.504152297973636,-33.92304650356118],[18.504688739776615,-33.92315333539071],[18.50530028343201,-33.923188945970786],[18.505901098251346,-33.923188945970786],[18.506426811218265,-33.923151109728956],[18.506853282451633,-33.92311772479575],[18.507250249385837,-33.92306876020338],[18.507741093635563,-33.92298195926592],[18.508009314537052,-33.92292631759281],[18.508476018905643,-33.92284619351971],[18.50883007049561,-33.92275271533918],[18.50926995277405,-33.922663688405216],[18.50978493690491,-33.9225657586704],[18.510338691765625,-33.9224951725151],[18.510753294510415,-33.92243101501007],[18.51116789725521,-33.92236685750503],[18.5115825,-33.9223027],[18.5137064,-33.9220604],[18.5142717,-33.9219903],[18.5144246,-33.9219764],[18.5146244,-33.9219664],[18.51479,-33.9219636],[18.5148933,-33.9219642],[18.5149899,-33.9219703],[18.5151669,-33.9219831],[18.5152909,-33.9219976],[18.5154385,-33.9220204],[18.5156007,-33.922051],[18.5157422,-33.9220871],[18.5158569,-33.9221183],[18.5160178,-33.9221673],[18.5161586,-33.9222207],[18.5163108,-33.9222836],[18.516451,-33.9223509],[18.5165791,-33.9224177],[18.5166931,-33.9224861],[18.516801,-33.9225523],[18.5169076,-33.9226285],[18.5169935,-33.9226914],[18.51709,-33.922771],[18.5171725,-33.9228428],[18.5172583,-33.9229234],[18.5173572,-33.9230262],[18.517481,-33.9231599],[18.517603,-33.9233079],[18.517776,-33.9235136],[18.518054,-33.9238604],[18.5181808,-33.9240411],[18.5183297,-33.9242624],[18.5184667,-33.924455],[18.5190673,-33.925181],[18.5197864,-33.9260651],[18.5201499,-33.9265097],[18.5205101,-33.9269489],[18.5207484,-33.927242],[18.5209309,-33.9274725],[18.5211378,-33.9277527],[18.521271,-33.9279387],[18.5213932,-33.928136],[18.5214935,-33.9282991],[18.5215768,-33.9284454],[18.52167,-33.9286236],[18.5217617,-33.9288087],[18.5218883,-33.9290757],[18.5225001,-33.9303912],[18.5225922,-33.9306021],[18.5226739,-33.9308009],[18.5227109,-33.9308961],[18.5227614,-33.9310297],[18.5227999,-33.9311488],[18.5228262,-33.9312457],[18.5228601,-33.9313788],[18.5228817,-33.9314847],[18.5229008,-33.9315991],[18.5229141,-33.9316926],[18.5229219,-33.931789],[18.5229301,-33.9318778],[18.5229327,-33.9319785],[18.5229337,-33.9320729],[18.5229311,-33.9322312],[18.52291,-33.9325753],[18.5228761,-33.9330537],[18.5228426,-33.9334922],[18.5228273,-33.9337218],[18.5228181,-33.9340018],[18.5228176,-33.9341196],[18.5228212,-33.9342298],[18.5228248,-33.9343166],[18.522836,-33.9344352],[18.5228508,-33.9345416],[18.5228672,-33.9346411],[18.5228917,-33.9347606],[18.5229177,-33.9348699],[18.522956,-33.9350008],[18.5230035,-33.935141],[18.5230397,-33.9352363],[18.5230898,-33.935352],[18.5231281,-33.9354346],[18.5231735,-33.935527],[18.5232419,-33.9356507],[18.5233078,-33.9357612],[18.5234089,-33.9359142],[18.5235269,-33.9360709],[18.5236372,-33.9362048],[18.5237597,-33.9363391],[18.5239479,-33.9365226],[18.5240894,-33.9366431],[18.5241853,-33.9367239],[18.5243357,-33.9368344],[18.524461,-33.9369218],[18.5246689,-33.93705],[18.5247333,-33.9370846],[18.5247845,-33.9371121],[18.5249572,-33.9371997],[18.5252415,-33.9373265],[18.5255471,-33.9374409],[18.5259015,-33.9375642],[18.5260293,-33.9376071],[18.5262001,-33.9376742],[18.5263774,-33.9377524],[18.5265396,-33.9378177],[18.5266256,-33.9378445],[18.5268673,-33.9379235],[18.5271802,-33.9380313],[18.5273309,-33.9380857],[18.5274705,-33.9381409],[18.5276262,-33.9382058],[18.5278945,-33.9383183],[18.5280959,-33.9383979],[18.5283633,-33.9384933],[18.5286231,-33.9385789],[18.5299805,-33.9390251],[18.530296,-33.9391293],[18.5313898,-33.9394875],[18.5318555,-33.9396288],[18.5322318,-33.9397245],[18.5326738,-33.9398512],[18.533132,-33.9399786],[18.5334927,-33.9400694],[18.5338803,-33.9402354],[18.5340825,-33.9402859],[18.5343937,-33.9403612],[18.5351225,-33.9404989],[18.5363442,-33.9406839],[18.5372525,-33.9408294],[18.5374108,-33.9408548],[18.5384735,-33.9410171],[18.5402528,-33.9412928],[18.5416894,-33.9414822],[18.5426601,-33.9415522],[18.5432153,-33.9415879],[18.543423,-33.9416012],[18.5444705,-33.9416736],[18.5462084,-33.9417937],[18.5465681,-33.9418186],[18.5472551,-33.9418633],[18.5474426,-33.9418755],[18.5480925,-33.9419221],[18.5487292,-33.9419649],[18.5501704,-33.942064],[18.5516794,-33.9420337],[18.5522421,-33.9420797],[18.5531193,-33.9421623],[18.5536111,-33.9422038],[18.5552278,-33.9423537],[18.55554,-33.9424019],[18.5557603,-33.9424398],[18.5559162,-33.9424659],[18.5560968,-33.9424865],[18.5581831,-33.9426751],[18.5583926,-33.9426988],[18.5585489,-33.9427186],[18.5587065,-33.9427415],[18.5588688,-33.942769],[18.5591397,-33.9428249],[18.5594058,-33.9428963],[18.5596028,-33.9429599],[18.5598156,-33.9430387],[18.5599831,-33.9431078],[18.5600818,-33.943152],[18.5601898,-33.9432025],[18.5602862,-33.9432549],[18.5605318,-33.9433926],[18.56079,-33.9435574],[18.561022,-33.9437396],[18.5610987,-33.9438009],[18.5612339,-33.9439274],[18.5614341,-33.944128],[18.5616395,-33.9443717],[18.5616895,-33.9444365],[18.5618135,-33.9446146],[18.5619005,-33.944759],[18.5619702,-33.9448805],[18.562074,-33.9450943],[18.5621809,-33.9453398],[18.5623007,-33.9456544],[18.5626996,-33.9467535],[18.5630227,-33.947658],[18.5632711,-33.9483446],[18.5633626,-33.9485895],[18.5633976,-33.9486918],[18.5635064,-33.9489814],[18.5635835,-33.9491933],[18.5636753,-33.949446],[18.5637345,-33.9496149],[18.5637774,-33.94974],[18.5638215,-33.9498848],[18.5638682,-33.9500545],[18.5638929,-33.9501644],[18.5639231,-33.9503185],[18.5639467,-33.9505553],[18.5639512,-33.9507629],[18.5639501,-33.9509168],[18.5639273,-33.9511895],[18.5638966,-33.9514787],[18.5638716,-33.9517185],[18.56369733810425,-33.952722794084764],[18.563399,-33.9541704],[18.5633846,-33.9543158],[18.5633682,-33.9544603],[18.5633557,-33.9545618],[18.5633312,-33.9546896],[18.5633045,-33.9548156],[18.5632692,-33.9550086],[18.563234,-33.9553517],[18.563181,-33.9558673],[18.5631421,-33.9562469],[18.5631275,-33.9563892],[18.5630798,-33.9569157],[18.5629586,-33.9580712],[18.5627436,-33.9601859],[18.5625934,-33.9616598],[18.5625502,-33.9620919],[18.5625343,-33.9622807],[18.5621611,-33.9659228],[18.5620951,-33.9665512],[18.56202,-33.9673306],[18.5619313,-33.9682052],[18.561863,-33.9688855],[18.5617515,-33.96993],[18.561718216949817,-33.97028735866271],[18.56168250191743,-33.97064450736476],[18.561645278962235,-33.97100156574255],[18.561609273284173,-33.97135875894568],[18.561613962660815,-33.97171878474396],[18.56157644420196,-33.9720758181818],[18.56153892574311,-33.97243285161964],[18.56150140728426,-33.97278988505747],[18.561465212882492,-33.97314703773598],[18.561429267178113,-33.97350420011344],[18.56139332147373,-33.9738613624909],[18.561357375769347,-33.97421852486837],[18.561321430064964,-33.97457568724584],[18.561348681536476,-33.97493719629298],[18.561313059910418,-33.97529439621047],[18.561277357069496,-33.975651577631886],[18.561240926227267,-33.97600874220282],[18.561204130569376,-33.97636583611961],[18.561167712327553,-33.976722947244355],[18.561132045069243,-33.97708013144797],[18.561095003518062,-33.977437203458436],[18.561057929368783,-33.97779428982424],[18.561021480125955,-33.978151412001225],[18.561028884800503,-33.97851159698673],[18.560994537338356,-33.97886876388836],[18.560961684030218,-33.97922615168447],[18.560931854817266,-33.97958359258279],[18.560903747988633,-33.979941196079075],[18.560831926579983,-33.98029652093559],[18.560804929707775,-33.980654311391305],[18.560778134362725,-33.98101203218084],[18.560751310501107,-33.98136975298134],[18.56072494286193,-33.98172750226093],[18.56069862724265,-33.98208524471623],[18.560672036409848,-33.98244299444668],[18.56064293939165,-33.98280060618648],[18.56061399434725,-33.98315819595303],[18.560586916956645,-33.98351590556637],[18.560560034554708,-33.98387360789588],[18.56053353009254,-33.98423134240812],[18.560506567549094,-33.9845891128269],[18.56047879382484,-33.98494679046533],[18.560451015997778,-33.98530447736878],[18.560362185290415,-33.98565890073969],[18.560334694571722,-33.986016591592275],[18.56030719176563,-33.986374280706535],[18.56027967242439,-33.98673197023191],[18.560252153083148,-33.98708965975728],[18.560224639662422,-33.98744735020438],[18.560197150937764,-33.98780504113998],[18.560169662213106,-33.98816273207559],[18.560143742622486,-33.98852049511486],[18.560117692058874,-33.98887827362237],[18.56009014260142,-33.98923596174334],[18.56007145115154,-33.98959372280867],[18.55998722002076,-33.98994892572311],[18.559961442608664,-33.99030662830871],[18.559934971553716,-33.990664319203475],[18.55990699274641,-33.99102197503012],[18.55987991337484,-33.991379779004205],[18.55985471688311,-33.9917375307979],[18.559827578718362,-33.99209523765509],[18.559800138396707,-33.99245292265162],[18.5597704,-33.9928105],[18.5597528,-33.9930598],[18.559711,-33.9935435],[18.5596626,-33.9942057],[18.5596148,-33.9947881],[18.5595877,-33.9951593],[18.5595688,-33.9953789],[18.5595535,-33.9955593],[18.5595429,-33.995731],[18.5595358,-33.9958004],[18.5595263,-33.9959354],[18.5595039,-33.9962293],[18.5594803,-33.9965609],[18.5594508,-33.996915],[18.5594385,-33.9971355],[18.5594379,-33.9972822],[18.5594367,-33.9974167],[18.5594396,-33.9975243],[18.5594467,-33.9976436],[18.5594561,-33.9977664],[18.5594685,-33.9978955],[18.5594833,-33.9980055],[18.5595022,-33.9981248],[18.5595269,-33.9982559],[18.5595588,-33.9983972],[18.5595918,-33.9985322],[18.5596302,-33.9986676],[18.559685,-33.9988339],[18.5597399,-33.9989948],[18.5597983,-33.9991322],[18.5598372,-33.9992286],[18.5598938,-33.9993503],[18.5599493,-33.9994604],[18.5600024,-33.9995699],[18.5600755,-33.9996961],[18.5601233,-33.9997811],[18.5601923,-33.9998922],[18.5602666,-33.9999997],[18.5603598,-34.0001376],[18.5603905,-34.0001836],[18.5605667,-34.000416],[18.560791,-34.0006701],[18.5611135,-34.0010208],[18.5614672,-34.0013985],[18.5617235,-34.0016756],[18.5619701,-34.0019473],[18.5622109,-34.0022217],[18.5624186,-34.0024708],[18.5626976,-34.0028059],[18.5628903,-34.0030389],[18.563161,-34.0033714],[18.5634348,-34.0037437],[18.5634885,-34.0038263],[18.563527,-34.0038857],[18.5636029,-34.00401],[18.5636925,-34.0041692],[18.5637963,-34.004365],[18.5638878,-34.0045722],[18.5639657,-34.0047669],[18.5640176,-34.0049057],[18.5641279,-34.0052339],[18.5642038,-34.0054916],[18.5642558,-34.0056669],[18.5644018,-34.006148],[18.5644511,-34.0063147],[18.5644745,-34.0063948],[18.564542,-34.0066283],[18.5646583,-34.0070128],[18.5647892,-34.0074482],[18.564912,-34.0078593],[18.5649248,-34.0079022],[18.565089,-34.0084579],[18.5651643,-34.0087043],[18.5652597,-34.0090061],[18.565324,-34.0091965],[18.5653921,-34.0093773],[18.5654524,-34.0095182],[18.5655401,-34.0097119],[18.5656264,-34.0098776],[18.5657133,-34.0100355],[18.5657542,-34.0101041],[18.5658392,-34.0102353],[18.5659216,-34.0103671],[18.5660372,-34.010522],[18.5661611,-34.0106807],[18.5662617,-34.0108045],[18.5663967,-34.0109567],[18.5665726,-34.0111397],[18.5666108,-34.0111794],[18.5667316,-34.0112892],[18.5668996,-34.0114414],[18.5670586,-34.0115737],[18.5672267,-34.0117028],[18.5674065,-34.0118325],[18.5676051,-34.0119643],[18.5677803,-34.0120724],[18.5679918,-34.0121918],[18.5682209,-34.0123102],[18.5684331,-34.0124129],[18.5687732,-34.0125582],[18.5691918,-34.0127201],[18.5693327,-34.0127724],[18.5696194,-34.0128788],[18.5698096,-34.0129503],[18.5702606,-34.0131181],[18.5706435,-34.0132602],[18.5709868,-34.0133861],[18.5711246,-34.0134366],[18.5716895,-34.0136354],[18.571969,-34.0137252],[18.5721657,-34.0137815],[18.5723747,-34.0138397],[18.5726435,-34.0139053],[18.5730464,-34.0139852],[18.5732323,-34.0140181],[18.5734998,-34.0140567],[18.5738124,-34.0140918],[18.5739908,-34.0141095],[18.5741431,-34.0141184],[18.5742115,-34.0141224],[18.5744295,-34.0141343],[18.5748299,-34.0141386],[18.5752811,-34.0141238],[18.5756282,-34.0141047],[18.5759617,-34.0140832],[18.5765804,-34.0140372],[18.5791364,-34.0138556],[18.5796515,-34.0138145],[18.5798874,-34.013779],[18.5800594,-34.0137548],[18.5803001,-34.0137199],[18.5804748,-34.0137053],[18.5806039,-34.0136985],[18.5807563,-34.0136758],[18.5808506,-34.0136634],[18.5810328,-34.0136376],[18.5812845,-34.0135978],[18.5814751,-34.0135832],[18.5820454,-34.0135482],[18.5821943,-34.0135381],[18.5833151,-34.0134547],[18.5837711,-34.0134214],[18.5839586,-34.0134099],[18.5845005,-34.0133733],[18.5850211,-34.0133368],[18.5868658,-34.0132064],[18.5873519,-34.0131701],[18.5875082,-34.0131593],[18.5880683,-34.0131182],[18.5884489,-34.0130893],[18.5890678,-34.0130491],[18.5893646,-34.013028],[18.5898909,-34.0129855],[18.5903495,-34.012957],[18.5906047,-34.0129259],[18.5907212,-34.012911],[18.5909898,-34.0128766],[18.5911519,-34.0128597],[18.591479,-34.0128417],[18.5917968,-34.0128182],[18.59244,-34.0127686],[18.5928806,-34.0127374],[18.5932152,-34.0127158],[18.5934298,-34.012704],[18.5936243,-34.0127002],[18.5938027,-34.0126974],[18.5941781,-34.0127057],[18.5943585,-34.0127152],[18.5945349,-34.0127258],[18.5946226,-34.012733],[18.5947696,-34.0127452],[18.5949902,-34.012768],[18.5951853,-34.0127925],[18.5954797,-34.0128375],[18.5957023,-34.0128769],[18.5959383,-34.0129259],[18.5961502,-34.0129742],[18.596405,-34.0130404],[18.5966203,-34.0130949],[18.5968369,-34.0131587],[18.5971882,-34.0132811],[18.597502,-34.0134017],[18.5978086,-34.0135313],[18.5981093,-34.0136636],[18.598330020904545,-34.013760732316904],[18.5986181,-34.0138905],[18.5989801,-34.0140459],[18.5991841,-34.0141211],[18.5993828,-34.0141926],[18.59959,-34.0142598],[18.5998019,-34.0143209],[18.5999957,-34.0143722],[18.6001767,-34.0144146],[18.6003512,-34.0144502],[18.6005076,-34.0144792],[18.6007484,-34.0145181],[18.6009314,-34.014542],[18.6011601,-34.0145648],[18.6014726,-34.0145865],[18.6017099,-34.0145949],[18.6020258,-34.0145937],[18.6023329,-34.014581],[18.6028003,-34.0145515],[18.6032871,-34.014512],[18.6037149,-34.0144765],[18.604018,-34.0144525],[18.6042916,-34.0144308],[18.6045537,-34.0144059],[18.6048951,-34.014362],[18.6050487,-34.0143381],[18.6055866,-34.014253],[18.6059398,-34.0141924],[18.6061045,-34.0141647],[18.6069156,-34.0140287],[18.6075952,-34.0139147],[18.6079017,-34.0138663],[18.608131,-34.0138396],[18.6082772,-34.0138235],[18.6084763,-34.013808],[18.6086721,-34.0138002],[18.6088887,-34.0137952],[18.6090584,-34.0137963],[18.6092629,-34.0138052],[18.6095251,-34.0138241],[18.6097363,-34.013848],[18.6099261,-34.0138758],[18.6101051,-34.0139052],[18.6103043,-34.0139441],[18.6104732,-34.0139841],[18.6106518,-34.0140285],[18.6109267,-34.0141113],[18.6112398,-34.0142208],[18.611547,-34.0143486],[18.6116992,-34.0144187],[18.6119607,-34.0145471],[18.6122463,-34.0147144],[18.6123731,-34.0147905],[18.6124854,-34.0148579],[18.6127219,-34.0150139],[18.6129769,-34.0151686],[18.613102,-34.0152457],[18.6132977,-34.0153574],[18.6134014,-34.0154153],[18.6135967,-34.0155432],[18.613651,-34.0155771],[18.6137301,-34.0156327],[18.6138656,-34.0157294],[18.6141067,-34.0158816],[18.6141809,-34.0159235],[18.614555,-34.0161361],[18.6149969,-34.0163929],[18.6154227,-34.0166347],[18.6157386,-34.0168156],[18.6163984,-34.0171908],[18.6168557,-34.0174531],[18.6172973,-34.0177067],[18.617507,-34.0178271],[18.6179792,-34.0180966],[18.6183342,-34.01829],[18.6186095,-34.0184267],[18.6188301,-34.0185251],[18.6189503,-34.0185765],[18.6191369,-34.0186516],[18.6193468,-34.0187305],[18.6197005,-34.0188452],[18.6198635,-34.0188903],[18.6199905,-34.0189253],[18.6201356,-34.018962],[18.6203326,-34.0190043],[18.6205672,-34.0190537],[18.6207665,-34.019085],[18.6209476,-34.0191142],[18.6211385,-34.0191373],[18.6213488,-34.0191585],[18.6215481,-34.0191706],[18.621818,-34.0191837],[18.6220477,-34.0191847],[18.6221863,-34.0191867],[18.6224598,-34.0191817],[18.623019,-34.0191484],[18.6245613,-34.0190526],[18.6253395,-34.0190043],[18.6261673,-34.018952],[18.6265903,-34.0189147],[18.6271774,-34.0188421],[18.6277645,-34.0187686],[18.6281304,-34.0187263],[18.6284586,-34.018693],[18.6290275,-34.0186406],[18.6321559,-34.018385],[18.6326547,-34.0183395],[18.6355294,-34.0180962],[18.6381236,-34.0178816],[18.6406689,-34.0176679],[18.6455948,-34.0172585],[18.6469062,-34.0171483],[18.6479027,-34.0170633],[18.6482708,-34.0170319],[18.649061322212223,-34.016971104920856]]}},{"type":"Feature","properties":{"routeId":"bellville-mutual","source":"manual-edit","license":"ODbL","stations":9,"stationNames":["BELLVILLE","SAREPTA","PENTECH","UNIBELL","BELHAR","LAVISTOWN","BONTEHEUWEL","LANGA","MUTUAL"],"stationCoords":[[-33.906263,18.626621],[-33.926556,18.661143],[-33.93468,18.646054],[-33.936864,18.628118],[-33.939597,18.608945],[-33.94327,18.583722],[-33.94185,18.54958],[-33.938934,18.529744],[-33.922093,18.511988]],"railHops":9,"chordHops":0,"stationSource":"mutul_to_bellv_weekday","stationPinsStripped":true,"maxStationOffsetM":56,"manualEdit":true,"manualEditAt":"2026-09-17T02:20:48.326Z","stationOrderOverride":true},"geometry":{"type":"LineString","coordinates":[[18.6269901,-33.9060939],[18.6292571,-33.9066174],[18.6298976,-33.9067636],[18.6313599,-33.9071027],[18.6319104,-33.9072227],[18.6321711,-33.9073907],[18.6322403,-33.9074041],[18.6323753,-33.907424],[18.6324566,-33.9074326],[18.6325695,-33.9074499],[18.6326427,-33.9074629],[18.6328459,-33.9075055],[18.6329117,-33.9075165],[18.6330238,-33.9075337],[18.6332284,-33.907555],[18.6335837,-33.907594],[18.6338325,-33.9076258],[18.633932,-33.9076416],[18.634127,-33.9076744],[18.6343754,-33.9077189],[18.6347252,-33.9078006],[18.6350294,-33.9078786],[18.6369087,-33.9083817],[18.637852,-33.9086316],[18.6379427,-33.908654],[18.6394441,-33.9090576],[18.6423267,-33.9098239],[18.6475293,-33.9112117],[18.6533439,-33.9127591],[18.6572828,-33.9138093],[18.6575729,-33.9139131],[18.6577704,-33.9139918],[18.6581821,-33.9141532],[18.6584061,-33.9142506],[18.6586202,-33.9143543],[18.6588896,-33.9145039],[18.6591114,-33.9146432],[18.6592054,-33.9147164],[18.6593066,-33.9147932],[18.6594139,-33.9148805],[18.6594937,-33.9149462],[18.659609,-33.9150558],[18.6596774,-33.9151237],[18.6598327,-33.9152848],[18.6599309,-33.9154053],[18.6600134,-33.9155093],[18.6601059,-33.9156401],[18.6601837,-33.9157536],[18.6602327,-33.9158421],[18.6602984,-33.9159523],[18.660344,-33.9160435],[18.660417,-33.9162005],[18.6604908,-33.9163874],[18.6605532,-33.9165744],[18.6605981,-33.9167591],[18.6606283,-33.9168949],[18.6606488,-33.9170315],[18.6606752,-33.9172778],[18.660694,-33.9175632],[18.660747,-33.9185789],[18.6608958,-33.9212221],[18.6609312,-33.9218552],[18.6609588,-33.9223609],[18.6609976,-33.9230243],[18.6610164,-33.9233448],[18.6610305,-33.923618],[18.6611334,-33.9253973],[18.6611966,-33.926537],[18.6612557,-33.9276017],[18.6612597,-33.9278883],[18.6612526,-33.9280551],[18.6612393,-33.9282474],[18.661201,-33.9285642],[18.6611561,-33.9289008],[18.6611239,-33.9291829],[18.6610816,-33.9294833],[18.6610528,-33.9296141],[18.6610012,-33.9298066],[18.6609435,-33.9299601],[18.6608845,-33.9300948],[18.660808,-33.93024],[18.660729,-33.9303821],[18.6606142,-33.9305852],[18.6604929,-33.9307854],[18.660332,-33.9310172],[18.6601772,-33.9312167],[18.6600144,-33.9314178],[18.6598408,-33.9315997],[18.6597526,-33.9316965],[18.6596589,-33.9317831],[18.6594775,-33.93195],[18.6593382,-33.9320693],[18.6592054,-33.9321738],[18.6589582,-33.9323554],[18.6587904,-33.9324721],[18.6586234,-33.9325767],[18.6584128,-33.9326997],[18.6582298,-33.9328015],[18.6580682,-33.932881],[18.657871,-33.9329762],[18.6575451,-33.9331119],[18.6573111,-33.9331993],[18.657114,-33.933266],[18.6569115,-33.9333283],[18.6566955,-33.9333862],[18.6564139,-33.9334541],[18.6561189,-33.9335119],[18.6558302,-33.9335576],[18.6552901,-33.9336315],[18.6543989,-33.9337436],[18.6526018,-33.933972],[18.650831,-33.9341973],[18.6496769,-33.9343448],[18.6473668,-33.9346401],[18.6461833,-33.934791],[18.6444275,-33.935015],[18.6432061,-33.9351631],[18.6419304,-33.9353317],[18.641063,-33.9354408],[18.6399342,-33.9355849],[18.6393497,-33.9356579],[18.638752,-33.935735],[18.6381672,-33.9358166],[18.6380309,-33.9358342],[18.6377785,-33.9358666],[18.6375839,-33.9358917],[18.6338748,-33.9363566],[18.6299504,-33.9368523],[18.628511,-33.9370401],[18.6276015,-33.9371546],[18.6269585,-33.9372353],[18.6233245,-33.9376914],[18.6216686,-33.9379042],[18.6191187,-33.9382277],[18.6165638,-33.9385514],[18.6156372,-33.9386628],[18.6121918,-33.9391012],[18.6107138,-33.9392947],[18.6091649,-33.9394872],[18.6081577,-33.9396123],[18.6077748,-33.9396704],[18.607454,-33.9397274],[18.6070769,-33.9397982],[18.6065709,-33.9399159],[18.6061565,-33.9400115],[18.6057447,-33.9401045],[18.6054516,-33.9401755],[18.6039924,-33.9405102],[18.602412,-33.9408712],[18.6008236,-33.9412365],[18.5974162,-33.9420185],[18.5968981,-33.9421373],[18.5952542,-33.9425144],[18.5929984,-33.9430319],[18.591603,-33.9433547],[18.5913241,-33.9434207],[18.5907947,-33.9435389],[18.5904538,-33.943612],[18.5902468,-33.9436541],[18.5899375,-33.9437071],[18.5895848,-33.9437575],[18.5893648,-33.9437868],[18.5890164,-33.94383],[18.5887127,-33.9438583],[18.5884505,-33.9438747],[18.5882273,-33.9438747],[18.5880513,-33.9438696],[18.5878554,-33.9438567],[18.5875102,-33.9438192],[18.5872105,-33.9437773],[18.5868407,-33.9437246],[18.5864732,-33.9436649],[18.5861242,-33.9436042],[18.5858474,-33.9435519],[18.5855992,-33.943502],[18.5839712,-33.9432555],[18.5826347,-33.9430656],[18.5823187,-33.9430193],[18.5820148,-33.9429767],[18.5817094,-33.9429468],[18.5813868,-33.9429303],[18.5810209,-33.942922],[18.5802958,-33.9429109],[18.5796201,-33.942904],[18.5781599,-33.942882],[18.5775871,-33.9428798],[18.5761891,-33.9428696],[18.5737543,-33.942853],[18.5732504,-33.9428585],[18.5728398,-33.9428641],[18.5726616,-33.9428682],[18.5723772,-33.9428861],[18.5720978,-33.9429068],[18.5717585,-33.9429358],[18.5708399,-33.9430223],[18.5696034,-33.9431318],[18.568806,-33.9432059],[18.568479,-33.9432293],[18.568271,-33.943238],[18.5680943,-33.9432442],[18.5678788,-33.9432466],[18.5676004,-33.9432456],[18.5672861,-33.9432327],[18.566911,-33.9432092],[18.5665138,-33.9431843],[18.5659996,-33.9431474],[18.5656168,-33.9431206],[18.5649884,-33.9430778],[18.564506,-33.9430458],[18.5643759,-33.9430373],[18.5641984,-33.9430322],[18.564005,-33.94303],[18.5637678,-33.9430327],[18.5635218,-33.9430428],[18.5633461,-33.9430564],[18.5631436,-33.9430756],[18.5628212,-33.9431113],[18.5624818,-33.9431516],[18.5622836,-33.9431745],[18.5620642,-33.9431924],[18.561908,-33.943202],[18.5617078,-33.9432041],[18.5615282,-33.9431916],[18.5613921,-33.9431799],[18.5612415,-33.9431594],[18.5611487,-33.9431437],[18.5610244,-33.9431214],[18.5608684,-33.9430874],[18.5605817,-33.9430148],[18.5601967,-33.9429131],[18.5597861,-33.9428136],[18.5594877,-33.9427497],[18.5593007,-33.9427162],[18.5591032,-33.9426869],[18.558865,-33.942657],[18.5586792,-33.9426354],[18.5581231,-33.9425789],[18.557113,-33.9424893],[18.5559939,-33.94239],[18.5553199,-33.9423306],[18.5539365,-33.9422008],[18.5535719,-33.9421696],[18.5531237,-33.9421274],[18.5527049,-33.9420881],[18.5523524,-33.9420564],[18.5516836,-33.9419991],[18.5501826,-33.9418963],[18.5487416,-33.9417977],[18.5484813,-33.9417879],[18.5481707,-33.941777],[18.547824,-33.9417695],[18.547541,-33.9417641],[18.5473702,-33.9417608],[18.5471603,-33.9417548],[18.5468585,-33.9417462],[18.5465728,-33.9417296],[18.546226,-33.941706],[18.5444583,-33.9415855],[18.5433001,-33.9415065],[18.5426634,-33.9414631],[18.5416971,-33.9413846],[18.5403496,-33.9412059],[18.5398086,-33.9411253],[18.5385067,-33.9409256],[18.537629,-33.9407889],[18.5374218,-33.9407595],[18.5372596,-33.9407336],[18.5363638,-33.9405904],[18.535135,-33.9403926],[18.5346529,-33.9402926],[18.534106,-33.9402224],[18.5339424,-33.9401816],[18.5334927,-33.9400694],[18.533132,-33.9399786],[18.5326738,-33.9398512],[18.5322318,-33.9397245],[18.5318555,-33.9396288],[18.5313898,-33.9394875],[18.530296,-33.9391293],[18.5299805,-33.9390251],[18.5286231,-33.9385789],[18.5283633,-33.9384933],[18.5280959,-33.9383979],[18.5278945,-33.9383183],[18.5276262,-33.9382058],[18.5274705,-33.9381409],[18.5273309,-33.9380857],[18.5271802,-33.9380313],[18.5268673,-33.9379235],[18.5266256,-33.9378445],[18.5265396,-33.9378177],[18.5263774,-33.9377524],[18.5262001,-33.9376742],[18.5260293,-33.9376071],[18.5259015,-33.9375642],[18.5255471,-33.9374409],[18.5252415,-33.9373265],[18.5249572,-33.9371997],[18.5247845,-33.9371121],[18.5247333,-33.9370846],[18.5246689,-33.93705],[18.524461,-33.9369218],[18.5243357,-33.9368344],[18.5241853,-33.9367239],[18.5240894,-33.9366431],[18.5239479,-33.9365226],[18.5237597,-33.9363391],[18.5236372,-33.9362048],[18.5235269,-33.9360709],[18.5234089,-33.9359142],[18.5233078,-33.9357612],[18.5232419,-33.9356507],[18.5231735,-33.935527],[18.5231281,-33.9354346],[18.5230898,-33.935352],[18.5230397,-33.9352363],[18.5230035,-33.935141],[18.522956,-33.9350008],[18.5229177,-33.9348699],[18.5228917,-33.9347606],[18.5228672,-33.9346411],[18.5228508,-33.9345416],[18.522836,-33.9344352],[18.5228248,-33.9343166],[18.5228212,-33.9342298],[18.5228176,-33.9341196],[18.5228181,-33.9340018],[18.5228273,-33.9337218],[18.5228426,-33.9334922],[18.5228761,-33.9330537],[18.52291,-33.9325753],[18.5229311,-33.9322312],[18.5229337,-33.9320729],[18.5229327,-33.9319785],[18.5229301,-33.9318778],[18.5229219,-33.931789],[18.5229141,-33.9316926],[18.5229008,-33.9315991],[18.5228817,-33.9314847],[18.5228601,-33.9313788],[18.5228262,-33.9312457],[18.5227999,-33.9311488],[18.5227614,-33.9310297],[18.5227109,-33.9308961],[18.5226739,-33.9308009],[18.5225922,-33.9306021],[18.5225001,-33.9303912],[18.5218883,-33.9290757],[18.5217617,-33.9288087],[18.52167,-33.9286236],[18.5215768,-33.9284454],[18.5214935,-33.9282991],[18.5213932,-33.928136],[18.521271,-33.9279387],[18.5211378,-33.9277527],[18.5209309,-33.9274725],[18.5207484,-33.927242],[18.5205101,-33.9269489],[18.5201499,-33.9265097],[18.5197864,-33.9260651],[18.5190673,-33.925181],[18.5184667,-33.924455],[18.5183297,-33.9242624],[18.5181808,-33.9240411],[18.518054,-33.9238604],[18.517776,-33.9235136],[18.517603,-33.9233079],[18.517481,-33.9231599],[18.5173572,-33.9230262],[18.5172583,-33.9229234],[18.5171725,-33.9228428],[18.51709,-33.922771],[18.5169935,-33.9226914],[18.5169076,-33.9226285],[18.516801,-33.9225523],[18.5166931,-33.9224861],[18.5165791,-33.9224177],[18.516451,-33.9223509],[18.5163108,-33.9222836],[18.5161586,-33.9222207],[18.5160178,-33.9221673],[18.5158569,-33.9221183],[18.5157422,-33.9220871],[18.5156007,-33.922051],[18.5154385,-33.9220204],[18.5152909,-33.9219976],[18.5151669,-33.9219831],[18.5149899,-33.9219703],[18.5148933,-33.9219642],[18.51479,-33.9219636],[18.5146244,-33.9219664],[18.5144246,-33.9219764],[18.5142717,-33.9219903],[18.5137064,-33.9220604],[18.512477874755863,-33.922102816581926],[18.511973619461063,-33.922102816581926]]}},{"type":"Feature","properties":{"routeId":"ct-simon","source":"OpenStreetMap","license":"ODbL","stations":28,"stationNames":["SIMON'S TOWN","GLENCAIRN","SUNNY COVE","FISH HOEK","KALK BAY","ST JAMES","MUIZENBERG","FALSE BAY","LAKESIDE","STEENBERG","RETREAT","HEATHFIELD","DIEPRIVIER","STEURHOF","PLUMSTEAD","WITTEBOME","WYNBERG","KENILWORTH","HARFIELD ROAD","CLAREMONT","NEWLANDS","RONDEBOSCH","ROSEBANK","MOWBRAY","OBSERVATORY","SALT RIVER","WOODSTOCK","CAPE TOWN"],"stationCoords":[[-34.186868,18.425372],[-34.163899,18.43204],[-34.144478,18.437248],[-34.137187,18.432316],[-34.126164,18.449954],[-34.119129,18.458323],[-34.109626,18.46796],[-34.102483,18.468682],[-34.088438,18.462473],[-34.076618,18.463652],[-34.059909,18.463013],[-34.045911,18.465287],[-34.035258,18.467167],[-34.029355,18.468852],[-34.021945,18.469573],[-34.014408,18.470837],[-34.004911,18.471179],[-33.995274,18.472963],[-33.98843,18.471306],[-33.981693,18.467026],[-33.974516,18.467522],[-33.962155,18.472449],[-33.954833,18.473124],[-33.946781,18.473923],[-33.938381,18.471509],[-33.927548,18.464689],[-33.925092,18.446135],[-33.923643,18.427187]],"railHops":26,"chordHops":0,"stationSource":"simon_to_ct_weekday","stationPinsStripped":true,"maxStationOffsetM":70},"geometry":{"type":"LineString","coordinates":[[18.4254764,-34.1867896],[18.4253122,-34.1860689],[18.425193,-34.1855274],[18.425145,-34.185318],[18.4251137,-34.1851612],[18.42509,-34.1849991],[18.4250683,-34.1848359],[18.4250522,-34.1846782],[18.4250431,-34.184486],[18.4250444,-34.1842765],[18.425045,-34.1842091],[18.4250485,-34.1840588],[18.4250568,-34.1839022],[18.4250961,-34.1835496],[18.4252013,-34.1824663],[18.4252657,-34.18185],[18.4253173,-34.1813308],[18.4253592,-34.1809441],[18.4253878,-34.1807228],[18.4254102,-34.1805456],[18.4255424,-34.1798642],[18.4256214,-34.1795253],[18.425684,-34.1792772],[18.4257831,-34.1788952],[18.4258552,-34.1786118],[18.4258975,-34.1784567],[18.4259933,-34.1781488],[18.4261126,-34.1777932],[18.4262856,-34.1773267],[18.4263433,-34.1772013],[18.4263882,-34.1771014],[18.4264398,-34.1770082],[18.4264948,-34.1769156],[18.4265592,-34.1768218],[18.4266229,-34.1767386],[18.4267235,-34.1766138],[18.4267939,-34.1765345],[18.4269944,-34.1763331],[18.4272003,-34.1761262],[18.4273813,-34.1759498],[18.4275121,-34.1758094],[18.4275925,-34.1757201],[18.4276676,-34.1756158],[18.4277186,-34.1755337],[18.4277729,-34.1754383],[18.4278205,-34.1753251],[18.4278433,-34.1752646],[18.4278661,-34.1751642],[18.4278903,-34.1750327],[18.4279177,-34.1747731],[18.4279312,-34.1746394],[18.4279499,-34.1745146],[18.4279774,-34.1743609],[18.4280096,-34.1742156],[18.4280881,-34.1739221],[18.428292,-34.1731426],[18.4284013,-34.1727399],[18.4284783,-34.1724863],[18.4285481,-34.1723088],[18.4285984,-34.172194],[18.4286677,-34.1720588],[18.4287539,-34.1719055],[18.4288103,-34.1718174],[18.4288927,-34.1716985],[18.4289886,-34.1715693],[18.4290812,-34.1714594],[18.4291931,-34.1713335],[18.429289,-34.1712264],[18.4294299,-34.1710828],[18.429627,-34.1708774],[18.4297738,-34.1707093],[18.4298744,-34.1705934],[18.4299757,-34.1704631],[18.4301064,-34.1702722],[18.4301936,-34.1701163],[18.4302868,-34.1699365],[18.4303961,-34.1697057],[18.4304974,-34.1694949],[18.4305819,-34.1693357],[18.4306402,-34.1692419],[18.4307106,-34.1691315],[18.4307763,-34.1690405],[18.4308467,-34.1689512],[18.430958,-34.1688153],[18.4310345,-34.1687143],[18.431121,-34.1685933],[18.4312028,-34.1684508],[18.4312383,-34.1683675],[18.4312826,-34.1682455],[18.4313114,-34.1681506],[18.431359,-34.1679725],[18.4314113,-34.1677672],[18.4314703,-34.1675642],[18.4315226,-34.1674182],[18.431587,-34.1672673],[18.4316514,-34.1671481],[18.4317231,-34.1670349],[18.431813,-34.1669034],[18.43198,-34.1666925],[18.4321302,-34.166505],[18.4322032,-34.1664007],[18.4322696,-34.1662892],[18.4323186,-34.1661827],[18.4323454,-34.1661078],[18.4323628,-34.1660351],[18.4323816,-34.1659369],[18.4323883,-34.165837],[18.4323883,-34.1657394],[18.4323776,-34.1656406],[18.4323508,-34.1654364],[18.4323199,-34.1652511],[18.4322763,-34.1649604],[18.4322281,-34.164648],[18.4321503,-34.1641559],[18.43211,-34.1638701],[18.4320492,-34.1634522],[18.4320155,-34.1632559],[18.431992,-34.1631538],[18.4319612,-34.1630429],[18.431937,-34.1629652],[18.4318988,-34.1628775],[18.4318525,-34.1627932],[18.4318217,-34.1627399],[18.4317701,-34.1626628],[18.4317074,-34.162584],[18.4316564,-34.1625252],[18.4315914,-34.1624586],[18.4314982,-34.1623676],[18.4314217,-34.1622899],[18.43135,-34.1622139],[18.4312715,-34.1621246],[18.4312065,-34.1620364],[18.4311568,-34.1619592],[18.4311166,-34.1618899],[18.4310811,-34.1618194],[18.4310475,-34.1617517],[18.4310073,-34.1616446],[18.4309798,-34.1615475],[18.430953,-34.1614371],[18.4309409,-34.1613711],[18.4309309,-34.1612868],[18.4309282,-34.1612285],[18.4309262,-34.1611647],[18.4309396,-34.1610404],[18.4309557,-34.1609372],[18.4309724,-34.1608595],[18.4309865,-34.1608168],[18.4310046,-34.1607508],[18.4310395,-34.1606587],[18.4310905,-34.1605355],[18.4312199,-34.160293],[18.4313915,-34.1599751],[18.4315196,-34.1597481],[18.4316229,-34.1595611],[18.4317892,-34.1592543],[18.4319059,-34.1590595],[18.4319588,-34.1589752],[18.4320312,-34.1588759],[18.4320976,-34.1587854],[18.4321553,-34.1587183],[18.4322364,-34.1586295],[18.4323498,-34.1585141],[18.4324396,-34.1584359],[18.4325415,-34.1583543],[18.4326153,-34.1583044],[18.4327011,-34.1582505],[18.4327829,-34.1582078],[18.4328969,-34.1581545],[18.4329962,-34.1581168],[18.4331403,-34.1580719],[18.4332926,-34.1580364],[18.4333938,-34.1580186],[18.4335185,-34.1580025],[18.4336412,-34.1579936],[18.4338169,-34.157986],[18.4339725,-34.1579792],[18.4340945,-34.157967],[18.4342031,-34.1579505],[18.4343413,-34.1579209],[18.4344372,-34.1578926],[18.4345525,-34.1578544],[18.4346766,-34.1578],[18.4347919,-34.1577373],[18.4348824,-34.1576846],[18.4349803,-34.1576147],[18.435089,-34.1575181],[18.4351641,-34.1574465],[18.4352284,-34.1573805],[18.4352834,-34.1573178],[18.4353719,-34.1571985],[18.4354283,-34.1571119],[18.4354846,-34.1570115],[18.4355228,-34.1569333],[18.435557,-34.1568489],[18.4355932,-34.1567407],[18.4356314,-34.1565937],[18.435669,-34.1563978],[18.4356918,-34.1562935],[18.4357186,-34.1562064],[18.4357367,-34.1561548],[18.4357837,-34.1560488],[18.4358199,-34.15598],[18.4358661,-34.1558978],[18.4359345,-34.1558113],[18.4360076,-34.1557236],[18.4361397,-34.1555782],[18.4362537,-34.1554401],[18.4363275,-34.1553368],[18.4363925,-34.155237],[18.4365253,-34.1550022],[18.4366058,-34.1548619],[18.4367358,-34.1546518],[18.4368371,-34.154512],[18.4369645,-34.1543494],[18.4371093,-34.1541818],[18.4372435,-34.1540348],[18.4374339,-34.1538317],[18.4376036,-34.1536429],[18.4378322,-34.1533972],[18.4380414,-34.1531691],[18.438264,-34.1529294],[18.4384437,-34.1527335],[18.4385933,-34.1525682],[18.4390003,-34.1521309],[18.4390606,-34.152056],[18.4391116,-34.1519938],[18.4391693,-34.15191],[18.4392055,-34.1518551],[18.4392544,-34.1517663],[18.4392987,-34.1516725],[18.4393329,-34.1515787],[18.4393738,-34.1514456],[18.4394154,-34.1512902],[18.439646,-34.1504905],[18.439705,-34.1502858],[18.4397392,-34.1501476],[18.4397661,-34.1500127],[18.4397815,-34.1499129],[18.4397909,-34.1498074],[18.4397956,-34.1497231],[18.4397929,-34.1496248],[18.4397869,-34.1495244],[18.4397681,-34.1493829],[18.4397486,-34.1492886],[18.4397151,-34.1491404],[18.4396199,-34.1487442],[18.4395535,-34.1484778],[18.4394999,-34.1482542],[18.4394409,-34.1480494],[18.4394113,-34.1479573],[18.4393463,-34.1478082],[18.439223,-34.1475571],[18.4389388,-34.147084],[18.4387804,-34.1468501],[18.4385524,-34.1465438],[18.4382493,-34.1461531],[18.4381829,-34.1460632],[18.4381065,-34.1459544],[18.4380461,-34.1458645],[18.4379864,-34.1457646],[18.4379149,-34.1456423],[18.4377068,-34.1452114],[18.4376451,-34.1450948],[18.4375948,-34.145006],[18.437505,-34.1448623],[18.4373004,-34.1445454],[18.4371496,-34.1443201],[18.4370168,-34.1441453],[18.4369316,-34.1440498],[18.4368653,-34.143981],[18.4367486,-34.1438794],[18.4366607,-34.1438134],[18.436585,-34.1437612],[18.4365052,-34.1437124],[18.436418,-34.1436641],[18.4362819,-34.143602],[18.4359582,-34.1434746],[18.4356951,-34.1433805],[18.4355523,-34.1433239],[18.435441,-34.1432701],[18.4353243,-34.1432118],[18.4351862,-34.1431386],[18.4349448,-34.1429943],[18.4345297,-34.1427445],[18.4343493,-34.1426341],[18.4341864,-34.1425375],[18.4339886,-34.1424193],[18.4337928,-34.142305],[18.4336828,-34.1422384],[18.4335789,-34.1421812],[18.433491,-34.1421368],[18.433371,-34.1420852],[18.4332557,-34.142048],[18.4331008,-34.1420081],[18.4329258,-34.1419725],[18.4328071,-34.1419448],[18.4327186,-34.1419215],[18.4325999,-34.1418854],[18.4324852,-34.1418421],[18.4323773,-34.1417922],[18.4322846,-34.1417454],[18.4321969,-34.1416817],[18.4321245,-34.1416273],[18.432038,-34.1415474],[18.4319401,-34.141437],[18.4318878,-34.1413621],[18.4318006,-34.1412289],[18.4317456,-34.1411373],[18.4316113,-34.1408987],[18.4315787,-34.1408445],[18.4315633,-34.1408101],[18.4315092,-34.1406895],[18.4314601,-34.1405453],[18.4314304,-34.1404286],[18.431405,-34.1402895],[18.4313968,-34.1401552],[18.4313976,-34.1400226],[18.4314174,-34.1398518],[18.4314591,-34.1396733],[18.4315181,-34.139498],[18.4315952,-34.1392915],[18.4316764,-34.1390989],[18.4317789,-34.1389024],[18.4318846,-34.1387094],[18.4319794,-34.13856],[18.4320733,-34.1384185],[18.4322091,-34.1382101],[18.4323201,-34.1380061],[18.4324166,-34.1377913],[18.43265,-34.1372796],[18.4330396,-34.1363894],[18.4332206,-34.1359959],[18.4332749,-34.1358904],[18.4333494,-34.1357539],[18.4334198,-34.135649],[18.4335386,-34.135475],[18.433584,-34.135405],[18.4336637,-34.1352993],[18.4337593,-34.1351808],[18.4338817,-34.135047],[18.4339862,-34.1349448],[18.4343327,-34.1346699],[18.434566,-34.1344988],[18.4358386,-34.1337001],[18.4374603,-34.1326873],[18.4376951,-34.1325412],[18.4379531,-34.1323881],[18.438124,-34.1322779],[18.4382691,-34.1321841],[18.4383962,-34.1321152],[18.4385398,-34.1320476],[18.4387061,-34.1319901],[18.4388381,-34.131955],[18.4389224,-34.1319325],[18.4391456,-34.1318893],[18.4393052,-34.1318759],[18.4394005,-34.1318709],[18.4395057,-34.1318709],[18.4396197,-34.1318731],[18.4397297,-34.1318809],[18.4398625,-34.1318981],[18.4399798,-34.1319175],[18.440122,-34.1319453],[18.4402313,-34.1319691],[18.440474,-34.1320291],[18.4408609,-34.1321312],[18.441158,-34.1322078],[18.4413746,-34.1322622],[18.4416012,-34.1323094],[18.4417407,-34.1323366],[18.4418808,-34.1323605],[18.442023,-34.1323802],[18.4423589,-34.1324198],[18.4426486,-34.1324487],[18.4431857,-34.1325025],[18.4435539,-34.1325375],[18.4437872,-34.1325603],[18.4440521,-34.1325786],[18.4442231,-34.1325864],[18.4444806,-34.1325886],[18.4446717,-34.1325852],[18.4449124,-34.1325758],[18.4450485,-34.1325703],[18.4451632,-34.1325658],[18.4456359,-34.1325458],[18.4458572,-34.132537],[18.4460181,-34.1325303],[18.4461133,-34.1325231],[18.4462279,-34.1325117],[18.4463501,-34.1324953],[18.4464493,-34.132477],[18.4465438,-34.1324548],[18.4466491,-34.1324271],[18.4467189,-34.1324043],[18.4468094,-34.1323688],[18.4468912,-34.132331],[18.446977,-34.1322905],[18.4470461,-34.132255],[18.4471272,-34.1322045],[18.4471923,-34.1321606],[18.4472788,-34.1320963],[18.4473398,-34.1320441],[18.4473928,-34.1319963],[18.4474622,-34.1319278],[18.4475581,-34.1318207],[18.4476425,-34.1317174],[18.4477813,-34.1315287],[18.4478893,-34.13137],[18.4481583,-34.1309738],[18.4482071,-34.1308882],[18.4482527,-34.1307938],[18.4482823,-34.1307378],[18.4483238,-34.1306095],[18.4483473,-34.1305241],[18.4483667,-34.1304369],[18.4483768,-34.1303542],[18.4483835,-34.1302532],[18.4483795,-34.1301394],[18.4483694,-34.1300495],[18.44836,-34.1299796],[18.4483439,-34.1299024],[18.4483312,-34.1298363],[18.448295,-34.1297192],[18.4481909,-34.129401],[18.4481375,-34.1292217],[18.4481129,-34.129078],[18.4480944,-34.1289376],[18.448091,-34.1288402],[18.4480898,-34.1286924],[18.4480965,-34.1285952],[18.4481059,-34.128522],[18.4481173,-34.1284526],[18.4481394,-34.128351],[18.4481616,-34.1282727],[18.4481897,-34.1281789],[18.4482321,-34.1280686],[18.4483027,-34.1279309],[18.448348,-34.1278425],[18.448407,-34.1277498],[18.4484613,-34.1276705],[18.4485196,-34.1275955],[18.4485867,-34.1275173],[18.4486618,-34.1274301],[18.4487382,-34.1273552],[18.448869,-34.1272431],[18.4490272,-34.1271076],[18.4492472,-34.1269367],[18.4495101,-34.1267334],[18.4500907,-34.1262756],[18.45044478241452,-34.12596554483373],[18.450814960018445,-34.12566948801769],[18.451175476166803,-34.12536504989151],[18.45153007000664,-34.12505603020571],[18.45189801165322,-34.12475718173868],[18.452229507031607,-34.12443252922814],[18.45256100240999,-34.1241078767176],[18.452882596202194,-34.123782841509964],[18.453191965582487,-34.123446289512174],[18.453487147134624,-34.12311154998397],[18.45381353117348,-34.12275127223947],[18.454210778231584,-34.12241806565686],[18.454633452656413,-34.122150447805694],[18.455052967080963,-34.1219107872569],[18.455436132867664,-34.12165385371597],[18.455806133454484,-34.12136101456982],[18.456181899908913,-34.12106788314194],[18.456575772857114,-34.12079163105362],[18.456956067942407,-34.120509402743494],[18.45737708436833,-34.12026723054187],[18.457767080772864,-34.11996985461386],[18.458108436225597,-34.11963728002214],[18.4584281181128,-34.11930594001107],[18.4587478,-34.1189746],[18.4587935,-34.1189273],[18.4590443,-34.1186601],[18.4593757,-34.1183259],[18.4595759,-34.1181358],[18.4597498,-34.1179864],[18.4599532,-34.1178478],[18.4602682,-34.1176386],[18.4605931,-34.1173996],[18.4608294,-34.1172175],[18.4610722,-34.1169975],[18.4612921,-34.1168073],[18.4614758,-34.1166633],[18.4617186,-34.116484],[18.4619976,-34.1162939],[18.4622962,-34.116101],[18.4627261,-34.1158456],[18.4630208,-34.1156553],[18.463289,-34.1154755],[18.4634311,-34.1153692],[18.46359,-34.1152489],[18.4637704,-34.115111],[18.4639329,-34.1149869],[18.4645202,-34.1145304],[18.4652121,-34.1140002],[18.4654222,-34.1138385],[18.46555,-34.113732],[18.4656787,-34.1136178],[18.4657981,-34.113499],[18.4659872,-34.1132929],[18.4660922,-34.1131458],[18.4661983,-34.1129689],[18.466299,-34.1127732],[18.4664048,-34.1125553],[18.4671772,-34.1108151],[18.4672901,-34.1105782],[18.4675998,-34.1101522],[18.4677495,-34.1098794],[18.4677916,-34.1098111],[18.468192,-34.1091612],[18.4684455,-34.1087482],[18.4686602,-34.1083301],[18.4687237,-34.1082135],[18.4687781,-34.1081055],[18.4687986,-34.1080627],[18.4688739,-34.1078765],[18.4689054,-34.1077686],[18.468928,-34.1076715],[18.4689517,-34.1075473],[18.4689752,-34.1073679],[18.4689899,-34.1071719],[18.4690147,-34.106901],[18.4690274,-34.1067384],[18.4690724,-34.1062105],[18.4691017,-34.1058672],[18.4691353,-34.1054593],[18.4691506,-34.1051254],[18.4691522,-34.1049455],[18.4691489,-34.1048028],[18.4691428,-34.1046856],[18.4691341,-34.1045718],[18.4691207,-34.1044225],[18.469108,-34.1042953],[18.4690959,-34.1041832],[18.4690718,-34.1040377],[18.4690348,-34.1038134],[18.468982,-34.10353],[18.4689172,-34.1031863],[18.4686551,-34.1018498],[18.468642,-34.1017828],[18.4685829,-34.101513],[18.4685061,-34.1012035],[18.4683965,-34.1007995],[18.4682867,-34.1003884],[18.4680619,-34.0995485],[18.4678881,-34.0988994],[18.4677179,-34.0982509],[18.4674201,-34.0971265],[18.467342,-34.0968538],[18.4672719,-34.0966528],[18.4672182,-34.0965095],[18.4671766,-34.0964151],[18.4671069,-34.0962707],[18.4670586,-34.0961797],[18.4669768,-34.0960331],[18.4669138,-34.0959265],[18.466781,-34.0957254],[18.4665624,-34.0954112],[18.4661304,-34.094803],[18.4659334,-34.0945182],[18.4656182,-34.0940701],[18.4653067,-34.0936285],[18.4647174,-34.0927844],[18.4644284,-34.0923722],[18.4640938,-34.0918991],[18.4640168,-34.0917884],[18.4638634,-34.0915677],[18.4637223,-34.0913682],[18.4634601,-34.0909928],[18.4632352,-34.0906707],[18.4631449,-34.0905286],[18.4630899,-34.0904417],[18.4630672,-34.0903981],[18.4629874,-34.0902654],[18.4629237,-34.0901443],[18.4628573,-34.090011],[18.4627889,-34.089855],[18.4627285,-34.0897073],[18.4626829,-34.0895734],[18.4626226,-34.0893729],[18.4625625,-34.0891271],[18.4625294,-34.0889509],[18.462514,-34.0888313],[18.4624735,-34.088462],[18.4624379,-34.088071],[18.4624178,-34.0878544],[18.4624108,-34.0876938],[18.4624073,-34.0876151],[18.4624071,-34.0874729],[18.4624165,-34.0873107],[18.4624366,-34.0870614],[18.4624922,-34.0865705],[18.462572,-34.0858563],[18.4626451,-34.0852093],[18.4626863,-34.0848458],[18.4627286,-34.0844808],[18.4627366,-34.0844014],[18.462786,-34.0839492],[18.4628355,-34.0835178],[18.4629069,-34.0828811],[18.4630783,-34.0813524],[18.4631279,-34.0808985],[18.4631608,-34.0806075],[18.4631905,-34.0803268],[18.4632486,-34.0798304],[18.4633056,-34.0793118],[18.463372,-34.0787297],[18.4634055,-34.0784309],[18.4634317,-34.0781865],[18.4634747,-34.0778053],[18.4635231,-34.0773769],[18.4636733,-34.0760294],[18.4638045,-34.0760316],[18.4638073,-34.0757137],[18.4638078,-34.0756594],[18.4638059,-34.0756143],[18.4637957,-34.0753754],[18.4637717,-34.074835],[18.4637665,-34.0747139],[18.4637315,-34.0744434],[18.4637141,-34.0743323],[18.4636941,-34.0741393],[18.4636712,-34.0736983],[18.4634782,-34.0697911],[18.4634152,-34.0684839],[18.4633555,-34.067298],[18.4633186,-34.0665481],[18.4632829,-34.0658041],[18.4632723,-34.0655923],[18.4632377,-34.0649003],[18.4632089,-34.0643115],[18.4631746,-34.0635618],[18.4631506,-34.0631155],[18.4631377,-34.0628193],[18.4631305,-34.0626745],[18.4631184,-34.0624778],[18.4630798,-34.0617304],[18.4630407,-34.0609115],[18.4630191,-34.0604492],[18.4629894,-34.0598834],[18.462941,-34.0588985],[18.4629176,-34.0584439],[18.462893,-34.0579609],[18.4628779,-34.0576497],[18.4628589,-34.0572835],[18.4628466,-34.0569866],[18.4628478,-34.0566796],[18.4628465,-34.0565612],[18.4628545,-34.0564401],[18.4628703,-34.0562115],[18.4628807,-34.0561062],[18.4628918,-34.0560261],[18.4629068,-34.0559046],[18.4629275,-34.0557767],[18.4629543,-34.0556352],[18.4630013,-34.0553953],[18.4630377,-34.0552479],[18.463106,-34.0549818],[18.4632294,-34.0545418],[18.4633393,-34.0541474],[18.4634704,-34.0536725],[18.463692,-34.0528701],[18.4638268,-34.0523929],[18.4639334,-34.0520084],[18.4639496,-34.0519497],[18.4641599,-34.0511923],[18.4641683,-34.0511622],[18.4643137,-34.0506384],[18.4644699,-34.0500767],[18.4645965,-34.0496248],[18.4647327,-34.0490938],[18.4648808,-34.0484367],[18.4649506,-34.0481199],[18.4650355,-34.0477792],[18.4651277,-34.0474315],[18.4651713,-34.047282],[18.4652145,-34.0471332],[18.4653932,-34.0464881],[18.465538,-34.0459665],[18.4657391,-34.0452342],[18.4658375,-34.0448757],[18.4660405,-34.0441395],[18.4660805,-34.0439967],[18.4661623,-34.0436955],[18.4662039,-34.0435355],[18.4662448,-34.0433266],[18.4662783,-34.0431321],[18.4662904,-34.0430477],[18.4663102,-34.0428485],[18.4663172,-34.0427376],[18.4663226,-34.0426176],[18.4663246,-34.0425234],[18.4663259,-34.0423315],[18.4663203,-34.0413337],[18.4663461,-34.0411291],[18.4663599,-34.0410569],[18.4663603,-34.0408124],[18.4663571,-34.0404368],[18.4663572,-34.040176],[18.4663524,-34.03977],[18.4663504,-34.039369],[18.4663492,-34.0390504],[18.4663464,-34.038879],[18.4663477,-34.0387066],[18.4663517,-34.0385249],[18.4663588,-34.0383526],[18.4663745,-34.0381871],[18.4663892,-34.0380393],[18.466408,-34.0378954],[18.4664241,-34.0377759],[18.4664369,-34.0376898],[18.4664563,-34.0375864],[18.4664918,-34.0374142],[18.4665341,-34.037228],[18.4665612,-34.0371077],[18.4665934,-34.0369938],[18.466639,-34.0368371],[18.4666859,-34.0366804],[18.4667905,-34.0363347],[18.4668145,-34.0362551],[18.4670638,-34.0354283],[18.4672229,-34.0349148],[18.4672706,-34.0347594],[18.4673659,-34.0344499],[18.4675382,-34.0338908],[18.4676354,-34.0335719],[18.4677373,-34.0332512],[18.4677812,-34.0331314],[18.4678534,-34.0329434],[18.4679104,-34.0328062],[18.4679486,-34.0327128],[18.4680009,-34.0326005],[18.4680633,-34.0324638],[18.4681209,-34.0323405],[18.4681927,-34.032186],[18.4683114,-34.0319298],[18.4685374,-34.0314036],[18.4686096,-34.0311946],[18.468648,-34.0310568],[18.4686822,-34.0309312],[18.468717,-34.03079],[18.4687371,-34.0306856],[18.4687599,-34.0305655],[18.4687861,-34.0304005],[18.4688069,-34.0302343],[18.4688171,-34.0301223],[18.4688236,-34.0300528],[18.4688398,-34.0298785],[18.4688962,-34.0291523],[18.4689114,-34.0289604],[18.4689752,-34.028137],[18.4690282,-34.0274605],[18.4691185,-34.0262965],[18.4691929,-34.0253637],[18.4692446,-34.0247138],[18.4692218,-34.0245676],[18.4691973,-34.0247126],[18.4692325,-34.0242864],[18.4692661,-34.0238868],[18.4692875,-34.0237112],[18.4693084,-34.0235751],[18.4693331,-34.0234111],[18.4693626,-34.0232871],[18.4694455,-34.0229451],[18.469494,-34.0227631],[18.4695229,-34.0226341],[18.469715,-34.0218735],[18.4698772,-34.0212311],[18.4699286,-34.021023],[18.4701059,-34.0203255],[18.4702045,-34.0199337],[18.4702918,-34.0195892],[18.470547,-34.0185771],[18.4708284,-34.0174598],[18.4708982,-34.0171825],[18.4710135,-34.0167217],[18.4710739,-34.0164683],[18.471104,-34.0163216],[18.4711275,-34.0161826],[18.4711456,-34.016037],[18.4711563,-34.0159186],[18.471163,-34.0157757],[18.4711644,-34.0156551],[18.4711637,-34.0155868],[18.471159,-34.0154751],[18.4711469,-34.01535],[18.4711356,-34.0152338],[18.4711168,-34.0150954],[18.4710993,-34.0150037],[18.4710692,-34.0148687],[18.471033,-34.0147319],[18.4709927,-34.0146041],[18.4709719,-34.0145363],[18.4709035,-34.0143529],[18.4707427,-34.0139754],[18.4704918,-34.0133642],[18.4704494,-34.0132503],[18.4704291,-34.0131862],[18.4703917,-34.0130777],[18.4703457,-34.0129156],[18.4702926,-34.0126965],[18.4702618,-34.0125548],[18.4702397,-34.0124297],[18.4702231,-34.0122762],[18.4702055,-34.0120946],[18.4701998,-34.0119687],[18.4701917,-34.0118223],[18.4701901,-34.0112019],[18.4701921,-34.010107],[18.4701934,-34.0095182],[18.4701954,-34.0091019],[18.4702014,-34.008814],[18.4702102,-34.00863],[18.4702263,-34.0084293],[18.470241,-34.008302],[18.4702685,-34.0080636],[18.4703081,-34.0077734],[18.4703382,-34.0075683],[18.4703771,-34.0072887],[18.4704214,-34.0069957],[18.4704529,-34.0067762],[18.4704905,-34.006536],[18.4705193,-34.006396],[18.4705461,-34.0062603],[18.470581,-34.0061275],[18.4706031,-34.0060358],[18.4706246,-34.0059763],[18.4706608,-34.0058751],[18.470699,-34.0057862],[18.4707681,-34.005625],[18.4708465,-34.0054749],[18.4708982,-34.005377],[18.4709625,-34.0052709],[18.4711464,-34.0049576],[18.4715902,-34.0042336],[18.4716627,-34.0041067],[18.4719007,-34.0037181],[18.472236,-34.0032411],[18.4723531,-34.0030235],[18.4724411,-34.0028503],[18.4725606,-34.0026077],[18.4727416,-34.0021993],[18.4728362,-34.0019506],[18.4728986,-34.0017833],[18.4729697,-34.0015732],[18.4730414,-34.0013441],[18.4730776,-34.0012107],[18.4731363,-34.0009817],[18.4731816,-34.0007882],[18.4732205,-34.0005792],[18.4732513,-34.0003935],[18.4732721,-34.0002546],[18.4732929,-34.0000961],[18.473317,-33.9998632],[18.4733351,-33.9996553],[18.4733465,-33.9994735],[18.4733546,-33.9993023],[18.4733573,-33.9990955],[18.4733593,-33.9989003],[18.4733586,-33.9987341],[18.4733499,-33.9984995],[18.4733365,-33.9981932],[18.4733123,-33.9979453],[18.4732936,-33.9977652],[18.4732654,-33.9974811],[18.4732001,-33.9968466],[18.4731625,-33.9965314],[18.4731458,-33.9963344],[18.4730769,-33.9956515],[18.4730472,-33.9953678],[18.473023,-33.995131],[18.4730016,-33.9949314],[18.4729987,-33.9948886],[18.4729962,-33.994853],[18.4729898,-33.9947935],[18.4729747,-33.9946534],[18.4729231,-33.9941581],[18.4728809,-33.9937389],[18.4728507,-33.9934426],[18.4728038,-33.9930017],[18.4727675,-33.9926548],[18.4727407,-33.992384],[18.4726978,-33.9920226],[18.4726831,-33.9919081],[18.4726348,-33.991624],[18.4725932,-33.9914055],[18.4725469,-33.9911959],[18.472496,-33.9909947],[18.4724557,-33.9908423],[18.4724075,-33.9906755],[18.4723552,-33.9905121],[18.4723082,-33.990362],[18.4722324,-33.9901485],[18.4721641,-33.9899655],[18.4721117,-33.9898327],[18.472042,-33.9896664],[18.4719595,-33.9894774],[18.4718905,-33.9893323],[18.471806,-33.9891677],[18.4717235,-33.9890037],[18.4716687,-33.9888983],[18.4716283,-33.9888208],[18.4715237,-33.9886395],[18.4712481,-33.9881931],[18.4710918,-33.9879568],[18.4708726,-33.9876543],[18.470719,-33.9874553],[18.4705956,-33.9872924],[18.4703435,-33.9869693],[18.4701677,-33.9867445],[18.4697902,-33.986256],[18.4696736,-33.9861075],[18.469506,-33.9858912],[18.4692653,-33.9855804],[18.468942,-33.9851601],[18.4687462,-33.9849099],[18.4685424,-33.9846374],[18.4683868,-33.9844173],[18.4682192,-33.9841687],[18.4680697,-33.9839241],[18.4679382,-33.9836883],[18.4677974,-33.983427],[18.4676927,-33.9832076],[18.4676282,-33.9830618],[18.4674105,-33.9826385],[18.4673396,-33.9824381],[18.4672665,-33.9822186],[18.4671831,-33.9819327],[18.4671247,-33.9817094],[18.4670759,-33.9814903],[18.467043,-33.9813235],[18.4670115,-33.981145],[18.4669623,-33.9807702],[18.4669559,-33.9806796],[18.4669445,-33.980539],[18.4669384,-33.9804055],[18.4669344,-33.9802665],[18.4669337,-33.9800719],[18.4669346,-33.9798675],[18.4669623,-33.9789945],[18.4669686,-33.9787824],[18.4670415,-33.976827],[18.4670585,-33.9766355],[18.4670694,-33.9765394],[18.4670752,-33.9764586],[18.4670896,-33.9763185],[18.4671194,-33.9761232],[18.4671332,-33.9760513],[18.4671557,-33.9759159],[18.4671906,-33.9757419],[18.4672315,-33.9755656],[18.4673126,-33.9752436],[18.4673944,-33.9749367],[18.4674561,-33.9747031],[18.4676076,-33.9741381],[18.4676526,-33.9739763],[18.4676981,-33.9738187],[18.4677756,-33.9735854],[18.4678094,-33.973496],[18.4678487,-33.9733985],[18.4678956,-33.9732896],[18.4679426,-33.9731822],[18.467988,-33.9730897],[18.4680633,-33.9729375],[18.4681333,-33.9728065],[18.4682899,-33.9725261],[18.4685964,-33.9719939],[18.4687915,-33.9716496],[18.4689088,-33.9714409],[18.4696477,-33.9701539],[18.4699696,-33.969588],[18.470327,-33.9689657],[18.4706911,-33.9683377],[18.4708772,-33.9680106],[18.4710435,-33.9677203],[18.4713147,-33.9672197],[18.4714887,-33.9668617],[18.4716235,-33.9665486],[18.4716932,-33.966365],[18.4717314,-33.9662613],[18.4717636,-33.9661659],[18.4718468,-33.9659006],[18.4719786,-33.9653599],[18.4720286,-33.965094],[18.4720529,-33.9649203],[18.4720829,-33.9646863],[18.4721052,-33.9644496],[18.4721804,-33.9636362],[18.4722016,-33.963425],[18.4722338,-33.9630741],[18.4722499,-33.96293],[18.4723163,-33.9621653],[18.472394,-33.9614134],[18.4724075,-33.9612599],[18.4724403,-33.9608489],[18.4724738,-33.9604423],[18.4724953,-33.9602048],[18.4725556,-33.9596033],[18.4725655,-33.9594932],[18.4726005,-33.9591422],[18.4726089,-33.9590624],[18.4726485,-33.9586853],[18.4726659,-33.9585788],[18.4726891,-33.9583688],[18.4727005,-33.9582676],[18.4727206,-33.958101],[18.4727464,-33.95789],[18.4727729,-33.9576519],[18.472788,-33.9575432],[18.4728198,-33.9572578],[18.4728426,-33.9570721],[18.4728644,-33.9568941],[18.4728839,-33.9567258],[18.472912,-33.956482],[18.4729422,-33.9562528],[18.4729576,-33.9561254],[18.4730004,-33.9557694],[18.473123,-33.9547301],[18.4731738,-33.9542858],[18.4732706,-33.9534725],[18.4733341,-33.952944],[18.4734018,-33.9523711],[18.4734414,-33.9520362],[18.4734628,-33.9518488],[18.4735084,-33.951465],[18.4735466,-33.9511529],[18.4735875,-33.9507892],[18.4736315,-33.9504088],[18.4737687,-33.9492596],[18.4738335,-33.9487083],[18.4738748,-33.948318],[18.4739,-33.9479918],[18.4739144,-33.9476784],[18.4739201,-33.9474567],[18.4739201,-33.9473254],[18.4739024,-33.9468998],[18.4738924,-33.9467184],[18.4738747,-33.9464949],[18.473812,-33.9459778],[18.4737837,-33.9458045],[18.4737576,-33.9456509],[18.4737207,-33.9454897],[18.4736879,-33.9453178],[18.4736557,-33.9451876],[18.4736137,-33.9450219],[18.4735668,-33.944859],[18.4734685,-33.9445337],[18.4733705,-33.9442256],[18.4733622,-33.9441955],[18.4732975,-33.9439033],[18.4732361,-33.943622],[18.4731561,-33.943351],[18.4729552,-33.9426661],[18.4727556,-33.9419946],[18.4725124,-33.9411932],[18.4722726,-33.9403903],[18.4719775,-33.9394296],[18.4718295,-33.938986],[18.4718043,-33.9389014],[18.4714133,-33.9375909],[18.4712901,-33.9371748],[18.4711954,-33.936839],[18.4711903,-33.9368198],[18.4711434,-33.9366379],[18.4710718,-33.9363963],[18.4709949,-33.9361373],[18.4708675,-33.9357257],[18.4706828,-33.9351088],[18.4704242,-33.9342613],[18.4702727,-33.9337602],[18.4700635,-33.9330899],[18.4698717,-33.9324583],[18.4696785,-33.9318278],[18.4693748,-33.9308367],[18.4692474,-33.9304209],[18.4691951,-33.9302791],[18.4691496,-33.93015],[18.4690963,-33.9300267],[18.4690483,-33.9299285],[18.4689862,-33.9298078],[18.4689353,-33.9297176],[18.4688726,-33.9296123],[18.4687979,-33.9294971],[18.4687398,-33.9294261],[18.4686372,-33.9292893],[18.4685648,-33.9291964],[18.4684904,-33.9291118],[18.4683891,-33.9289966],[18.4682986,-33.9289026],[18.4681725,-33.9287835],[18.4680197,-33.9286483],[18.4679318,-33.928576],[18.4677836,-33.9284586],[18.4676649,-33.9283673],[18.4675295,-33.9282772],[18.4674393,-33.9282207],[18.4673833,-33.9281943],[18.4672901,-33.9281392],[18.4670774,-33.9280284],[18.4669554,-33.9279689],[18.4668079,-33.9279021],[18.466655,-33.9278404],[18.4665001,-33.9277836],[18.4663707,-33.9277374],[18.4661822,-33.9276801],[18.4659804,-33.9276274],[18.4658033,-33.9275862],[18.465578,-33.9275423],[18.4653021,-33.9274913],[18.4652252,-33.9274779],[18.4651058,-33.9274623],[18.4650239,-33.9274544],[18.4648672,-33.9274419],[18.4647939,-33.9274346],[18.4646692,-33.927416],[18.4635204,-33.9272232],[18.4631687,-33.9271724],[18.462856,-33.9271394],[18.4627076,-33.9271254],[18.4625407,-33.927113],[18.4623661,-33.9271016],[18.4621807,-33.9270931],[18.4619787,-33.9270847],[18.4617965,-33.9270755],[18.4615406,-33.9270649],[18.4613608,-33.9270534],[18.4611878,-33.927039],[18.461025,-33.9270243],[18.4608331,-33.9270031],[18.4596755,-33.9268648],[18.459553,-33.9268506],[18.4594123,-33.9268292],[18.4593171,-33.926813],[18.4590234,-33.9267566],[18.4589352,-33.9267422],[18.4588016,-33.9267212],[18.4585476,-33.9266902],[18.4584089,-33.926669],[18.4583041,-33.9266511],[18.457928,-33.9265778],[18.4578184,-33.9265589],[18.4576714,-33.9265376],[18.4570848,-33.9264679],[18.4565068,-33.9263944],[18.4553172,-33.9262442],[18.4543514,-33.9261285],[18.4542188,-33.9261084],[18.4541242,-33.9260925],[18.4539189,-33.9260522],[18.4538184,-33.9260342],[18.4536632,-33.92601],[18.4533863,-33.9259768],[18.4528782,-33.9259159],[18.4527243,-33.9258919],[18.4526292,-33.9258742],[18.4524391,-33.9258374],[18.4523377,-33.9258193],[18.452192,-33.9257962],[18.4517236,-33.9257421],[18.4515671,-33.9257178],[18.4514862,-33.9257034],[18.4512721,-33.9256606],[18.4511893,-33.9256468],[18.4510448,-33.9256249],[18.4507278,-33.9255852],[18.4498145,-33.9254767],[18.4488777,-33.9253663],[18.4483639,-33.9253005],[18.4478733,-33.9252434],[18.4475654,-33.9252052],[18.4473764,-33.9251846],[18.4470843,-33.9251655],[18.4468989,-33.925154],[18.446681,-33.9251468],[18.4463249,-33.925149],[18.4460104,-33.9251596],[18.445012,-33.9251774],[18.4442828,-33.9251945],[18.4432628,-33.9252145],[18.4431731,-33.9252168],[18.4430013,-33.9252325],[18.4426233,-33.9252753],[18.4424333,-33.9252857],[18.4423694,-33.9252883],[18.4421286,-33.9253043],[18.4419409,-33.9253209],[18.4417611,-33.9253332],[18.4410418,-33.9253719],[18.4402738,-33.9254143],[18.4395377,-33.9254544],[18.4374128,-33.9255693],[18.43725,-33.9255753],[18.437066,-33.9255783],[18.4369875,-33.9255813],[18.4368862,-33.9255856],[18.4366424,-33.9255962],[18.436231,-33.9255841],[18.4357199,-33.9255646],[18.4352232,-33.9255434],[18.4340069,-33.9254949],[18.4338107,-33.9254956],[18.4336484,-33.9255063],[18.4334445,-33.9255088],[18.4329454,-33.9254874],[18.4326182,-33.9254735],[18.4321996,-33.9254511],[18.4319899,-33.925434],[18.4318142,-33.9254129],[18.4316667,-33.9253917],[18.4315111,-33.9253606],[18.4313137,-33.9253149],[18.43121,-33.925286],[18.4310498,-33.9252359],[18.4308835,-33.9251792],[18.4306761,-33.9250962],[18.4302709,-33.9249306],[18.4295762,-33.9248359],[18.4293683,-33.9247662],[18.4292416,-33.9247252],[18.4290718,-33.9246677],[18.4287039,-33.9245443],[18.4285362,-33.9244865],[18.4283364,-33.9244052],[18.428098,-33.9242854],[18.4278754,-33.9241718],[18.4277769,-33.9241089],[18.4275301,-33.9239402],[18.4274124,-33.923851]]}},{"type":"Feature","properties":{"routeId":"ct-flats","source":"OpenStreetMap","license":"ODbL","stations":17,"stationNames":["CAPE TOWN","WOODSTOCK","SALT RIVER","KOEBERG RD","MAITLAND","MUTUAL","NDABENI","PINELANDS","HAZENDAL","ATHLONE","CRAWFORD","LANSDOWNE","WETTON","OTTERY","SOUTHFIELD","HEATHFIELD","RETREAT"],"stationCoords":[[-33.923643,18.427187],[-33.925092,18.446135],[-33.927548,18.464689],[-33.92571,18.478847],[-33.924576,18.487001],[-33.922093,18.511988],[-33.928572,18.495175],[-33.939638,18.490628],[-33.95313,18.502452],[-33.962698,18.501558],[-33.976372,18.501211],[-33.987612,18.503827],[-34.001981,18.501121],[-34.013382,18.495063],[-34.032856,18.481922],[-34.045911,18.465287],[-34.059732,18.463112]],"railHops":14,"chordHops":0,"stationSource":"rtret_to_ct_weekday","stationPinsStripped":true,"maxStationOffsetM":1465},"geometry":{"type":"LineString","coordinates":[[18.4274124,-33.923851],[18.4275301,-33.9239402],[18.4277769,-33.9241089],[18.4278754,-33.9241718],[18.428098,-33.9242854],[18.4283364,-33.9244052],[18.4284625,-33.9241604],[18.4286824,-33.924265],[18.4289151,-33.9243635],[18.4291013,-33.9244411],[18.4293658,-33.9245521],[18.4295015,-33.9246086],[18.4296298,-33.9246559],[18.4297536,-33.9247127],[18.4299293,-33.9247833],[18.4300234,-33.9248266],[18.4302709,-33.9249306],[18.4306761,-33.9250962],[18.4308835,-33.9251792],[18.4310498,-33.9252359],[18.43121,-33.925286],[18.4313137,-33.9253149],[18.4315111,-33.9253606],[18.4316667,-33.9253917],[18.4318142,-33.9254129],[18.4319899,-33.925434],[18.4321996,-33.9254511],[18.4326182,-33.9254735],[18.4329454,-33.9254874],[18.4334445,-33.9255088],[18.4336484,-33.9255063],[18.4338107,-33.9254956],[18.4340069,-33.9254949],[18.4352232,-33.9255434],[18.4357199,-33.9255646],[18.436231,-33.9255841],[18.4366424,-33.9255962],[18.4368862,-33.9255856],[18.4369875,-33.9255813],[18.437066,-33.9255783],[18.43725,-33.9255753],[18.4374128,-33.9255693],[18.4395377,-33.9254544],[18.4402738,-33.9254143],[18.4410418,-33.9253719],[18.4417611,-33.9253332],[18.4419409,-33.9253209],[18.4421286,-33.9253043],[18.4423694,-33.9252883],[18.4424333,-33.9252857],[18.4426233,-33.9252753],[18.4430013,-33.9252325],[18.4431731,-33.9252168],[18.4432628,-33.9252145],[18.4442828,-33.9251945],[18.445012,-33.9251774],[18.4460104,-33.9251596],[18.4463249,-33.925149],[18.446681,-33.9251468],[18.4468989,-33.925154],[18.4470843,-33.9251655],[18.4473764,-33.9251846],[18.4475654,-33.9252052],[18.4478733,-33.9252434],[18.4483639,-33.9253005],[18.4488777,-33.9253663],[18.4498145,-33.9254767],[18.4507278,-33.9255852],[18.4510448,-33.9256249],[18.4511893,-33.9256468],[18.4512721,-33.9256606],[18.4514862,-33.9257034],[18.4515671,-33.9257178],[18.4517236,-33.9257421],[18.452192,-33.9257962],[18.4523377,-33.9258193],[18.4524391,-33.9258374],[18.4526292,-33.9258742],[18.4527243,-33.9258919],[18.4528782,-33.9259159],[18.4533863,-33.9259768],[18.4536632,-33.92601],[18.4538184,-33.9260342],[18.4539189,-33.9260522],[18.4541242,-33.9260925],[18.4542188,-33.9261084],[18.4543514,-33.9261285],[18.4553172,-33.9262442],[18.4565068,-33.9263944],[18.4570848,-33.9264679],[18.4576714,-33.9265376],[18.4578184,-33.9265589],[18.457928,-33.9265778],[18.4583041,-33.9266511],[18.4584089,-33.926669],[18.4585476,-33.9266902],[18.4588016,-33.9267212],[18.4589352,-33.9267422],[18.4590234,-33.9267566],[18.4593171,-33.926813],[18.4594123,-33.9268292],[18.459553,-33.9268506],[18.4596755,-33.9268648],[18.4608331,-33.9270031],[18.461025,-33.9270243],[18.4611878,-33.927039],[18.4613608,-33.9270534],[18.4615406,-33.9270649],[18.4617965,-33.9270755],[18.4619787,-33.9270847],[18.4621807,-33.9270931],[18.4623661,-33.9271016],[18.4625407,-33.927113],[18.4627076,-33.9271254],[18.462856,-33.9271394],[18.4631687,-33.9271724],[18.4635204,-33.9272232],[18.4646692,-33.927416],[18.4647939,-33.9274346],[18.4648672,-33.9274419],[18.4650239,-33.9274544],[18.4651058,-33.9274623],[18.4652252,-33.9274779],[18.4653021,-33.9274913],[18.4654341,-33.9275099],[18.4655115,-33.9275185],[18.4656607,-33.9275284],[18.4658419,-33.9275478],[18.4661252,-33.9275839],[18.4668961,-33.9276794],[18.4670734,-33.927699],[18.4675674,-33.9277548],[18.4678828,-33.9277904],[18.4679513,-33.9277998],[18.4680931,-33.9278239],[18.4681197,-33.9278296],[18.4682326,-33.9278478],[18.4682863,-33.9278535],[18.4683409,-33.9278591],[18.4684506,-33.9278666],[18.4685488,-33.9278707],[18.468794,-33.9278771],[18.46898,-33.9278746],[18.4690587,-33.9278708],[18.4691114,-33.9278664],[18.4691568,-33.9278611],[18.4692963,-33.9278425],[18.4693464,-33.9278367],[18.4694056,-33.9278325],[18.4694986,-33.9278285],[18.4696109,-33.9278279],[18.4698929,-33.9278268],[18.4699706,-33.9278229],[18.4700971,-33.9278118],[18.4701895,-33.9277995],[18.4704463,-33.9277669],[18.4707178,-33.9277341],[18.4709063,-33.9277085],[18.4712295,-33.927669],[18.4713328,-33.9276556],[18.4715601,-33.9276261],[18.4717877,-33.9275976],[18.4720227,-33.9275677],[18.4722977,-33.9275333],[18.4725259,-33.9275052],[18.4727549,-33.9274754],[18.473001,-33.927444],[18.473269,-33.9274097],[18.4733997,-33.9273875],[18.4734912,-33.9273676],[18.4735888,-33.9273423],[18.4743317,-33.9271066],[18.4744341,-33.9270754],[18.4745312,-33.9270486],[18.4746302,-33.9270224],[18.4747278,-33.9269984],[18.4753276,-33.9268597],[18.4754265,-33.9268378],[18.4755366,-33.9268169],[18.475627,-33.9268031],[18.4756858,-33.926794],[18.475742,-33.9267851],[18.4758741,-33.9267609],[18.4759759,-33.9267374],[18.476079,-33.92671],[18.4761784,-33.9266851],[18.4762705,-33.9266616],[18.4763785,-33.9266342],[18.4765678,-33.926599],[18.4766582,-33.9265857],[18.4768603,-33.9265645],[18.4772346,-33.9265485],[18.4772858,-33.9265454],[18.4773931,-33.9265277],[18.4774818,-33.9265072],[18.4775985,-33.9264735],[18.4777747,-33.9264193],[18.4777957,-33.9264113],[18.4779012,-33.9263776],[18.477985,-33.9263516],[18.4782371,-33.9262844],[18.4783005,-33.9262662],[18.4784431,-33.926221],[18.4786777,-33.9261322],[18.4788762,-33.9260579],[18.4793733,-33.9257575],[18.4797794,-33.9256911],[18.480163,-33.9256293],[18.4806142,-33.9255576],[18.4809267,-33.9255125],[18.4812332,-33.9254747],[18.4815824,-33.9254339],[18.4824764,-33.9253239],[18.483296,-33.9252158],[18.4832932,-33.925168],[18.483275,-33.9251247],[18.4831167,-33.9251325],[18.483163,-33.9250841],[18.4831167,-33.9251325],[18.4835358,-33.9251497],[18.4838315,-33.9251297],[18.4841095,-33.9251125],[18.484505,-33.925071],[18.484832,-33.9250479],[18.4850238,-33.9250329],[18.4851867,-33.9250168],[18.4855307,-33.9249739],[18.4856917,-33.9249533],[18.4884387,-33.9246051],[18.4886641,-33.9245734],[18.489222,-33.9244737],[18.4897137,-33.9243817],[18.4900409,-33.9243146],[18.490395,-33.9242476],[18.4908095,-33.9241667],[18.4910672,-33.9241202],[18.4914327,-33.9240639],[18.4923679,-33.9236999],[18.4926696,-33.9236379],[18.4928303,-33.9236119],[18.4930583,-33.9235832],[18.4931831,-33.9235765],[18.4932977,-33.9235759],[18.4934191,-33.9235821],[18.4935901,-33.9235993],[18.493806,-33.9236339],[18.4939258,-33.9236576],[18.494036,-33.9236824],[18.4950166,-33.9239212],[18.4952221,-33.9239805],[18.4953768,-33.924036],[18.4955216,-33.9240931],[18.4956142,-33.9241395],[18.4956985,-33.9241859],[18.4957737,-33.92423],[18.4958534,-33.9242779],[18.4959167,-33.9243266],[18.4959927,-33.9243829],[18.4960679,-33.9244437],[18.496143,-33.9245175],[18.4961953,-33.9245722],[18.4962576,-33.9246445],[18.4963062,-33.9247084],[18.4963658,-33.924792],[18.4964144,-33.9248658],[18.4964565,-33.9249449],[18.4964923,-33.9250248],[18.4965234,-33.9251016],[18.49655,-33.9251685],[18.4965757,-33.9252598],[18.4965986,-33.9253411],[18.4966096,-33.9254271],[18.4966197,-33.9255077],[18.4966224,-33.925599],[18.4966233,-33.9256689],[18.4966215,-33.9257549],[18.4966132,-33.9258325],[18.4965931,-33.9259358],[18.4965794,-33.9260009],[18.4965592,-33.9260786],[18.4964938,-33.9262661],[18.4964178,-33.9264354],[18.4963438,-33.9265728],[18.4961394,-33.9269158],[18.4958445,-33.9273972],[18.4955812,-33.9278361],[18.4954245,-33.9281068],[18.4952357,-33.9284236],[18.4946426,-33.9293928],[18.4940349,-33.9303929],[18.4937621,-33.930839],[18.4930803,-33.9319591],[18.4928806,-33.9322897],[18.4925928,-33.9327542],[18.4922505,-33.9333162],[18.4919555,-33.9338033],[18.4916548,-33.9342881],[18.4913854,-33.9347456],[18.4912506,-33.9350011],[18.4911698,-33.9351743],[18.491097,-33.9353473],[18.4910192,-33.9355525],[18.4909599,-33.9357313],[18.4909194,-33.9358734],[18.490873,-33.9360511],[18.4908194,-33.9362868],[18.4907149,-33.9368411],[18.490606,-33.9374245],[18.4905696,-33.9376649],[18.490554,-33.9377792],[18.4905419,-33.9379179],[18.4905314,-33.9381772],[18.490537,-33.9384007],[18.4905472,-33.9385697],[18.4906456,-33.9397347],[18.4906889,-33.9402],[18.4907429,-33.9408005],[18.490803,-33.941527],[18.4908291,-33.9417417],[18.4908546,-33.9419503],[18.4909169,-33.9423685],[18.4910474,-33.9432123],[18.4911099,-33.9435775],[18.4911459,-33.9437443],[18.4911728,-33.9438559],[18.491233,-33.9440553],[18.4912888,-33.9442113],[18.491333,-33.9443212],[18.4913934,-33.9444564],[18.4914679,-33.944609],[18.4915687,-33.9447855],[18.4916442,-33.94491],[18.4917883,-33.9451144],[18.4919165,-33.9452741],[18.4920664,-33.9454439],[18.4922759,-33.9456561],[18.4924854,-33.9458415],[18.4925933,-33.9459258],[18.4926914,-33.9459984],[18.4928288,-33.9460974],[18.4929743,-33.946197],[18.4932248,-33.9463568],[18.4943862,-33.9470989],[18.4944625,-33.9471426],[18.4946685,-33.9472771],[18.4948534,-33.947401],[18.4952558,-33.9476558],[18.4955958,-33.9479155],[18.4965412,-33.9485192],[18.4975893,-33.9491888],[18.4979442,-33.9494139],[18.4986537,-33.9498647],[18.4990763,-33.9501331],[18.4994195,-33.9503534],[18.4998444,-33.9506209],[18.5003451,-33.9509563],[18.5004615,-33.9510452],[18.5007259,-33.9512557],[18.5009867,-33.9514785],[18.5012425,-33.951709],[18.5014798,-33.951925],[18.5015959,-33.95203],[18.5016964,-33.9521267],[18.5018046,-33.952235],[18.5018814,-33.9523179],[18.5019253,-33.9523713],[18.5019686,-33.9524237],[18.5020347,-33.9525096],[18.502101,-33.9526035],[18.5021814,-33.9527345],[18.5022194,-33.9528023],[18.5022673,-33.9528934],[18.5023586,-33.9530876],[18.5024226,-33.953237],[18.5024809,-33.9533894],[18.502521,-33.9534969],[18.5025663,-33.9536475],[18.5026011,-33.9537805],[18.502636,-33.9539212],[18.502662,-33.954033],[18.5026891,-33.9541889],[18.5027084,-33.9543214],[18.5027281,-33.9544742],[18.5027396,-33.9546106],[18.5027469,-33.9547233],[18.5027489,-33.9548593],[18.5027489,-33.9549914],[18.5027474,-33.9551291],[18.5027344,-33.9552702],[18.5027193,-33.955414],[18.5027,-33.9555551],[18.5026725,-33.9557323],[18.5024281,-33.9567595],[18.5021361,-33.9579759],[18.5020269,-33.9584257],[18.5019324,-33.9588833],[18.5018835,-33.9591077],[18.501836,-33.9592668],[18.5018072,-33.9594603],[18.5017871,-33.9596472],[18.5017784,-33.9598085],[18.5017696,-33.9600538],[18.5017626,-33.9602674],[18.5017605,-33.9603704],[18.5017185,-33.9620149],[18.501715,-33.9621447],[18.5016872,-33.9631627],[18.5016744516934,-33.963713212751365],[18.5016617033868,-33.96426372550275],[18.50164664999686,-33.96481425921666],[18.50163146329066,-33.96536474726363],[18.501616655096413,-33.96591521243366],[18.50160230924233,-33.96646571067438],[18.501587485600268,-33.96701622678741],[18.501572598053006,-33.967566718659995],[18.50155848198217,-33.96811716958014],[18.50154432397318,-33.96866770906907],[18.501529742675,-33.9692182046254],[18.501515161376823,-33.96976870018174],[18.50150058007864,-33.97031919573807],[18.50148535654667,-33.97086974858918],[18.50147011325554,-33.971420196256986],[18.501455200536313,-33.97197068780476],[18.501440287817086,-33.972521179352526],[18.50142537509786,-33.97307167090029],[18.50141380711439,-33.97362200322831],[18.50139770298256,-33.97417303194178],[18.501383481457644,-33.97472295986949],[18.501370263558318,-33.975273468990494],[18.50135610915754,-33.97582411621358],[18.501329842908774,-33.97684223361362],[18.5013569169417,-33.97731045491808],[18.501345107372455,-33.97777828476148],[18.501332527807794,-33.97824539028337],[18.50131911912925,-33.9787117572279],[18.501304688946362,-33.979182533385426],[18.50129660199324,-33.979662685511194],[18.50133388868601,-33.98022284929544],[18.501462507706254,-33.98076844305504],[18.501630946618413,-33.98124992433554],[18.501798204329425,-33.9817060983773],[18.501965462040435,-33.982162272419046],[18.50213271975145,-33.9826184464608],[18.502299977462464,-33.98307462050255],[18.502467235173476,-33.9835307945443],[18.50263449288449,-33.98398696858605],[18.502801750595502,-33.9844431426278],[18.50296861098809,-33.984898878705344],[18.503134734778452,-33.98535544139178],[18.503300858568814,-33.98581200407822],[18.503467752892824,-33.98626864492403],[18.503635127015823,-33.98672463627476],[18.503801371608862,-33.987181158383294],[18.5039248,-33.9876484],[18.5039704,-33.9877913],[18.5039939,-33.9878669],[18.50402,-33.9879676],[18.5040462,-33.9880765],[18.5040703,-33.9881944],[18.5040898,-33.9883006],[18.5041065,-33.9884135],[18.5041179,-33.9885152],[18.5041273,-33.988617],[18.504134,-33.9887148],[18.5041387,-33.9888755],[18.504136,-33.9890217],[18.5041267,-33.9891718],[18.5041169,-33.9893062],[18.5040983,-33.9894638],[18.5040545,-33.9897327],[18.5039948,-33.9900824],[18.5039134,-33.9905198],[18.5036231,-33.9921338],[18.5033409,-33.9937065],[18.502916,-33.996061],[18.502545,-33.998122],[18.5024788,-33.9984899],[18.5023499,-33.9992055],[18.5023082,-33.9993977],[18.5022615,-33.9995828],[18.5022313,-33.9996796],[18.5021985,-33.9997735],[18.5021462,-33.9999086],[18.5020297,-34.0001692],[18.5016949,-34.0008303],[18.5015972,-34.0010201],[18.5015592,-34.0010942],[18.5006483,-34.0028688],[18.5010398,-34.0027193],[18.5008426,-34.0031106],[18.5006309,-34.0035186],[18.4998516,-34.005024],[18.4997424,-34.0052407],[18.499649,-34.0054153],[18.499586,-34.0055198],[18.4994506,-34.0057205],[18.4992615,-34.0059967],[18.4991575,-34.0061485],[18.4990587,-34.0063006],[18.498658,-34.0070773],[18.4982355,-34.0079034],[18.49775,-34.0088431],[18.4975811,-34.0090912],[18.4974792,-34.0092475],[18.4973584,-34.0094775],[18.4972183,-34.0096882],[18.4971392,-34.0098022],[18.4970555,-34.0099352],[18.4967235,-34.0105745],[18.4961991,-34.0115953],[18.4956549,-34.0126427],[18.494716,-34.0144638],[18.4946924,-34.0145096],[18.4944191,-34.015038],[18.4941448,-34.0155683],[18.4935782,-34.0166705],[18.4930491,-34.0176926],[18.4923497,-34.0190454],[18.4919454,-34.0198296],[18.4913627,-34.0209584],[18.490573,-34.0224873],[18.4898488,-34.0238923],[18.4892239,-34.0250977],[18.4890553,-34.0254287],[18.488603,-34.0263056],[18.4885446,-34.026422],[18.4883086,-34.0268766],[18.4880142,-34.0274457],[18.4868025,-34.029792],[18.4866483,-34.0300971],[18.486541,-34.0302877],[18.4864659,-34.0304144],[18.4863968,-34.0305205],[18.4863273,-34.0306123],[18.4862632,-34.0306951],[18.4861406,-34.0308345],[18.4860677,-34.03091],[18.4859754,-34.0309983],[18.4858609,-34.0311],[18.4857723,-34.0311735],[18.4856619,-34.031254],[18.485546,-34.0313307],[18.4854201,-34.0314105],[18.4852965,-34.0314775],[18.4851682,-34.0315458],[18.4849061,-34.0316629],[18.4842657,-34.0319241],[18.4839944,-34.0320335],[18.483706,-34.0321488],[18.4833818,-34.0322809],[18.4829288,-34.0324622],[18.4818614,-34.0328945],[18.4808432,-34.0333084],[18.4807819,-34.0333333],[18.4801779,-34.0335807],[18.479324,-34.0339253],[18.4779199,-34.0344968],[18.4771361,-34.0348151],[18.4763142,-34.0351522],[18.474694,-34.0358112],[18.4738595,-34.0361475],[18.4731192,-34.0364525],[18.4726659,-34.0366331],[18.4721966,-34.036826],[18.4712336,-34.0372169],[18.4693473,-34.0379848],[18.4691663,-34.0380585],[18.4689853,-34.0381296],[18.4686567,-34.0382646],[18.468412,-34.0383646],[18.4682745,-34.0384241],[18.468074,-34.0385163],[18.4679044,-34.0386063],[18.4677562,-34.0386964],[18.4676281,-34.0387836],[18.4675329,-34.0388553],[18.4674212,-34.0389419],[18.4673698,-34.038988],[18.467286,-34.0390628],[18.4671868,-34.039164],[18.4670972,-34.0392608],[18.4670204,-34.0393531],[18.4669399,-34.0394552],[18.4668639,-34.0395707],[18.466806,-34.0396653],[18.4667411,-34.039774],[18.4667062,-34.0398501],[18.4666764,-34.039917],[18.4666202,-34.0400514],[18.4665822,-34.0401581],[18.4665473,-34.0402861],[18.4665291,-34.0403538],[18.4665144,-34.0404148],[18.4664958,-34.0404956],[18.4663933,-34.0408548],[18.4663599,-34.0410569],[18.4663461,-34.0411291],[18.4663203,-34.0413337],[18.4663259,-34.0423315],[18.4663246,-34.0425234],[18.4663226,-34.0426176],[18.4663172,-34.0427376],[18.4663102,-34.0428485],[18.4662904,-34.0430477],[18.4662783,-34.0431321],[18.4662448,-34.0433266],[18.4662039,-34.0435355],[18.4661623,-34.0436955],[18.4660805,-34.0439967],[18.4660405,-34.0441395],[18.4658375,-34.0448757],[18.4657391,-34.0452342],[18.465538,-34.0459665],[18.4653932,-34.0464881],[18.4652145,-34.0471332],[18.4651713,-34.047282],[18.4651277,-34.0474315],[18.4650355,-34.0477792],[18.4649506,-34.0481199],[18.4648808,-34.0484367],[18.4647327,-34.0490938],[18.4645965,-34.0496248],[18.4644699,-34.0500767],[18.4643137,-34.0506384],[18.4641683,-34.0511622],[18.4641599,-34.0511923],[18.4639496,-34.0519497],[18.4639334,-34.0520084],[18.4638268,-34.0523929],[18.463692,-34.0528701],[18.4634704,-34.0536725],[18.4633393,-34.0541474],[18.4632294,-34.0545418],[18.463106,-34.0549818],[18.4630377,-34.0552479],[18.4630013,-34.0553953],[18.4629543,-34.0556352],[18.4629275,-34.0557767],[18.4629068,-34.0559046],[18.4628918,-34.0560261],[18.4628807,-34.0561062],[18.4628703,-34.0562115],[18.4628545,-34.0564401],[18.4628465,-34.0565612],[18.4628478,-34.0566796],[18.4628466,-34.0569866],[18.4628589,-34.0572835],[18.4628779,-34.0576497],[18.462893,-34.0579609],[18.4629176,-34.0584439],[18.462941,-34.0588985],[18.4629894,-34.0598834]]}},{"type":"Feature","properties":{"routeId":"ct-bellv","source":"manual-edit","license":"ODbL","stations":11,"stationNames":["CAPE TOWN","ESPLANADE","YSTERPLAAT","KENTEMADE","CENTURY CITY","AKASIA PARK","MONTE VISTA","DE GRENDEL","AVONDALE","OOSTERZEE","BELLVILLE"],"stationCoords":[[-33.923631,18.427186],[-33.92364,18.446037],[-33.919902,18.476775],[-33.913554,18.497316],[-33.901117,18.511648],[-33.894831,18.528667],[-33.891667,18.549616],[-33.893493,18.57875],[-33.89778,18.592875],[-33.900001,18.607403],[-33.906263,18.626621]],"railHops":10,"chordHops":0,"stationSource":"bellv_to_ct_weekday","stationPinsStripped":true,"maxStationOffsetM":69,"manualEdit":true,"manualEditAt":"2026-09-17T02:38:26.422Z","stationOrderOverride":true},"geometry":{"type":"LineString","coordinates":[[18.42736601829529,-33.92344267092293],[18.427602052688602,-33.923616271770584],[18.427816629409794,-33.923758713227514],[18.427966833114628,-33.923874446735894],[18.42814385890961,-33.923967923685574],[18.428277969360355,-33.92405249798023],[18.4284625,-33.9241604],[18.4286824,-33.924265],[18.4289151,-33.9243635],[18.4291013,-33.9244411],[18.4295113,-33.9245712],[18.4296473,-33.9246291],[18.4297992,-33.9246932],[18.4299429,-33.9247513],[18.4301114,-33.924822],[18.4304975,-33.924976],[18.430677,-33.9250284],[18.431063,-33.9251093],[18.431361,-33.9251611],[18.431704,-33.9252265],[18.4320207,-33.9252832],[18.4322172,-33.9253005],[18.4323772,-33.9253051],[18.4334297,-33.9253455],[18.433909,-33.9253698],[18.4342782,-33.9253845],[18.435604,-33.9254387],[18.4360211,-33.9254502],[18.4363132,-33.9254539],[18.4365153,-33.9254519],[18.4367641,-33.9254447],[18.43706,-33.925431],[18.4388428,-33.9253317],[18.4392296,-33.9253139],[18.4394624,-33.9253284],[18.4395426,-33.9253308],[18.4396638,-33.9253293],[18.4398949,-33.9253171],[18.4400817,-33.9252993],[18.4402664,-33.9252765],[18.4404311,-33.9252544],[18.4406015,-33.9252239],[18.4407684,-33.9251863],[18.4409288,-33.9251425],[18.4411869,-33.9250618],[18.4420655,-33.9247803],[18.4425646,-33.9246119],[18.4431635,-33.9244251],[18.4434273,-33.9243399],[18.4436394,-33.9242827],[18.4438133,-33.9242392],[18.4440561,-33.9241883],[18.4443695,-33.9241338],[18.4446725,-33.9240932],[18.4459386,-33.9239296],[18.4462498,-33.923889],[18.4466199,-33.92384],[18.4468177,-33.9238094],[18.4470933,-33.9237596],[18.4479115,-33.9235975],[18.4483557,-33.923508],[18.448532,-33.9234725],[18.4490257,-33.9233722],[18.4496937,-33.9232274],[18.4520461,-33.9226629],[18.452732,-33.9225087],[18.453015,-33.9224406],[18.4533721,-33.922369],[18.4535521,-33.9223349],[18.4539011,-33.9222719],[18.4541177,-33.9222475],[18.4543499,-33.9222181],[18.4547447,-33.9221944],[18.4550793,-33.9221785],[18.4554,-33.9221695],[18.4561775,-33.9221531],[18.4562682,-33.9221524],[18.4564609,-33.9221374],[18.4566138,-33.9221229],[18.4568144,-33.922107],[18.4569276,-33.9221046],[18.4571805,-33.9220834],[18.4574145,-33.9220579],[18.4576115,-33.9220413],[18.4576974,-33.9220406],[18.4578966,-33.9220261],[18.4580019,-33.9220138],[18.4582245,-33.9219953],[18.458442,-33.9219943],[18.4591001,-33.9219843],[18.4593174,-33.9219882],[18.4594501,-33.9219932],[18.4596714,-33.9220088],[18.4599443,-33.9220371],[18.460293,-33.9220805],[18.4609452,-33.9221508],[18.4631066,-33.9224372],[18.4634772,-33.9224798],[18.4638931,-33.9225229],[18.4641398,-33.9225351],[18.4642987,-33.9225423],[18.464575,-33.9225457],[18.4647313,-33.9225468],[18.4649029,-33.922539],[18.4651155,-33.9225284],[18.4653917,-33.9225073],[18.4657237,-33.9224722],[18.4661367,-33.922426],[18.466871,-33.922342],[18.4669181,-33.9223366],[18.4683598,-33.9221702],[18.4686777,-33.9221272],[18.4690393,-33.9220732],[18.4721402,-33.9213808],[18.4733908,-33.9210924],[18.4736181,-33.9210336],[18.4738624,-33.9209666],[18.4741284,-33.9208867],[18.4743478,-33.920814],[18.4747865,-33.9206564],[18.4753535,-33.9204263],[18.4767132,-33.9198661],[18.4780289,-33.9193206],[18.4784633,-33.9191568],[18.4788024,-33.9190436],[18.478958,-33.9189974],[18.4792396,-33.9189179],[18.4796609,-33.9188173],[18.4799745,-33.9187436],[18.4804124,-33.9186468],[18.4806551,-33.9185939],[18.4810648,-33.9185016],[18.4814578,-33.9184125],[18.4820512,-33.9182589],[18.4835539,-33.9179002],[18.4855193,-33.9174315],[18.4864463,-33.9172118],[18.4868868,-33.9171045],[18.4873125,-33.9170082],[18.4874649,-33.9169721],[18.4880062,-33.9168404],[18.488223,-33.9167894],[18.4884831,-33.9167259],[18.4890022,-33.9166024],[18.4896056,-33.9164594],[18.4896671,-33.916446],[18.4900801,-33.9163481],[18.4905951,-33.9162257],[18.4911221,-33.9161016],[18.4912086,-33.916081],[18.4918946,-33.9159552],[18.4927732,-33.9157457],[18.4936615,-33.9155355],[18.4941698,-33.9154258],[18.4948049,-33.9152361],[18.4950421,-33.91515],[18.4952547,-33.9150624],[18.4954545,-33.9149697],[18.4956672,-33.9148549],[18.4958508,-33.9147443],[18.4960056,-33.9146393],[18.4962109,-33.91449],[18.4963767,-33.914354],[18.4966212,-33.914135],[18.4968198,-33.913953],[18.4969218,-33.9138592],[18.4973059,-33.9135061],[18.4977658,-33.9130811],[18.4988123,-33.9120965],[18.4996767,-33.9112243],[18.5001611,-33.9107371],[18.5006423,-33.9102708],[18.5039665,-33.9072032],[18.507499,-33.9039515],[18.5078544,-33.9036243],[18.5079919,-33.9034974],[18.5082373,-33.903287],[18.5084385,-33.9031234],[18.5086716,-33.9029515],[18.5089614,-33.9027621],[18.509245,-33.9025931],[18.5097616,-33.9023033],[18.510473,-33.9019109],[18.5123408,-33.9008749],[18.5128688,-33.9005834],[18.5130278,-33.9004912],[18.5134315,-33.9002685],[18.5138529,-33.9000337],[18.5142574,-33.8998029],[18.5144588,-33.8996819],[18.5146103,-33.8995851],[18.5147967,-33.8994587],[18.5150207,-33.8992912],[18.5151897,-33.8991526],[18.5153426,-33.8990218],[18.5155323,-33.8988482],[18.5157165,-33.8986712],[18.5161003,-33.8982894],[18.5164813,-33.8979103],[18.5170846,-33.8973108],[18.517261,-33.897135],[18.5174376,-33.8969586],[18.5177599,-33.8966577],[18.5179371,-33.8965228],[18.5180525,-33.8964368],[18.5182205,-33.8962895],[18.5183172,-33.8961921],[18.5185115,-33.8960485],[18.5186443,-33.8959505],[18.5187522,-33.8958748],[18.5188803,-33.8957858],[18.5189742,-33.8957223],[18.5190915,-33.8956455],[18.5192008,-33.8955782],[18.5193551,-33.8954885],[18.5194778,-33.8954223],[18.519581,-33.8953694],[18.5197017,-33.8953093],[18.5198506,-33.8952386],[18.5200169,-33.8951668],[18.520153,-33.8951112],[18.520316,-33.8950483],[18.5204575,-33.895001],[18.5206908,-33.894928],[18.5208705,-33.8948774],[18.5210328,-33.8948373],[18.5212132,-33.8947956],[18.5213808,-33.8947633],[18.5215927,-33.8947249],[18.521822,-33.8946937],[18.5220124,-33.8946748],[18.5223309,-33.8946537],[18.5225127,-33.8946481],[18.5227797,-33.8946479],[18.522968,-33.8946536],[18.5232006,-33.894667],[18.5234086,-33.8946848],[18.5236215,-33.8947052],[18.523823,-33.8947293],[18.5253914,-33.8949071],[18.5256395,-33.8949299],[18.5258343,-33.8949462],[18.5260171,-33.8949567],[18.5261703,-33.8949618],[18.5262912,-33.8949632],[18.5264718,-33.89496],[18.5266293,-33.8949533],[18.5268185,-33.89494],[18.5269465,-33.8949261],[18.5271718,-33.894896],[18.5283342,-33.8947032],[18.529474,-33.894516],[18.529824,-33.8944662],[18.5301193,-33.8944253],[18.5307184,-33.8943421],[18.5313361,-33.8942591],[18.5322361,-33.8941098],[18.5324332,-33.8940884],[18.5327627,-33.8940572],[18.535722,-33.8935512],[18.5365739,-33.8934063],[18.5375013,-33.8932483],[18.5408639,-33.8926738],[18.5423889,-33.89242],[18.5425409,-33.8925429],[18.5427565,-33.8924923],[18.543213,-33.8923685],[18.5434601,-33.8923098],[18.5436995,-33.8922608],[18.5439224,-33.8922208],[18.5441672,-33.8921851],[18.5443928,-33.8921573],[18.5445604,-33.8921412],[18.5447283,-33.8921088],[18.5448791,-33.8920804],[18.5453069,-33.8920064],[18.5455406,-33.8919758],[18.5456931,-33.8919622],[18.5474661,-33.8917949],[18.5475945,-33.8917819],[18.54887,-33.8916661],[18.5504244,-33.8915202],[18.5520262,-33.8913624],[18.5533756,-33.8912346],[18.5538464,-33.8911831],[18.5543597,-33.8911162],[18.5548831,-33.8910371],[18.5553894,-33.8909525],[18.5571127,-33.8906605],[18.5644802,-33.8894187],[18.5653018,-33.8892842],[18.5655314,-33.8892546],[18.5658346,-33.8892191],[18.5660561,-33.8891976],[18.5662952,-33.8891779],[18.5664974,-33.8891675],[18.5668766,-33.8891573],[18.567169,-33.8891573],[18.5674813,-33.8891684],[18.5679902,-33.8891986],[18.5682264,-33.8892185],[18.5684886,-33.8892463],[18.5686918,-33.8892742],[18.5689327,-33.8893125],[18.5693846,-33.8893959],[18.5699034,-33.8895138],[18.5704995,-33.8896839],[18.5709353,-33.8898341],[18.5714474,-33.8900335],[18.5722372,-33.8903945],[18.5765192,-33.8924402],[18.576733,-33.8925317],[18.576961,-33.8926125],[18.5774419,-33.8928505],[18.578739,-33.8934723],[18.5799211,-33.8940389],[18.580021,-33.8940865],[18.5808842,-33.8944819],[18.5851347,-33.8964178],[18.5855661,-33.8966011],[18.5860374,-33.8967713],[18.5863203,-33.8968621],[18.5867899,-33.8969841],[18.5871437,-33.8970591],[18.5875042,-33.8971197],[18.5880381,-33.8971917],[18.5895505,-33.8973602],[18.5915744,-33.8975923],[18.5931443,-33.8977685],[18.5943749,-33.8979032],[18.594533,-33.8979205],[18.5995219,-33.898479],[18.6013621,-33.8986856],[18.6014191,-33.8986916],[18.6027475,-33.8988418],[18.6034682,-33.8989228],[18.604136,-33.8989921],[18.604423,-33.8990334],[18.6047129,-33.8990772],[18.6048722,-33.8991067],[18.6050233,-33.8991365],[18.6054039,-33.8992238],[18.6055278,-33.8992588],[18.6056694,-33.8992975],[18.6057959,-33.8993365],[18.6061268,-33.8994508],[18.6064509,-33.899574],[18.6068291,-33.8997443],[18.6071583,-33.8999081],[18.6074757,-33.9000902],[18.607805002181593,-33.900303146147586],[18.608113266769475,-33.90052297529677],[18.608416551941794,-33.90074489340929],[18.60872321420233,-33.90096966162011],[18.60902987646287,-33.90119442983093],[18.609584569931034,-33.90156168147177],[18.610121011734012,-33.901953496287156],[18.610550165176395,-33.90228297553367],[18.610818386077884,-33.90246997670175],[18.61121535301209,-33.90275493007395],[18.611601591110233,-33.903057691988344],[18.61192345619202,-33.90324469145719],[18.612320423126224,-33.90348511874299],[18.612620830535892,-33.90364540322351],[18.613060712814335,-33.90387692471891],[18.613500595092777,-33.9040817316715],[18.61389219760895,-33.904219753470734],[18.614278435707096,-33.904322156596734],[18.614621758461002,-33.90441120269326],[18.614997267723087,-33.904522510183135],[18.615345954895023,-33.90457148543264],[18.615721464157108,-33.904620460654],[18.61617207527161,-33.904642722108974],[18.616611957550052,-33.904642722108974],[18.617105484008793,-33.90466053126875],[18.61766338348389,-33.90465162668933],[18.61814081668854,-33.90464717439926],[18.618559241294864,-33.90464717439926],[18.619025945663456,-33.90465162668933],[18.619504319269605,-33.904683336563295],[18.6199141915322,-33.90473590701808],[18.62033384915793,-33.90479378015674],[18.620730261158407,-33.90485716383907],[18.621161570755667,-33.9049246939954],[18.621581464266352,-33.90499021352224],[18.622001357777037,-33.905055733049075],[18.622421251287726,-33.90512125257591],[18.622840728857103,-33.90518750863227],[18.623260418672427,-33.90525535791349],[18.623667567518027,-33.905377569539404],[18.624053675916446,-33.90556924488046],[18.624469762224813,-33.90566920167124],[18.624875120005715,-33.905801238618295],[18.625293030504366,-33.90589342511437],[18.625674440356757,-33.9060958238837],[18.626589775085453,-33.90629005364419]]}},{"type":"Feature","properties":{"routeId":"ct-kraai","source":"OpenStreetMap","license":"ODbL","stations":18,"stationNames":["KRAAIFONTEIN","EIKENFONTEIN","BRACKENFELL","STIKLAND","BELLVILLE","TYGERBERG","PAROW","ELSIES RIVER","VASCO","GOODWOOD","THORNTON","MUTUAL","WOLTEMADE","MAITLAND","KOEBERG RD","SALT RIVER","WOODSTOCK","CAPE TOWN"],"stationCoords":[[-33.846888,18.724424],[-33.85715,18.711159],[-33.880927,18.688698],[-33.90477,18.656536],[-33.906263,18.626621],[-33.907469,18.601251],[-33.90972,18.586052],[-33.910637,18.569073],[-33.910963,18.558512],[-33.914524,18.547135],[-33.918998,18.532373],[-33.922093,18.511988],[-33.922195,18.507011],[-33.924652,18.487002],[-33.92571,18.478877],[-33.927546,18.46469],[-33.925058,18.446139],[-33.923631,18.427186]],"railHops":15,"chordHops":0,"stationSource":"kraai_to_ct_weekday","stationPinsStripped":true,"maxStationOffsetM":91},"geometry":{"type":"LineString","coordinates":[[18.7245411,-33.846662],[18.7240083,-33.847077],[18.7232988,-33.8476283],[18.7219234,-33.848697],[18.7213746,-33.8491215],[18.7211174,-33.8493244],[18.7209755,-33.8494327],[18.7209092,-33.8494833],[18.7205815,-33.8497391],[18.7201982,-33.8500357],[18.7198277,-33.8503217],[18.719434,-33.8506303],[18.7190394,-33.850938],[18.7186822,-33.8512151],[18.7184157,-33.8514245],[18.7180276,-33.8517246],[18.7171497,-33.852407],[18.7166016,-33.8528314],[18.7152672,-33.8539035],[18.7122435,-33.8563545],[18.7105256,-33.8577751],[18.7103735,-33.8579009],[18.7096695,-33.8584836],[18.7089638,-33.8590881],[18.7079824,-33.859879],[18.7074531,-33.8603113],[18.7065538,-33.8610533],[18.7058689,-33.861615],[18.7051862,-33.8621783],[18.7045878,-33.8626714],[18.7040738,-33.8631087],[18.7039559,-33.8632184],[18.7038328,-33.8633351],[18.7036267,-33.8635515],[18.7034533,-33.8637394],[18.7031306,-33.8641289],[18.7028985,-33.8644272],[18.7025306,-33.8649012],[18.7021645,-33.8653706],[18.7017146,-33.8659467],[18.7013826,-33.8663733],[18.7011282,-33.8667035],[18.700911,-33.8669807],[18.7006579,-33.8673048],[18.7004109,-33.8676232],[18.6986425,-33.8698964],[18.6977554,-33.8710379],[18.6968678,-33.8721777],[18.696092,-33.8731747],[18.6954019,-33.8740625],[18.6950468,-33.8745199],[18.6940681,-33.8757759],[18.6932154,-33.8768755],[18.6927203,-33.877501],[18.6924793,-33.8777875],[18.6922214,-33.8780654],[18.6918727,-33.8783996],[18.6915415,-33.8786732],[18.691293,-33.8788629],[18.6910132,-33.8790728],[18.6906348,-33.8793547],[18.6899392,-33.8798817],[18.6892466,-33.8804242],[18.6889596,-33.8806368],[18.687363,-33.8818193],[18.6866868,-33.8823326],[18.6864198,-33.8825303],[18.6860083,-33.8828431],[18.6858842,-33.8829351],[18.6856701,-33.8830806],[18.6853591,-33.8832846],[18.684898,-33.883632],[18.6837242,-33.8845061],[18.6826923,-33.8852892],[18.6809696,-33.8865879],[18.679226,-33.8878782],[18.675867,-33.8904359],[18.6756531,-33.890595],[18.6723754,-33.893061],[18.6688287,-33.8957388],[18.6663495,-33.8976036],[18.6652703,-33.8984044],[18.6617141,-33.9010799],[18.6588517,-33.9032519],[18.6581757,-33.9037668],[18.658098,-33.9038231],[18.657399,-33.9043296],[18.657032,-33.904559],[18.6565531,-33.9048172],[18.6562124,-33.9049852],[18.6560135,-33.9050757],[18.6557853,-33.9051742],[18.655536,-33.9052816],[18.655039,-33.9054646],[18.6545778,-33.9056137],[18.6543255,-33.9056776],[18.6541185,-33.9057143],[18.6538451,-33.9057476],[18.6535806,-33.9057764],[18.6474314,-33.906335],[18.6461974,-33.9064402],[18.6441651,-33.9066284],[18.6440758,-33.9066371],[18.6431627,-33.9067135],[18.6426429,-33.9067643],[18.6421321,-33.9068079],[18.6407999,-33.906927],[18.6405121,-33.9069481],[18.6393399,-33.9070496],[18.6381657,-33.9071623],[18.6375926,-33.9072105],[18.6361712,-33.9073335],[18.6354601,-33.9073997],[18.6349438,-33.9074326],[18.6347425,-33.9074397],[18.6345075,-33.9074412],[18.634051,-33.9074366],[18.6336602,-33.9074151],[18.6331729,-33.9073712],[18.6325152,-33.9073001],[18.632334,-33.9072781],[18.6321107,-33.907258],[18.6315502,-33.9071978],[18.630717,-33.9071086],[18.6306439,-33.9070985],[18.6305237,-33.9070797],[18.630383,-33.9070491],[18.6301101,-33.9069965],[18.6297593,-33.9069232],[18.6294446,-33.9068478],[18.6273349,-33.9063595],[18.625485,-33.9059378],[18.6254655,-33.9059333],[18.6250187,-33.90583],[18.6245125,-33.9057286],[18.624116,-33.9056587],[18.623524,-33.9055753],[18.623137,-33.9055261],[18.6228203,-33.9055009],[18.6225417,-33.9054846],[18.622213,-33.9054614],[18.6221282,-33.9054479],[18.6214183,-33.9053549],[18.6212937,-33.9053391],[18.6208993,-33.9052888],[18.6207789,-33.9052741],[18.6206697,-33.9052671],[18.6205859,-33.9052623],[18.620134,-33.9052567],[18.6200399,-33.9052553],[18.619897,-33.905249],[18.6193384,-33.9052166],[18.6191816,-33.9052148],[18.6189277,-33.9052227],[18.6187948,-33.9052352],[18.6186177,-33.9052527],[18.6182429,-33.9052967],[18.6166642,-33.9055057],[18.6163039,-33.9055538],[18.6158061,-33.9056218],[18.6149889,-33.9057262],[18.6140926,-33.9058461],[18.6134713,-33.905925],[18.6126887,-33.9060302],[18.6112876,-33.9062134],[18.6098655,-33.9063984],[18.6093449,-33.9064696],[18.609148,-33.9064966],[18.6088908,-33.9065123],[18.6086188,-33.9065205],[18.6083603,-33.906543],[18.6082714,-33.9065536],[18.6026999,-33.9072817],[18.6016304,-33.9074227],[18.6000959,-33.9076279],[18.5986006,-33.9078235],[18.5978131,-33.9079275],[18.5962225,-33.908131],[18.5944177,-33.9083688],[18.5927839,-33.9085979],[18.591132,-33.9088362],[18.5906519,-33.9089191],[18.5900101,-33.9090383],[18.5896658,-33.9091038],[18.5894282,-33.9091435],[18.5888013,-33.9092681],[18.5882586,-33.9093681],[18.5878761,-33.9094316],[18.5874438,-33.9094994],[18.586875,-33.9095835],[18.5862094,-33.9096806],[18.5856546,-33.9097555],[18.5850953,-33.9098318],[18.5843081,-33.909926],[18.5837016,-33.9099815],[18.5831225,-33.9100381],[18.5820083,-33.9101328],[18.580724,-33.9103012],[18.5801486,-33.9103804],[18.5794754,-33.9104696],[18.5786907,-33.9105741],[18.5781149,-33.9106201],[18.5776449,-33.9106516],[18.5772459,-33.9106681],[18.5768286,-33.9106811],[18.5765358,-33.9106861],[18.5761802,-33.9106905],[18.5755071,-33.9106863],[18.5743222,-33.9106616],[18.5735111,-33.9106468],[18.5734106,-33.9106434],[18.5725968,-33.9106256],[18.5722074,-33.9106189],[18.5713243,-33.9105998],[18.5704423,-33.9105768],[18.5691204,-33.9105361],[18.5680085,-33.9105029],[18.5675256,-33.9104878],[18.5666898,-33.9104309],[18.5656881,-33.9104005],[18.5653249,-33.9103918],[18.5650114,-33.9103877],[18.5645891,-33.9103838],[18.5641321,-33.9104133],[18.5635506,-33.9104498],[18.5628668,-33.9104995],[18.5622363,-33.9105541],[18.5616049,-33.9106259],[18.5611074,-33.910688],[18.5605417,-33.9107709],[18.5598593,-33.9108901],[18.5594941,-33.9109586],[18.5591023,-33.9110358],[18.5585961,-33.9111493],[18.5582991,-33.9112189],[18.557818,-33.9113355],[18.5574973,-33.9114167],[18.5571523,-33.9115106],[18.5564054,-33.9117326],[18.5557808,-33.9119185],[18.5555012,-33.9120036],[18.5543197,-33.9123715],[18.5529109,-33.9128011],[18.5513379,-33.9132887],[18.5509991,-33.9133887],[18.5489855,-33.9140069],[18.548671,-33.9141081],[18.5471943,-33.9145582],[18.546586597315528,-33.91474607710944],[18.54597914529054,-33.91493442654479],[18.54537328250885,-33.91512275354945],[18.544781124026937,-33.91534278194375],[18.54419527535836,-33.91556244695109],[18.543615733682575,-33.9157948793443],[18.5430454213608,-33.916036681808215],[18.5424682000002,-33.91627924903509],[18.541891726638966,-33.916518127289756],[18.541299695022836,-33.91675101487598],[18.540717799209467,-33.91697976777029],[18.54011840569818,-33.91721200752207],[18.53950175793069,-33.917432077104095],[18.538879408152066,-33.917629987122396],[18.538256894147725,-33.91781113283529],[18.537614394883757,-33.91797896163827],[18.53697999242353,-33.9181321848399],[18.536343362995034,-33.91826905382062],[18.535699263079103,-33.918386027588355],[18.535060775887032,-33.91848970338513],[18.534427442464523,-33.91858113195719],[18.53379883588221,-33.91866171544417],[18.533182490969104,-33.918807397156144],[18.5325713,-33.9189823],[18.5318604,-33.9190717],[18.5313164,-33.919131],[18.5302865,-33.9192562],[18.5288136,-33.9194432],[18.5278826,-33.919564],[18.5269597,-33.9196808],[18.5233955,-33.9201406],[18.5214306,-33.9203816],[18.5190529,-33.9206824],[18.5170792,-33.9209328],[18.5166105,-33.9209935],[18.5162611,-33.9210424],[18.516076,-33.9210714],[18.5158675,-33.9211059],[18.5154316,-33.921176],[18.5147973,-33.9212795],[18.5134547,-33.9214561],[18.5124564,-33.9215814],[18.5115518,-33.9217107],[18.5114602,-33.9217247],[18.5105006,-33.9218637],[18.5102665,-33.921903],[18.5100801,-33.9219419],[18.5099218,-33.9219792],[18.5095472233014,-33.92208740575176],[18.509378672464948,-33.922139919796045],[18.5092084594676,-33.92219240906578],[18.50903824647025,-33.922244898335514],[18.508868033472908,-33.92229738760525],[18.508682412299663,-33.92231548405702],[18.50851218427148,-33.92236795905676],[18.508341956243303,-33.92242043405649],[18.50805910891458,-33.92214851305902],[18.50787015698392,-33.92217426375388],[18.507681205053267,-33.92220001444874],[18.507491920118092,-33.92222583218796],[18.507303334897127,-33.92225244478831],[18.507114749676166,-33.922279057388664],[18.5069191,-33.9222712],[18.5064769,-33.9223364],[18.5056553,-33.922451],[18.5044757,-33.9226163],[18.5039009,-33.9226923],[18.5034191,-33.9227585],[18.5021552,-33.9229395],[18.5018855,-33.9229738],[18.5012852,-33.9230426],[18.5008313,-33.9230869],[18.5001879,-33.9231485],[18.4995005,-33.9232177],[18.4984849,-33.9233166],[18.4978774,-33.9233764],[18.4973674,-33.9234314],[18.4964848,-33.9235126],[18.496062,-33.9235527],[18.4958312,-33.9235729],[18.4949742,-33.9236602],[18.4939946,-33.9237775],[18.49262,-33.9239513],[18.4922629,-33.9239951],[18.4918041,-33.9240147],[18.4914327,-33.9240639],[18.4910672,-33.9241202],[18.4908095,-33.9241667],[18.490395,-33.9242476],[18.4900409,-33.9243146],[18.4897137,-33.9243817],[18.489222,-33.9244737],[18.4886641,-33.9245734],[18.4884387,-33.9246051],[18.4856917,-33.9249533],[18.4871302,-33.9244955],[18.4856427,-33.9246836],[18.4843197,-33.924886],[18.4838671,-33.925147],[18.4835638,-33.9251864],[18.4831409,-33.9252482],[18.4830939,-33.9252599],[18.483045,-33.925271],[18.4828671,-33.9253045],[18.4826601,-33.9253445],[18.4823872,-33.9254012],[18.4821793,-33.9254396],[18.4819718,-33.9254705],[18.4815986,-33.9255181],[18.4813376,-33.925551],[18.4810622,-33.925586],[18.4807657,-33.9256298],[18.4805197,-33.9256739],[18.4802017,-33.9257331],[18.4798867,-33.9257918],[18.4795876,-33.9258573],[18.4794101,-33.9259001],[18.4792311,-33.9259483],[18.4790576,-33.9259984],[18.4788762,-33.9260579],[18.4786777,-33.9261322],[18.4784431,-33.926221],[18.4783005,-33.9262662],[18.4782371,-33.9262844],[18.477985,-33.9263516],[18.4779012,-33.9263776],[18.4777957,-33.9264113],[18.4777747,-33.9264193],[18.4775985,-33.9264735],[18.4774818,-33.9265072],[18.4773931,-33.9265277],[18.4772858,-33.9265454],[18.4772346,-33.9265485],[18.4768603,-33.9265645],[18.4766582,-33.9265857],[18.4765678,-33.926599],[18.4763785,-33.9266342],[18.4762705,-33.9266616],[18.4761784,-33.9266851],[18.476079,-33.92671],[18.4759759,-33.9267374],[18.4758741,-33.9267609],[18.475742,-33.9267851],[18.4756858,-33.926794],[18.475627,-33.9268031],[18.4755366,-33.9268169],[18.4754265,-33.9268378],[18.4753276,-33.9268597],[18.4747278,-33.9269984],[18.4746302,-33.9270224],[18.4745312,-33.9270486],[18.4744341,-33.9270754],[18.4743317,-33.9271066],[18.4735888,-33.9273423],[18.4734912,-33.9273676],[18.4733997,-33.9273875],[18.473269,-33.9274097],[18.473001,-33.927444],[18.4727549,-33.9274754],[18.4725259,-33.9275052],[18.4722977,-33.9275333],[18.4720227,-33.9275677],[18.4717877,-33.9275976],[18.4715601,-33.9276261],[18.4713328,-33.9276556],[18.4712295,-33.927669],[18.4709063,-33.9277085],[18.4707178,-33.9277341],[18.4704463,-33.9277669],[18.4701895,-33.9277995],[18.4700971,-33.9278118],[18.4699706,-33.9278229],[18.4698929,-33.9278268],[18.4696109,-33.9278279],[18.4694986,-33.9278285],[18.4694056,-33.9278325],[18.4693464,-33.9278367],[18.4692963,-33.9278425],[18.4691568,-33.9278611],[18.4691114,-33.9278664],[18.4690587,-33.9278708],[18.46898,-33.9278746],[18.468794,-33.9278771],[18.4685488,-33.9278707],[18.4684506,-33.9278666],[18.4683409,-33.9278591],[18.4682863,-33.9278535],[18.4682326,-33.9278478],[18.4681197,-33.9278296],[18.4680931,-33.9278239],[18.4679513,-33.9277998],[18.4678828,-33.9277904],[18.4675674,-33.9277548],[18.4670734,-33.927699],[18.4668961,-33.9276794],[18.4661252,-33.9275839],[18.4658419,-33.9275478],[18.4656607,-33.9275284],[18.4655115,-33.9275185],[18.4654341,-33.9275099],[18.4653021,-33.9274913],[18.4652252,-33.9274779],[18.4651058,-33.9274623],[18.4650239,-33.9274544],[18.4648672,-33.9274419],[18.4647939,-33.9274346],[18.4646692,-33.927416],[18.4635204,-33.9272232],[18.4631687,-33.9271724],[18.462856,-33.9271394],[18.4627076,-33.9271254],[18.4625407,-33.927113],[18.4623661,-33.9271016],[18.4621807,-33.9270931],[18.4619787,-33.9270847],[18.4617965,-33.9270755],[18.4615406,-33.9270649],[18.4613608,-33.9270534],[18.4611878,-33.927039],[18.461025,-33.9270243],[18.4608331,-33.9270031],[18.4596755,-33.9268648],[18.459553,-33.9268506],[18.4594123,-33.9268292],[18.4593171,-33.926813],[18.4590234,-33.9267566],[18.4589352,-33.9267422],[18.4588016,-33.9267212],[18.4585476,-33.9266902],[18.4584089,-33.926669],[18.4583041,-33.9266511],[18.457928,-33.9265778],[18.4578184,-33.9265589],[18.4576714,-33.9265376],[18.4570848,-33.9264679],[18.4565068,-33.9263944],[18.4553172,-33.9262442],[18.4543514,-33.9261285],[18.4542188,-33.9261084],[18.4541242,-33.9260925],[18.4539189,-33.9260522],[18.4538184,-33.9260342],[18.4536632,-33.92601],[18.4533863,-33.9259768],[18.4528782,-33.9259159],[18.4527243,-33.9258919],[18.4526292,-33.9258742],[18.4524391,-33.9258374],[18.4523377,-33.9258193],[18.452192,-33.9257962],[18.4517236,-33.9257421],[18.4515671,-33.9257178],[18.4514862,-33.9257034],[18.4512721,-33.9256606],[18.4511893,-33.9256468],[18.4510448,-33.9256249],[18.4507278,-33.9255852],[18.4498145,-33.9254767],[18.4488777,-33.9253663],[18.4483639,-33.9253005],[18.4478733,-33.9252434],[18.4475654,-33.9252052],[18.4473764,-33.9251846],[18.4470843,-33.9251655],[18.4468989,-33.925154],[18.446681,-33.9251468],[18.4463249,-33.925149],[18.4460104,-33.9251596],[18.445012,-33.9251774],[18.4442828,-33.9251945],[18.4432628,-33.9252145],[18.4431731,-33.9252168],[18.4430013,-33.9252325],[18.4426233,-33.9252753],[18.4424333,-33.9252857],[18.4423694,-33.9252883],[18.4421286,-33.9253043],[18.4419409,-33.9253209],[18.4417611,-33.9253332],[18.4410418,-33.9253719],[18.4402738,-33.9254143],[18.4395377,-33.9254544],[18.4374128,-33.9255693],[18.43725,-33.9255753],[18.437066,-33.9255783],[18.4369875,-33.9255813],[18.4368862,-33.9255856],[18.4366424,-33.9255962],[18.436231,-33.9255841],[18.4357199,-33.9255646],[18.4352232,-33.9255434],[18.4340069,-33.9254949],[18.4338107,-33.9254956],[18.4336484,-33.9255063],[18.4334445,-33.9255088],[18.4329454,-33.9254874],[18.4326182,-33.9254735],[18.4321996,-33.9254511],[18.4319899,-33.925434],[18.4318142,-33.9254129],[18.4316667,-33.9253917],[18.4315111,-33.9253606],[18.4313137,-33.9253149],[18.43121,-33.925286],[18.4310498,-33.9252359],[18.4308835,-33.9251792],[18.4306761,-33.9250962],[18.4302709,-33.9249306],[18.4295762,-33.9248359],[18.4293683,-33.9247662],[18.4292416,-33.9247252],[18.4290718,-33.9246677],[18.4287039,-33.9245443],[18.4285362,-33.9244865],[18.4283364,-33.9244052],[18.428098,-33.9242854],[18.4278754,-33.9241718],[18.4277769,-33.9241089],[18.4275301,-33.9239402],[18.4274124,-33.923851]]}},{"type":"Feature","properties":{"routeId":"ct-eerst","source":"manual-edit","license":"ODbL","stations":18,"stationNames":["EERSTE RIVER","MELTONROSE","BLACKHEATH","KUILS RIVER","BELLVILLE","TYGERBERG","PAROW","ELSIES RIVER","VASCO","GOODWOOD","THORNTON","MUTUAL","WOLTEMADE","MAITLAND","KOEBERG RD","SALT RIVER","WOODSTOCK","CAPE TOWN"],"stationCoords":[[-34.000758,18.730961],[-33.989012,18.720419],[-33.964314,18.701549],[-33.933524,18.677543],[-33.906263,18.626621],[-33.907469,18.601251],[-33.90972,18.586052],[-33.910637,18.569073],[-33.910963,18.558512],[-33.914524,18.547135],[-33.918998,18.532373],[-33.922093,18.511988],[-33.922195,18.507011],[-33.924652,18.487002],[-33.92571,18.478877],[-33.927546,18.46469],[-33.925058,18.446139],[-33.923631,18.427186]],"railHops":15,"chordHops":0,"stationSource":"eerst_to_ct_weekday","stationPinsStripped":true,"maxStationOffsetM":67,"manualEdit":true,"manualEditAt":"2026-09-17T02:23:03.470Z"},"geometry":{"type":"LineString","coordinates":[[18.73105645179749,-34.00068677033176],[18.7307571,-34.0004792],[18.7300906,-34.0000539],[18.7297913,-33.9998571],[18.7296055,-33.9997268],[18.7295143,-33.9996607],[18.7294266,-33.9995915],[18.7291971,-33.9994083],[18.7290123,-33.9992495],[18.7286874,-33.998968],[18.7283196,-33.9986467],[18.7280202,-33.9983808],[18.7277259,-33.9981085],[18.7273936,-33.9977822],[18.7270594,-33.997442],[18.7268601,-33.9972258],[18.726731,-33.9970857],[18.7265833,-33.9969201],[18.7264857,-33.9968053],[18.7263613,-33.9966631],[18.7260626,-33.9962978],[18.7260372,-33.9962613],[18.7259091,-33.9961079],[18.7258501,-33.9960318],[18.725431,-33.9954913],[18.7251436,-33.9951093],[18.7248157,-33.9946956],[18.7243919,-33.9941475],[18.7240072,-33.9936385],[18.7233097,-33.9927364],[18.7226279,-33.9918551],[18.7214437,-33.990333],[18.720734,-33.989404],[18.720133,-33.9886373],[18.7190038,-33.9871805],[18.7181978,-33.9861322],[18.7174102,-33.985114],[18.7169468,-33.984514],[18.7145889,-33.9814722],[18.7141885,-33.9809518],[18.7137487,-33.9803835],[18.7127639,-33.9791111],[18.7120054,-33.9781306],[18.7110659,-33.9769162],[18.7094945,-33.9748869],[18.7090935,-33.9743691],[18.7082977,-33.9733504],[18.7075097,-33.9723256],[18.707094,-33.971795],[18.7066743,-33.9712555],[18.7058705,-33.9702169],[18.7058479,-33.9701877],[18.7055068,-33.9697474],[18.7051622,-33.9693037],[18.7047189,-33.9687298],[18.7042804,-33.9681653],[18.7040523,-33.9678704],[18.7038241,-33.9675767],[18.7034143,-33.9669811],[18.7032243,-33.9667316],[18.7029508,-33.9663824],[18.7026735,-33.9660247],[18.7021573,-33.965355],[18.7017077,-33.9647814],[18.7013375,-33.9642895],[18.7009296,-33.9637749],[18.7004952,-33.963212],[18.6997296,-33.9622203],[18.6995724,-33.962016],[18.699438,-33.9618433],[18.6989246,-33.9611768],[18.6982633,-33.9603201],[18.6975353,-33.9593826],[18.6968149,-33.9584522],[18.6958505,-33.9572068],[18.6942506,-33.9551423],[18.6928989,-33.9533969],[18.6925412,-33.9529344],[18.6920693,-33.9523242],[18.6906048,-33.9504336],[18.689438,-33.9489245],[18.6871124,-33.9459157],[18.6847931,-33.9429151],[18.6844388,-33.9424474],[18.6826224,-33.940109],[18.6809977,-33.9380214],[18.6809438,-33.9379516],[18.6805292,-33.9374861],[18.6803395,-33.9372393],[18.6800322,-33.9368455],[18.6797774,-33.9365175],[18.6790965,-33.9356251],[18.6782806,-33.9345698],[18.6775659,-33.9336442],[18.6769609,-33.9328661],[18.6763684,-33.9321027],[18.6761122,-33.9317724],[18.6757067,-33.9312568],[18.6756139,-33.9311427],[18.6754687,-33.9309415],[18.6750013,-33.9303282],[18.6739846,-33.929021],[18.6729714,-33.9277102],[18.6725431,-33.9271542],[18.6721162,-33.9266037],[18.6715282,-33.9258403],[18.6706287,-33.9246788],[18.6698001,-33.9236077],[18.6697304,-33.9235114],[18.6692684,-33.9229249],[18.6689465,-33.922502],[18.6685482,-33.9219863],[18.668284,-33.9216519],[18.6680299,-33.9213191],[18.6679055,-33.9211525],[18.6675268,-33.9206647],[18.6672191,-33.9202672],[18.6669526,-33.919941],[18.666672,-33.919604],[18.6664427,-33.9193496],[18.6662527,-33.9191379],[18.6660694,-33.9189464],[18.6655574,-33.918458],[18.6653093,-33.918222],[18.6650643,-33.9179956],[18.6648715,-33.9178164],[18.6646867,-33.9176528],[18.664572,-33.917558],[18.6643907,-33.9174024],[18.6642191,-33.9172606],[18.6638446,-33.9169589],[18.6636041,-33.916778],[18.6633606,-33.9165932],[18.6630757,-33.9163935],[18.6627053,-33.9161395],[18.6624051,-33.9159535],[18.6621367,-33.9157928],[18.6617769,-33.9155856],[18.6616196,-33.9154966],[18.661379,-33.9153702],[18.6609832,-33.9151693],[18.6605669,-33.9149709],[18.6602088,-33.9148101],[18.6598917,-33.9146774],[18.6596865,-33.9145909],[18.6594659,-33.914503],[18.6589849,-33.9143232],[18.6588774,-33.9142863],[18.65856,-33.9141774],[18.658182,-33.9140603],[18.657937,-33.9139849],[18.6576477,-33.9139036],[18.6572828,-33.9138093],[18.6533439,-33.9127591],[18.6475293,-33.9112117],[18.6423267,-33.9098239],[18.6394441,-33.9090576],[18.6379427,-33.908654],[18.637852,-33.9086316],[18.6369087,-33.9083817],[18.6350294,-33.9078786],[18.6347252,-33.9078006],[18.6343754,-33.9077189],[18.634127,-33.9076744],[18.633932,-33.9076416],[18.6338325,-33.9076258],[18.6335837,-33.907594],[18.6332284,-33.907555],[18.6329588,-33.907382],[18.6328895,-33.9073694],[18.6327037,-33.9073304],[18.6326308,-33.907317],[18.6325152,-33.9073001],[18.632334,-33.9072781],[18.6321107,-33.907258],[18.6315502,-33.9071978],[18.630717,-33.9071086],[18.6306439,-33.9070985],[18.6305237,-33.9070797],[18.630383,-33.9070491],[18.6301101,-33.9069965],[18.6297593,-33.9069232],[18.6294446,-33.9068478],[18.6273349,-33.9063595],[18.625485,-33.9059378],[18.6254655,-33.9059333],[18.6250187,-33.90583],[18.6245125,-33.9057286],[18.624116,-33.9056587],[18.623524,-33.9055753],[18.623137,-33.9055261],[18.6228203,-33.9055009],[18.6225417,-33.9054846],[18.622213,-33.9054614],[18.6221282,-33.9054479],[18.6214183,-33.9053549],[18.6212937,-33.9053391],[18.6208993,-33.9052888],[18.6207789,-33.9052741],[18.6206697,-33.9052671],[18.6205859,-33.9052623],[18.620134,-33.9052567],[18.6200399,-33.9052553],[18.619897,-33.905249],[18.6193384,-33.9052166],[18.6191816,-33.9052148],[18.6189277,-33.9052227],[18.6187948,-33.9052352],[18.6186177,-33.9052527],[18.6182429,-33.9052967],[18.6166642,-33.9055057],[18.6163039,-33.9055538],[18.6158061,-33.9056218],[18.6149889,-33.9057262],[18.6140926,-33.9058461],[18.6134713,-33.905925],[18.6126887,-33.9060302],[18.6112876,-33.9062134],[18.6098655,-33.9063984],[18.6093449,-33.9064696],[18.609148,-33.9064966],[18.6088908,-33.9065123],[18.6086188,-33.9065205],[18.6083603,-33.906543],[18.6082714,-33.9065536],[18.6026999,-33.9072817],[18.6016304,-33.9074227],[18.6000959,-33.9076279],[18.5986006,-33.9078235],[18.5978131,-33.9079275],[18.5962225,-33.908131],[18.5944177,-33.9083688],[18.5927839,-33.9085979],[18.591132,-33.9088362],[18.5906519,-33.9089191],[18.5900101,-33.9090383],[18.5896658,-33.9091038],[18.5894282,-33.9091435],[18.5888013,-33.9092681],[18.5882586,-33.9093681],[18.5878761,-33.9094316],[18.5874438,-33.9094994],[18.586875,-33.9095835],[18.5862094,-33.9096806],[18.5856546,-33.9097555],[18.5850953,-33.9098318],[18.5843081,-33.909926],[18.5837016,-33.9099815],[18.5831225,-33.9100381],[18.5820083,-33.9101328],[18.580724,-33.9103012],[18.5801486,-33.9103804],[18.5794754,-33.9104696],[18.5786907,-33.9105741],[18.5781149,-33.9106201],[18.5776449,-33.9106516],[18.5772459,-33.9106681],[18.5768286,-33.9106811],[18.5765358,-33.9106861],[18.5761802,-33.9106905],[18.5755071,-33.9106863],[18.5743222,-33.9106616],[18.5735111,-33.9106468],[18.5734106,-33.9106434],[18.5725968,-33.9106256],[18.5722074,-33.9106189],[18.5713243,-33.9105998],[18.5704423,-33.9105768],[18.5691204,-33.9105361],[18.5680085,-33.9105029],[18.5675256,-33.9104878],[18.5666898,-33.9104309],[18.5656881,-33.9104005],[18.5653249,-33.9103918],[18.5650114,-33.9103877],[18.5645891,-33.9103838],[18.5641321,-33.9104133],[18.5635506,-33.9104498],[18.5628668,-33.9104995],[18.5622363,-33.9105541],[18.5616049,-33.9106259],[18.5611074,-33.910688],[18.5605417,-33.9107709],[18.5598593,-33.9108901],[18.5594941,-33.9109586],[18.5591023,-33.9110358],[18.5585961,-33.9111493],[18.5582991,-33.9112189],[18.557818,-33.9113355],[18.5574973,-33.9114167],[18.5571523,-33.9115106],[18.5564054,-33.9117326],[18.5557808,-33.9119185],[18.5555012,-33.9120036],[18.5543197,-33.9123715],[18.5529109,-33.9128011],[18.5513379,-33.9132887],[18.5509991,-33.9133887],[18.5489855,-33.9140069],[18.548671,-33.9141081],[18.5471943,-33.9145582],[18.546586597315528,-33.91474607710944],[18.54597914529054,-33.91493442654479],[18.54537328250885,-33.91512275354945],[18.544781124026937,-33.91534278194375],[18.54419527535836,-33.91556244695109],[18.543615733682575,-33.9157948793443],[18.5430454213608,-33.916036681808215],[18.5424682000002,-33.91627924903509],[18.541891726638966,-33.916518127289756],[18.541299695022836,-33.91675101487598],[18.540717799209467,-33.91697976777029],[18.54011840569818,-33.91721200752207],[18.53950175793069,-33.917432077104095],[18.538879408152066,-33.917629987122396],[18.538256894147725,-33.91781113283529],[18.537614394883757,-33.91797896163827],[18.53697999242353,-33.9181321848399],[18.536343362995034,-33.91826905382062],[18.535699263079103,-33.918386027588355],[18.535060775887032,-33.91848970338513],[18.534427442464523,-33.91858113195719],[18.53379883588221,-33.91866171544417],[18.533182490969104,-33.918807397156144],[18.5325713,-33.9189823],[18.5318604,-33.9190717],[18.5313164,-33.919131],[18.5302865,-33.9192562],[18.5288136,-33.9194432],[18.5278826,-33.919564],[18.5269597,-33.9196808],[18.5233955,-33.9201406],[18.5214306,-33.9203816],[18.5190529,-33.9206824],[18.5170792,-33.9209328],[18.5166105,-33.9209935],[18.5162611,-33.9210424],[18.516076,-33.9210714],[18.5158675,-33.9211059],[18.5154316,-33.921176],[18.5147973,-33.9212795],[18.5134547,-33.9214561],[18.5124564,-33.9215814],[18.5115518,-33.9217107],[18.5114602,-33.9217247],[18.510501086711887,-33.92183573346349],[18.51026237010956,-33.92186244181302],[18.510061204433445,-33.921889150154165],[18.50991100072861,-33.921911407098726],[18.50951135158539,-33.92195146958427],[18.50928604602814,-33.9219893063589],[18.509063422679905,-33.92202269173431],[18.50895613431931,-33.92203382018987],[18.50879788398743,-33.922049400025216],[18.508636951446537,-33.922073882617866],[18.508454561233524,-33.92209836520348],[18.5082882642746,-33.92212062209339],[18.50805910891458,-33.92214851305902],[18.50787015698392,-33.92217426375388],[18.507681205053267,-33.92220001444874],[18.507491920118092,-33.92222583218796],[18.507303334897127,-33.92225244478831],[18.507094681262974,-33.92227196879053],[18.506847918033603,-33.922291999950886],[18.5064769,-33.9223364],[18.5056553,-33.922451],[18.5044757,-33.9226163],[18.5039009,-33.9226923],[18.5034191,-33.9227585],[18.5021552,-33.9229395],[18.5018855,-33.9229738],[18.5012852,-33.9230426],[18.5008313,-33.9230869],[18.5001879,-33.9231485],[18.4995005,-33.9232177],[18.4984849,-33.9233166],[18.4978774,-33.9233764],[18.4973674,-33.9234314],[18.4964848,-33.9235126],[18.496062,-33.9235527],[18.4958312,-33.9235729],[18.4949742,-33.9236602],[18.4939946,-33.9237775],[18.49262,-33.9239513],[18.4922629,-33.9239951],[18.4918041,-33.9240147],[18.4914327,-33.9240639],[18.4910672,-33.9241202],[18.4908095,-33.9241667],[18.490395,-33.9242476],[18.4900409,-33.9243146],[18.4897137,-33.9243817],[18.489222,-33.9244737],[18.4886641,-33.9245734],[18.4884387,-33.9246051],[18.4856917,-33.9249533],[18.485132753849033,-33.92502287072094],[18.484521210193638,-33.92506515735507],[18.484164476394657,-33.92510521835753],[18.4838671,-33.925147],[18.4835638,-33.9251864],[18.4831409,-33.9252482],[18.4830939,-33.9252599],[18.483045,-33.925271],[18.4828671,-33.9253045],[18.4826601,-33.9253445],[18.4823872,-33.9254012],[18.4821793,-33.9254396],[18.4819718,-33.9254705],[18.4815986,-33.9255181],[18.4813376,-33.925551],[18.4810622,-33.925586],[18.4807657,-33.9256298],[18.4805197,-33.9256739],[18.4802017,-33.9257331],[18.4798867,-33.9257918],[18.4795876,-33.9258573],[18.4794101,-33.9259001],[18.4792311,-33.9259483],[18.4790576,-33.9259984],[18.4788762,-33.9260579],[18.4786777,-33.9261322],[18.4784431,-33.926221],[18.4783005,-33.9262662],[18.4782371,-33.9262844],[18.477985,-33.9263516],[18.4779012,-33.9263776],[18.4777957,-33.9264113],[18.4777747,-33.9264193],[18.4775985,-33.9264735],[18.4774818,-33.9265072],[18.4773931,-33.9265277],[18.4772858,-33.9265454],[18.4772346,-33.9265485],[18.4768603,-33.9265645],[18.4766582,-33.9265857],[18.4765678,-33.926599],[18.4763785,-33.9266342],[18.4762705,-33.9266616],[18.4761784,-33.9266851],[18.476079,-33.92671],[18.4759759,-33.9267374],[18.4758741,-33.9267609],[18.475742,-33.9267851],[18.4756858,-33.926794],[18.475627,-33.9268031],[18.4755366,-33.9268169],[18.4754265,-33.9268378],[18.4753276,-33.9268597],[18.4747278,-33.9269984],[18.4746302,-33.9270224],[18.4745312,-33.9270486],[18.4744341,-33.9270754],[18.4743317,-33.9271066],[18.4735888,-33.9273423],[18.4734912,-33.9273676],[18.4733997,-33.9273875],[18.473269,-33.9274097],[18.473001,-33.927444],[18.4727549,-33.9274754],[18.4725259,-33.9275052],[18.4722977,-33.9275333],[18.4720227,-33.9275677],[18.4717877,-33.9275976],[18.4715601,-33.9276261],[18.4713328,-33.9276556],[18.4712295,-33.927669],[18.4709063,-33.9277085],[18.4707178,-33.9277341],[18.4704463,-33.9277669],[18.4701895,-33.9277995],[18.4700971,-33.9278118],[18.4699706,-33.9278229],[18.4698929,-33.9278268],[18.4696109,-33.9278279],[18.4694986,-33.9278285],[18.4694056,-33.9278325],[18.4693464,-33.9278367],[18.4692963,-33.9278425],[18.4691568,-33.9278611],[18.4691114,-33.9278664],[18.4690587,-33.9278708],[18.46898,-33.9278746],[18.468794,-33.9278771],[18.4685488,-33.9278707],[18.4684506,-33.9278666],[18.4683409,-33.9278591],[18.4682863,-33.9278535],[18.4682326,-33.9278478],[18.4681197,-33.9278296],[18.4680931,-33.9278239],[18.4679513,-33.9277998],[18.4678828,-33.9277904],[18.4675674,-33.9277548],[18.4670734,-33.927699],[18.4668961,-33.9276794],[18.4661252,-33.9275839],[18.4658419,-33.9275478],[18.4656607,-33.9275284],[18.4655115,-33.9275185],[18.4654341,-33.9275099],[18.4653021,-33.9274913],[18.4652252,-33.9274779],[18.4651058,-33.9274623],[18.4650239,-33.9274544],[18.4648672,-33.9274419],[18.4647939,-33.9274346],[18.4646692,-33.927416],[18.4635204,-33.9272232],[18.4631687,-33.9271724],[18.462856,-33.9271394],[18.4627076,-33.9271254],[18.4625407,-33.927113],[18.4623661,-33.9271016],[18.4621807,-33.9270931],[18.4619787,-33.9270847],[18.4617965,-33.9270755],[18.4615406,-33.9270649],[18.4613608,-33.9270534],[18.4611878,-33.927039],[18.461025,-33.9270243],[18.4608331,-33.9270031],[18.4596755,-33.9268648],[18.459553,-33.9268506],[18.4594123,-33.9268292],[18.4593171,-33.926813],[18.4590234,-33.9267566],[18.4589352,-33.9267422],[18.4588016,-33.9267212],[18.4585476,-33.9266902],[18.4584089,-33.926669],[18.4583041,-33.9266511],[18.457928,-33.9265778],[18.4578184,-33.9265589],[18.4576714,-33.9265376],[18.4570848,-33.9264679],[18.4565068,-33.9263944],[18.4553172,-33.9262442],[18.4543514,-33.9261285],[18.4542188,-33.9261084],[18.4541242,-33.9260925],[18.4539189,-33.9260522],[18.4538184,-33.9260342],[18.4536632,-33.92601],[18.4533863,-33.9259768],[18.4528782,-33.9259159],[18.4527243,-33.9258919],[18.4526292,-33.9258742],[18.4524391,-33.9258374],[18.4523377,-33.9258193],[18.452192,-33.9257962],[18.4517236,-33.9257421],[18.4515671,-33.9257178],[18.4514862,-33.9257034],[18.4512721,-33.9256606],[18.4511893,-33.9256468],[18.4510448,-33.9256249],[18.4507278,-33.9255852],[18.4498145,-33.9254767],[18.4488777,-33.9253663],[18.4483639,-33.9253005],[18.4478733,-33.9252434],[18.4475654,-33.9252052],[18.4473764,-33.9251846],[18.4470843,-33.9251655],[18.4468989,-33.925154],[18.446681,-33.9251468],[18.4463249,-33.925149],[18.4460104,-33.9251596],[18.445012,-33.9251774],[18.4442828,-33.9251945],[18.4432628,-33.9252145],[18.4431731,-33.9252168],[18.4430013,-33.9252325],[18.4426233,-33.9252753],[18.4424333,-33.9252857],[18.4423694,-33.9252883],[18.4421286,-33.9253043],[18.4419409,-33.9253209],[18.4417611,-33.9253332],[18.4410418,-33.9253719],[18.4402738,-33.9254143],[18.4395377,-33.9254544],[18.4374128,-33.9255693],[18.43725,-33.9255753],[18.437066,-33.9255783],[18.4369875,-33.9255813],[18.4368862,-33.9255856],[18.4366424,-33.9255962],[18.436231,-33.9255841],[18.4357199,-33.9255646],[18.4352232,-33.9255434],[18.4340069,-33.9254949],[18.4338107,-33.9254956],[18.4336484,-33.9255063],[18.433449268341068,-33.9255236321461],[18.432945013046268,-33.92554366254188],[18.43260705471039,-33.925519180946395],[18.432212769985203,-33.92549915054487],[18.432000875473026,-33.92548134573955],[18.43180507421494,-33.92546131532913],[18.43167901039124,-33.92543015690354],[18.431534171104435,-33.92539454726034],[18.431327641010288,-33.925358937602255],[18.431220352649692,-33.925341132767635],[18.431056737899784,-33.92530997429809],[18.430898487567905,-33.92525433414554],[18.430646359920505,-33.92518088908855],[18.4301769733429,-33.925047352459046],[18.4295762,-33.9248359],[18.4293683,-33.9247662],[18.4292416,-33.9247252],[18.4290718,-33.9246677],[18.4287039,-33.9245443],[18.4285362,-33.9244865],[18.4283364,-33.9244052],[18.428098,-33.9242854],[18.4278754,-33.9241718],[18.4277769,-33.9241089],[18.4275301,-33.9239402],[18.42714071273804,-33.923658559102975]]}},{"type":"Feature","properties":{"routeId":"ct-strnd","source":"OpenStreetMap","license":"ODbL","stations":23,"stationNames":["STRAND","VAN DER STEL","SOMERSET WEST","FIRGROVE","FAURE","EERSTE RIVER","MELTONROSE","BLACKHEATH","KUILS RIVER","BELLVILLE","TYGERBERG","PAROW","ELSIES RIVER","VASCO","GOODWOOD","THORNTON","MUTUAL","WOLTEMADE","MAITLAND","KOEBERG RD","SALT RIVER","WOODSTOCK","CAPE TOWN"],"stationCoords":[[-34.115014,18.832418],[-34.09517,18.852428],[-34.08448,18.842183],[-34.055942,18.793265],[-34.026293,18.747038],[-34.000758,18.730961],[-33.989012,18.720419],[-33.964314,18.701549],[-33.933524,18.677543],[-33.906263,18.626621],[-33.907469,18.601251],[-33.90972,18.586052],[-33.910637,18.569073],[-33.910963,18.558512],[-33.914524,18.547135],[-33.918998,18.532373],[-33.922093,18.511988],[-33.922195,18.507011],[-33.924652,18.487002],[-33.92571,18.478877],[-33.927546,18.46469],[-33.925058,18.446139],[-33.923631,18.427186]],"railHops":20,"chordHops":0,"stationSource":"strnd_to_ct_weekday","stationPinsStripped":true,"maxStationOffsetM":69},"geometry":{"type":"LineString","coordinates":[[18.8318704,-34.1154319],[18.8335586,-34.1140645],[18.8339239,-34.1137705],[18.8340369,-34.1136786],[18.8342986,-34.1135046],[18.8343243,-34.1134867],[18.8345536,-34.1133506],[18.8347212,-34.1132666],[18.834948,-34.1131557],[18.8352227,-34.1130221],[18.8353696,-34.112941],[18.8355607,-34.1128255],[18.8357565,-34.1126906],[18.8360421,-34.1124669],[18.8368594,-34.1118111],[18.8380677,-34.1108351],[18.8388703,-34.1101899],[18.8397309,-34.1094966],[18.8401773,-34.109137],[18.8423539,-34.1073895],[18.8444366,-34.1057158],[18.84483,-34.1053989],[18.845396,-34.104943],[18.8465555,-34.104009],[18.8499658,-34.1012623],[18.8499951,-34.1012387],[18.850709,-34.100668],[18.8507828,-34.1006091],[18.8508843,-34.1005279],[18.8511976,-34.1002901],[18.8512991,-34.1002131],[18.8515868,-34.1000183],[18.8516486,-34.0999765],[18.8521076,-34.0996976],[18.8524607,-34.0995105],[18.8526603,-34.0994172],[18.8528768,-34.0993194],[18.8531538,-34.0992062],[18.8533281,-34.0991384],[18.853599,-34.0990412],[18.8540637,-34.0988919],[18.8541797,-34.0988561],[18.8549113,-34.0986303],[18.855097,-34.098572],[18.8553002,-34.0984987],[18.8554115,-34.0984532],[18.8554731,-34.0984245],[18.8555805,-34.0983744],[18.8557153,-34.0982994],[18.855846,-34.098215],[18.8559755,-34.0981145],[18.85605,-34.0980503],[18.8560908,-34.0980151],[18.8561954,-34.0979113],[18.8562792,-34.0978124],[18.8563563,-34.0977091],[18.8564234,-34.0976059],[18.8564784,-34.0975098],[18.8565327,-34.0973938],[18.8565574,-34.097332],[18.8565823,-34.0972699],[18.8566091,-34.0971739],[18.8566313,-34.0970911],[18.8566398,-34.0970444],[18.8566507,-34.096984],[18.8566628,-34.0968857],[18.8566688,-34.0967757],[18.8566681,-34.096658],[18.8566558,-34.0965602],[18.8566396,-34.0964638],[18.8566175,-34.0963587],[18.856596,-34.0962725],[18.8565619,-34.0961581],[18.8565418,-34.0960952],[18.8564991,-34.0959641],[18.8564654,-34.0958691],[18.8564337,-34.0957848],[18.8563977,-34.0957041],[18.8563689,-34.0956436],[18.856325,-34.0955705],[18.8562797,-34.0955018],[18.8562219,-34.0954266],[18.8561502,-34.0953489],[18.8561059,-34.095304],[18.8560497,-34.0952542],[18.8559836,-34.0951978],[18.8558894,-34.0951302],[18.85578,-34.0950672],[18.855669,-34.0950114],[18.8555913,-34.0949769],[18.8555017,-34.0949474],[18.855394,-34.0949121],[18.8553091,-34.0948915],[18.8552198,-34.0948754],[18.8550833,-34.0948549],[18.8549872,-34.0948491],[18.8546421,-34.0948453],[18.8531471,-34.0949216],[18.8527758,-34.0949482],[18.8526683,-34.0949527],[18.8523933,-34.0949516],[18.8521862,-34.0949383],[18.8518978,-34.0949122],[18.8516672,-34.0948761],[18.851377,-34.0948204],[18.8511685,-34.0947682],[18.8509841,-34.0947105],[18.8505569,-34.0945639],[18.8501611,-34.0944147],[18.8499519,-34.0943364],[18.8497561,-34.0942614],[18.8494803,-34.0941483],[18.8493468,-34.0940839],[18.8491671,-34.0939874],[18.8490142,-34.0938918],[18.8488838,-34.0938083],[18.8486683,-34.0936308],[18.848573,-34.0935419],[18.8484644,-34.0934314],[18.8483624,-34.0933165],[18.8482277,-34.0931421],[18.8481801,-34.0930694],[18.8480989,-34.0929417],[18.8480285,-34.0928101],[18.8479709,-34.0926862],[18.8479232,-34.0925741],[18.8478742,-34.0924355],[18.8477804,-34.0921603],[18.8469371,-34.0895589],[18.8468722,-34.0893515],[18.8467778,-34.0890591],[18.8466221,-34.0886576],[18.8465517,-34.0885054],[18.8463843,-34.0881552],[18.8463058,-34.0880042],[18.8461603,-34.087761],[18.8460597,-34.0875905],[18.8459604,-34.0874467],[18.8458558,-34.0872956],[18.8457614,-34.0871637],[18.845578,-34.0869186],[18.8452742,-34.0865325],[18.845141,-34.0863617],[18.8449699,-34.0861406],[18.8447801,-34.0858974],[18.8446521,-34.0857502],[18.8445521,-34.0856397],[18.8444549,-34.0855442],[18.8443677,-34.0854687],[18.8442551,-34.0853759],[18.8441404,-34.0852965],[18.8439876,-34.0852058],[18.8438218,-34.0851165],[18.8435671,-34.0850066],[18.8433455,-34.0849283],[18.8432156,-34.0848801],[18.8429186,-34.0847543],[18.8426068,-34.0846236],[18.8424768,-34.0845758],[18.8415178,-34.0842326],[18.8391267,-34.083379],[18.8373993,-34.0827598],[18.837047,-34.0826329],[18.8368226,-34.0825568],[18.8366212,-34.0824943],[18.836475,-34.0824537],[18.8362077,-34.0823732],[18.8354565,-34.0820949],[18.8352143,-34.0820042],[18.8348824,-34.0818717],[18.8345959,-34.0817452],[18.8341722,-34.0815562],[18.8337564,-34.08136],[18.8333502,-34.0811558],[18.8329951,-34.0809666],[18.8322757,-34.0805591],[18.8299338,-34.0790911],[18.8276324,-34.0776447],[18.8201535,-34.072931],[18.819497,-34.0725194],[18.8185757,-34.0719396],[18.8177643,-34.0714291],[18.8167531,-34.0707903],[18.8159076,-34.0702599],[18.8147093,-34.0695056],[18.8143546,-34.0692834],[18.813745,-34.0689001],[18.8127271,-34.068258],[18.8108826,-34.0670963],[18.8101684,-34.066648],[18.8091928,-34.0660325],[18.8079697,-34.0652615],[18.8067419,-34.0644888],[18.8056221,-34.0637845],[18.8039303,-34.062719],[18.800739,-34.060707],[18.7995582,-34.0599643],[18.7992591,-34.0597697],[18.798641,-34.0593546],[18.7980013,-34.0589367],[18.7961526,-34.0577716],[18.7960037,-34.0576933],[18.7958813,-34.0576308],[18.7957338,-34.0575477],[18.795537,-34.0574308],[18.7945831,-34.0568288],[18.7944639,-34.056863],[18.7943065,-34.0567297],[18.7940937,-34.0565783],[18.7939431,-34.0564809],[18.79386,-34.0564262],[18.7936541,-34.0562664],[18.7934592,-34.0561304],[18.7926599,-34.0556179],[18.7919063,-34.055143],[18.7911916,-34.054705],[18.7906899,-34.0543769],[18.7904901,-34.0542408],[18.7903198,-34.054123],[18.7896888,-34.0537447],[18.7890397,-34.0533369],[18.78818,-34.0527964],[18.7877078,-34.0525001],[18.7872285,-34.0521986],[18.7869583,-34.0520263],[18.7863934,-34.051682],[18.7862502,-34.0515963],[18.7858143,-34.0513524],[18.7853469,-34.0511052],[18.7849171,-34.0508957],[18.7845476,-34.0507235],[18.784017,-34.0504983],[18.7839209,-34.0504595],[18.7837538,-34.0503909],[18.783497,-34.0502959],[18.7832562,-34.0502053],[18.7828143,-34.0500531],[18.7821525,-34.0498331],[18.7817991,-34.0497164],[18.7813704,-34.0495772],[18.7780479,-34.048482],[18.7759279,-34.0477993],[18.7739454,-34.047114],[18.7735765,-34.0469807],[18.7729302,-34.0467251],[18.771903,-34.0462831],[18.7693061,-34.04515],[18.7685363,-34.0448118],[18.765404,-34.0434481],[18.7634932,-34.0426151],[18.7630324,-34.0424131],[18.7621305,-34.0420103],[18.7617033,-34.041793],[18.7612852,-34.0415621],[18.7606932,-34.0411676],[18.7600922,-34.0406944],[18.7598008,-34.0404069],[18.7596384,-34.0402466],[18.7593283,-34.0399405],[18.7571997,-34.0377641],[18.7560881,-34.0366099],[18.755887,-34.0363987],[18.7555946,-34.0360748],[18.7554799,-34.0359286],[18.755339,-34.0357493],[18.7551862,-34.0355318],[18.7550281,-34.0352929],[18.7548684,-34.0350317],[18.7539826,-34.0334069],[18.7531296,-34.0318363],[18.752965,-34.0315332],[18.7516833,-34.0291735],[18.7514566,-34.0287567],[18.7512682,-34.0284183],[18.751179,-34.0282782],[18.7511093,-34.028181],[18.7510442,-34.0280965],[18.7509584,-34.0280026],[18.7508464,-34.0278909],[18.7506815,-34.027747],[18.7505614,-34.0276603],[18.7504099,-34.0275597],[18.7502617,-34.0274758],[18.7500324,-34.0273613],[18.749858,-34.0272746],[18.7494681,-34.0270925],[18.7492535,-34.0269884],[18.7490836,-34.0268947],[18.7488911,-34.0267855],[18.748692,-34.0266907],[18.7480332,-34.0264734],[18.7475553,-34.026315],[18.7468231,-34.0260642],[18.7464489,-34.0259408],[18.74629,-34.0258925],[18.7461192,-34.0258551],[18.7457415,-34.0257543],[18.7456089,-34.0257075],[18.7454339,-34.0256437],[18.7452535,-34.0255686],[18.7451375,-34.025517],[18.7449725,-34.0254257],[18.7447916,-34.0253142],[18.7446477,-34.0251967],[18.7445549,-34.0251093],[18.7444711,-34.0250236],[18.7443427,-34.0248651],[18.7442136,-34.0246941],[18.7439575,-34.0243375],[18.742514,-34.0222574],[18.7422123,-34.0217939],[18.7419141,-34.021261],[18.7416814,-34.0208078],[18.7415119,-34.0204815],[18.741161,-34.0197936],[18.7402323,-34.018001],[18.739429,-34.0164448],[18.7393029,-34.0161958],[18.7374592,-34.0126241],[18.737203,-34.0121228],[18.7369407,-34.0116229],[18.7360411,-34.009882],[18.73595,-34.0096943],[18.7357695,-34.009285],[18.7356525,-34.0089486],[18.7355717,-34.0087056],[18.7354677,-34.008307],[18.7351053,-34.0068158],[18.7349905,-34.0063399],[18.7349591,-34.0062093],[18.7349123,-34.0060208],[18.7348771,-34.0058681],[18.7347757,-34.0054521],[18.7346701,-34.0050208],[18.7345631,-34.0045778],[18.734461,-34.0041547],[18.7343902,-34.0038568],[18.7343207,-34.0035765],[18.7342597,-34.0033227],[18.7341804,-34.0030177],[18.7341357,-34.0028744],[18.7340961,-34.0027731],[18.7340684,-34.0027075],[18.734011,-34.0026029],[18.7339493,-34.0025142],[18.7338664,-34.0024143],[18.7338175,-34.0023608],[18.7337466,-34.0022915],[18.7336644,-34.0022233],[18.7335942,-34.0021716],[18.7335141,-34.0021199],[18.7333123,-34.0019944],[18.7330883,-34.0018696],[18.7329418,-34.001789],[18.7326791,-34.0016457],[18.7324367,-34.0015105],[18.7322567,-34.0014077],[18.7319655,-34.0012396],[18.7316734,-34.0010623],[18.7312197,-34.0007725],[18.7307571,-34.0004792],[18.7300906,-34.0000539],[18.7297913,-33.9998571],[18.7296055,-33.9997268],[18.7295143,-33.9996607],[18.7294266,-33.9995915],[18.7291971,-33.9994083],[18.7290123,-33.9992495],[18.7286874,-33.998968],[18.7283196,-33.9986467],[18.7280202,-33.9983808],[18.7277259,-33.9981085],[18.7273936,-33.9977822],[18.7270594,-33.997442],[18.7268601,-33.9972258],[18.726731,-33.9970857],[18.7265833,-33.9969201],[18.7264857,-33.9968053],[18.7263613,-33.9966631],[18.7260626,-33.9962978],[18.7260372,-33.9962613],[18.7259091,-33.9961079],[18.7258501,-33.9960318],[18.725431,-33.9954913],[18.7251436,-33.9951093],[18.7248157,-33.9946956],[18.7243919,-33.9941475],[18.7240072,-33.9936385],[18.7233097,-33.9927364],[18.7226279,-33.9918551],[18.7214437,-33.990333],[18.720734,-33.989404],[18.720133,-33.9886373],[18.7190038,-33.9871805],[18.7181978,-33.9861322],[18.7174102,-33.985114],[18.7169468,-33.984514],[18.7145889,-33.9814722],[18.7141885,-33.9809518],[18.7137487,-33.9803835],[18.7127639,-33.9791111],[18.7120054,-33.9781306],[18.7110659,-33.9769162],[18.7094945,-33.9748869],[18.7090935,-33.9743691],[18.7082977,-33.9733504],[18.7075097,-33.9723256],[18.707094,-33.971795],[18.7066743,-33.9712555],[18.7058705,-33.9702169],[18.7058479,-33.9701877],[18.7055068,-33.9697474],[18.7051622,-33.9693037],[18.7047189,-33.9687298],[18.7042804,-33.9681653],[18.7040523,-33.9678704],[18.7038241,-33.9675767],[18.7034143,-33.9669811],[18.7032243,-33.9667316],[18.7029508,-33.9663824],[18.7026735,-33.9660247],[18.7021573,-33.965355],[18.7017077,-33.9647814],[18.7013375,-33.9642895],[18.7009296,-33.9637749],[18.7004952,-33.963212],[18.6997296,-33.9622203],[18.6995724,-33.962016],[18.699438,-33.9618433],[18.6989246,-33.9611768],[18.6982633,-33.9603201],[18.6975353,-33.9593826],[18.6968149,-33.9584522],[18.6958505,-33.9572068],[18.6942506,-33.9551423],[18.6928989,-33.9533969],[18.6925412,-33.9529344],[18.6920693,-33.9523242],[18.6906048,-33.9504336],[18.689438,-33.9489245],[18.6871124,-33.9459157],[18.6847931,-33.9429151],[18.6844388,-33.9424474],[18.6826224,-33.940109],[18.6809977,-33.9380214],[18.6809438,-33.9379516],[18.6805292,-33.9374861],[18.6803395,-33.9372393],[18.6800322,-33.9368455],[18.6797774,-33.9365175],[18.6790965,-33.9356251],[18.6782806,-33.9345698],[18.6775659,-33.9336442],[18.6769609,-33.9328661],[18.6763684,-33.9321027],[18.6761122,-33.9317724],[18.6757067,-33.9312568],[18.6756139,-33.9311427],[18.6754687,-33.9309415],[18.6750013,-33.9303282],[18.6739846,-33.929021],[18.6729714,-33.9277102],[18.6725431,-33.9271542],[18.6721162,-33.9266037],[18.6715282,-33.9258403],[18.6706287,-33.9246788],[18.6698001,-33.9236077],[18.6697304,-33.9235114],[18.6692684,-33.9229249],[18.6689465,-33.922502],[18.6685482,-33.9219863],[18.668284,-33.9216519],[18.6680299,-33.9213191],[18.6679055,-33.9211525],[18.6675268,-33.9206647],[18.6672191,-33.9202672],[18.6669526,-33.919941],[18.666672,-33.919604],[18.6664427,-33.9193496],[18.6662527,-33.9191379],[18.6660694,-33.9189464],[18.6655574,-33.918458],[18.6653093,-33.918222],[18.6650643,-33.9179956],[18.6648715,-33.9178164],[18.6646867,-33.9176528],[18.664572,-33.917558],[18.6643907,-33.9174024],[18.6642191,-33.9172606],[18.6638446,-33.9169589],[18.6636041,-33.916778],[18.6633606,-33.9165932],[18.6630757,-33.9163935],[18.6627053,-33.9161395],[18.6624051,-33.9159535],[18.6621367,-33.9157928],[18.6617769,-33.9155856],[18.6616196,-33.9154966],[18.661379,-33.9153702],[18.6609832,-33.9151693],[18.6605669,-33.9149709],[18.6602088,-33.9148101],[18.6598917,-33.9146774],[18.6596865,-33.9145909],[18.6594659,-33.914503],[18.6589849,-33.9143232],[18.6588774,-33.9142863],[18.65856,-33.9141774],[18.658182,-33.9140603],[18.657937,-33.9139849],[18.6576477,-33.9139036],[18.6572828,-33.9138093],[18.6533439,-33.9127591],[18.6475293,-33.9112117],[18.6423267,-33.9098239],[18.6394441,-33.9090576],[18.6379427,-33.908654],[18.637852,-33.9086316],[18.6369087,-33.9083817],[18.6350294,-33.9078786],[18.6347252,-33.9078006],[18.6343754,-33.9077189],[18.634127,-33.9076744],[18.633932,-33.9076416],[18.6338325,-33.9076258],[18.6335837,-33.907594],[18.6332284,-33.907555],[18.6329588,-33.907382],[18.6328895,-33.9073694],[18.6327037,-33.9073304],[18.6326308,-33.907317],[18.6325152,-33.9073001],[18.632334,-33.9072781],[18.6321107,-33.907258],[18.6315502,-33.9071978],[18.630717,-33.9071086],[18.6306439,-33.9070985],[18.6305237,-33.9070797],[18.630383,-33.9070491],[18.6301101,-33.9069965],[18.6297593,-33.9069232],[18.6294446,-33.9068478],[18.6273349,-33.9063595],[18.625485,-33.9059378],[18.6254655,-33.9059333],[18.6250187,-33.90583],[18.6245125,-33.9057286],[18.624116,-33.9056587],[18.623524,-33.9055753],[18.623137,-33.9055261],[18.6228203,-33.9055009],[18.6225417,-33.9054846],[18.622213,-33.9054614],[18.6221282,-33.9054479],[18.6214183,-33.9053549],[18.6212937,-33.9053391],[18.6208993,-33.9052888],[18.6207789,-33.9052741],[18.6206697,-33.9052671],[18.6205859,-33.9052623],[18.620134,-33.9052567],[18.6200399,-33.9052553],[18.619897,-33.905249],[18.6193384,-33.9052166],[18.6191816,-33.9052148],[18.6189277,-33.9052227],[18.6187948,-33.9052352],[18.6186177,-33.9052527],[18.6182429,-33.9052967],[18.6166642,-33.9055057],[18.6163039,-33.9055538],[18.6158061,-33.9056218],[18.6149889,-33.9057262],[18.6140926,-33.9058461],[18.6134713,-33.905925],[18.6126887,-33.9060302],[18.6112876,-33.9062134],[18.6098655,-33.9063984],[18.6093449,-33.9064696],[18.609148,-33.9064966],[18.6088908,-33.9065123],[18.6086188,-33.9065205],[18.6083603,-33.906543],[18.6082714,-33.9065536],[18.6026999,-33.9072817],[18.6016304,-33.9074227],[18.6000959,-33.9076279],[18.5986006,-33.9078235],[18.5978131,-33.9079275],[18.5962225,-33.908131],[18.5944177,-33.9083688],[18.5927839,-33.9085979],[18.591132,-33.9088362],[18.5906519,-33.9089191],[18.5900101,-33.9090383],[18.5896658,-33.9091038],[18.5894282,-33.9091435],[18.5888013,-33.9092681],[18.5882586,-33.9093681],[18.5878761,-33.9094316],[18.5874438,-33.9094994],[18.586875,-33.9095835],[18.5862094,-33.9096806],[18.5856546,-33.9097555],[18.5850953,-33.9098318],[18.5843081,-33.909926],[18.5837016,-33.9099815],[18.5831225,-33.9100381],[18.5820083,-33.9101328],[18.580724,-33.9103012],[18.5801486,-33.9103804],[18.5794754,-33.9104696],[18.5786907,-33.9105741],[18.5781149,-33.9106201],[18.5776449,-33.9106516],[18.5772459,-33.9106681],[18.5768286,-33.9106811],[18.5765358,-33.9106861],[18.5761802,-33.9106905],[18.5755071,-33.9106863],[18.5743222,-33.9106616],[18.5735111,-33.9106468],[18.5734106,-33.9106434],[18.5725968,-33.9106256],[18.5722074,-33.9106189],[18.5713243,-33.9105998],[18.5704423,-33.9105768],[18.5691204,-33.9105361],[18.5680085,-33.9105029],[18.5675256,-33.9104878],[18.5666898,-33.9104309],[18.5656881,-33.9104005],[18.5653249,-33.9103918],[18.5650114,-33.9103877],[18.5645891,-33.9103838],[18.5641321,-33.9104133],[18.5635506,-33.9104498],[18.5628668,-33.9104995],[18.5622363,-33.9105541],[18.5616049,-33.9106259],[18.5611074,-33.910688],[18.5605417,-33.9107709],[18.5598593,-33.9108901],[18.5594941,-33.9109586],[18.5591023,-33.9110358],[18.5585961,-33.9111493],[18.5582991,-33.9112189],[18.557818,-33.9113355],[18.5574973,-33.9114167],[18.5571523,-33.9115106],[18.5564054,-33.9117326],[18.5557808,-33.9119185],[18.5555012,-33.9120036],[18.5543197,-33.9123715],[18.5529109,-33.9128011],[18.5513379,-33.9132887],[18.5509991,-33.9133887],[18.5489855,-33.9140069],[18.548671,-33.9141081],[18.5471943,-33.9145582],[18.546586597315528,-33.91474607710944],[18.54597914529054,-33.91493442654479],[18.54537328250885,-33.91512275354945],[18.544781124026937,-33.91534278194375],[18.54419527535836,-33.91556244695109],[18.543615733682575,-33.9157948793443],[18.5430454213608,-33.916036681808215],[18.5424682000002,-33.91627924903509],[18.541891726638966,-33.916518127289756],[18.541299695022836,-33.91675101487598],[18.540717799209467,-33.91697976777029],[18.54011840569818,-33.91721200752207],[18.53950175793069,-33.917432077104095],[18.538879408152066,-33.917629987122396],[18.538256894147725,-33.91781113283529],[18.537614394883757,-33.91797896163827],[18.53697999242353,-33.9181321848399],[18.536343362995034,-33.91826905382062],[18.535699263079103,-33.918386027588355],[18.535060775887032,-33.91848970338513],[18.534427442464523,-33.91858113195719],[18.53379883588221,-33.91866171544417],[18.533182490969104,-33.918807397156144],[18.5325713,-33.9189823],[18.5318604,-33.9190717],[18.5313164,-33.919131],[18.5302865,-33.9192562],[18.5288136,-33.9194432],[18.5278826,-33.919564],[18.5269597,-33.9196808],[18.5233955,-33.9201406],[18.5214306,-33.9203816],[18.5190529,-33.9206824],[18.5170792,-33.9209328],[18.5166105,-33.9209935],[18.5162611,-33.9210424],[18.516076,-33.9210714],[18.5158675,-33.9211059],[18.5154316,-33.921176],[18.5147973,-33.9212795],[18.5134547,-33.9214561],[18.5124564,-33.9215814],[18.5115518,-33.9217107],[18.5114602,-33.9217247],[18.5105006,-33.9218637],[18.5102665,-33.921903],[18.5100801,-33.9219419],[18.5099218,-33.9219792],[18.5095472233014,-33.92208740575176],[18.509378672464948,-33.922139919796045],[18.5092084594676,-33.92219240906578],[18.50903824647025,-33.922244898335514],[18.508868033472908,-33.92229738760525],[18.508682412299663,-33.92231548405702],[18.50851218427148,-33.92236795905676],[18.508341956243303,-33.92242043405649],[18.50805910891458,-33.92214851305902],[18.50787015698392,-33.92217426375388],[18.507681205053267,-33.92220001444874],[18.507491920118092,-33.92222583218796],[18.507303334897127,-33.92225244478831],[18.507114749676166,-33.922279057388664],[18.5069191,-33.9222712],[18.5064769,-33.9223364],[18.5056553,-33.922451],[18.5044757,-33.9226163],[18.5039009,-33.9226923],[18.5034191,-33.9227585],[18.5021552,-33.9229395],[18.5018855,-33.9229738],[18.5012852,-33.9230426],[18.5008313,-33.9230869],[18.5001879,-33.9231485],[18.4995005,-33.9232177],[18.4984849,-33.9233166],[18.4978774,-33.9233764],[18.4973674,-33.9234314],[18.4964848,-33.9235126],[18.496062,-33.9235527],[18.4958312,-33.9235729],[18.4949742,-33.9236602],[18.4939946,-33.9237775],[18.49262,-33.9239513],[18.4922629,-33.9239951],[18.4918041,-33.9240147],[18.4914327,-33.9240639],[18.4910672,-33.9241202],[18.4908095,-33.9241667],[18.490395,-33.9242476],[18.4900409,-33.9243146],[18.4897137,-33.9243817],[18.489222,-33.9244737],[18.4886641,-33.9245734],[18.4884387,-33.9246051],[18.4856917,-33.9249533],[18.4871302,-33.9244955],[18.4856427,-33.9246836],[18.4843197,-33.924886],[18.4838671,-33.925147],[18.4835638,-33.9251864],[18.4831409,-33.9252482],[18.4830939,-33.9252599],[18.483045,-33.925271],[18.4828671,-33.9253045],[18.4826601,-33.9253445],[18.4823872,-33.9254012],[18.4821793,-33.9254396],[18.4819718,-33.9254705],[18.4815986,-33.9255181],[18.4813376,-33.925551],[18.4810622,-33.925586],[18.4807657,-33.9256298],[18.4805197,-33.9256739],[18.4802017,-33.9257331],[18.4798867,-33.9257918],[18.4795876,-33.9258573],[18.4794101,-33.9259001],[18.4792311,-33.9259483],[18.4790576,-33.9259984],[18.4788762,-33.9260579],[18.4786777,-33.9261322],[18.4784431,-33.926221],[18.4783005,-33.9262662],[18.4782371,-33.9262844],[18.477985,-33.9263516],[18.4779012,-33.9263776],[18.4777957,-33.9264113],[18.4777747,-33.9264193],[18.4775985,-33.9264735],[18.4774818,-33.9265072],[18.4773931,-33.9265277],[18.4772858,-33.9265454],[18.4772346,-33.9265485],[18.4768603,-33.9265645],[18.4766582,-33.9265857],[18.4765678,-33.926599],[18.4763785,-33.9266342],[18.4762705,-33.9266616],[18.4761784,-33.9266851],[18.476079,-33.92671],[18.4759759,-33.9267374],[18.4758741,-33.9267609],[18.475742,-33.9267851],[18.4756858,-33.926794],[18.475627,-33.9268031],[18.4755366,-33.9268169],[18.4754265,-33.9268378],[18.4753276,-33.9268597],[18.4747278,-33.9269984],[18.4746302,-33.9270224],[18.4745312,-33.9270486],[18.4744341,-33.9270754],[18.4743317,-33.9271066],[18.4735888,-33.9273423],[18.4734912,-33.9273676],[18.4733997,-33.9273875],[18.473269,-33.9274097],[18.473001,-33.927444],[18.4727549,-33.9274754],[18.4725259,-33.9275052],[18.4722977,-33.9275333],[18.4720227,-33.9275677],[18.4717877,-33.9275976],[18.4715601,-33.9276261],[18.4713328,-33.9276556],[18.4712295,-33.927669],[18.4709063,-33.9277085],[18.4707178,-33.9277341],[18.4704463,-33.9277669],[18.4701895,-33.9277995],[18.4700971,-33.9278118],[18.4699706,-33.9278229],[18.4698929,-33.9278268],[18.4696109,-33.9278279],[18.4694986,-33.9278285],[18.4694056,-33.9278325],[18.4693464,-33.9278367],[18.4692963,-33.9278425],[18.4691568,-33.9278611],[18.4691114,-33.9278664],[18.4690587,-33.9278708],[18.46898,-33.9278746],[18.468794,-33.9278771],[18.4685488,-33.9278707],[18.4684506,-33.9278666],[18.4683409,-33.9278591],[18.4682863,-33.9278535],[18.4682326,-33.9278478],[18.4681197,-33.9278296],[18.4680931,-33.9278239],[18.4679513,-33.9277998],[18.4678828,-33.9277904],[18.4675674,-33.9277548],[18.4670734,-33.927699],[18.4668961,-33.9276794],[18.4661252,-33.9275839],[18.4658419,-33.9275478],[18.4656607,-33.9275284],[18.4655115,-33.9275185],[18.4654341,-33.9275099],[18.4653021,-33.9274913],[18.4652252,-33.9274779],[18.4651058,-33.9274623],[18.4650239,-33.9274544],[18.4648672,-33.9274419],[18.4647939,-33.9274346],[18.4646692,-33.927416],[18.4635204,-33.9272232],[18.4631687,-33.9271724],[18.462856,-33.9271394],[18.4627076,-33.9271254],[18.4625407,-33.927113],[18.4623661,-33.9271016],[18.4621807,-33.9270931],[18.4619787,-33.9270847],[18.4617965,-33.9270755],[18.4615406,-33.9270649],[18.4613608,-33.9270534],[18.4611878,-33.927039],[18.461025,-33.9270243],[18.4608331,-33.9270031],[18.4596755,-33.9268648],[18.459553,-33.9268506],[18.4594123,-33.9268292],[18.4593171,-33.926813],[18.4590234,-33.9267566],[18.4589352,-33.9267422],[18.4588016,-33.9267212],[18.4585476,-33.9266902],[18.4584089,-33.926669],[18.4583041,-33.9266511],[18.457928,-33.9265778],[18.4578184,-33.9265589],[18.4576714,-33.9265376],[18.4570848,-33.9264679],[18.4565068,-33.9263944],[18.4553172,-33.9262442],[18.4543514,-33.9261285],[18.4542188,-33.9261084],[18.4541242,-33.9260925],[18.4539189,-33.9260522],[18.4538184,-33.9260342],[18.4536632,-33.92601],[18.4533863,-33.9259768],[18.4528782,-33.9259159],[18.4527243,-33.9258919],[18.4526292,-33.9258742],[18.4524391,-33.9258374],[18.4523377,-33.9258193],[18.452192,-33.9257962],[18.4517236,-33.9257421],[18.4515671,-33.9257178],[18.4514862,-33.9257034],[18.4512721,-33.9256606],[18.4511893,-33.9256468],[18.4510448,-33.9256249],[18.4507278,-33.9255852],[18.4498145,-33.9254767],[18.4488777,-33.9253663],[18.4483639,-33.9253005],[18.4478733,-33.9252434],[18.4475654,-33.9252052],[18.4473764,-33.9251846],[18.4470843,-33.9251655],[18.4468989,-33.925154],[18.446681,-33.9251468],[18.4463249,-33.925149],[18.4460104,-33.9251596],[18.445012,-33.9251774],[18.4442828,-33.9251945],[18.4432628,-33.9252145],[18.4431731,-33.9252168],[18.4430013,-33.9252325],[18.4426233,-33.9252753],[18.4424333,-33.9252857],[18.4423694,-33.9252883],[18.4421286,-33.9253043],[18.4419409,-33.9253209],[18.4417611,-33.9253332],[18.4410418,-33.9253719],[18.4402738,-33.9254143],[18.4395377,-33.9254544],[18.4374128,-33.9255693],[18.43725,-33.9255753],[18.437066,-33.9255783],[18.4369875,-33.9255813],[18.4368862,-33.9255856],[18.4366424,-33.9255962],[18.436231,-33.9255841],[18.4357199,-33.9255646],[18.4352232,-33.9255434],[18.4340069,-33.9254949],[18.4338107,-33.9254956],[18.4336484,-33.9255063],[18.4334445,-33.9255088],[18.4329454,-33.9254874],[18.4326182,-33.9254735],[18.4321996,-33.9254511],[18.4319899,-33.925434],[18.4318142,-33.9254129],[18.4316667,-33.9253917],[18.4315111,-33.9253606],[18.4313137,-33.9253149],[18.43121,-33.925286],[18.4310498,-33.9252359],[18.4308835,-33.9251792],[18.4306761,-33.9250962],[18.4302709,-33.9249306],[18.4295762,-33.9248359],[18.4293683,-33.9247662],[18.4292416,-33.9247252],[18.4290718,-33.9246677],[18.4287039,-33.9245443],[18.4285362,-33.9244865],[18.4283364,-33.9244052],[18.428098,-33.9242854],[18.4278754,-33.9241718],[18.4277769,-33.9241089],[18.4275301,-33.9239402],[18.4274124,-33.923851]]}},{"type":"Feature","properties":{"routeId":"eerst-dtoit","source":"OpenStreetMap","license":"ODbL","stations":22,"stationNames":["DU TOIT","STELLENBOSCH","VLOTTENBURG","LYNEDOCH","EERSTE RIVER","MELTONROSE","BLACKHEATH","KUILS RIVER","BELLVILLE","TYGERBERG","PAROW","ELSIES RIVER","VASCO","GOODWOOD","THORNTON","MUTUAL","WOLTEMADE","MAITLAND","KOEBERG RD","SALT RIVER","WOODSTOCK","CAPE TOWN"],"stationCoords":[[-33.9237,18.854174],[-33.938839,18.849745],[-33.962119,18.799939],[-33.981135,18.771483],[-34.000758,18.730961],[-33.989012,18.720419],[-33.964314,18.701549],[-33.933524,18.677543],[-33.906263,18.626621],[-33.907469,18.601251],[-33.90972,18.586052],[-33.910637,18.569073],[-33.910963,18.558512],[-33.914524,18.547135],[-33.918998,18.532373],[-33.922093,18.511988],[-33.922195,18.507011],[-33.924652,18.487002],[-33.92571,18.478877],[-33.927546,18.46469],[-33.925058,18.446139],[-33.923631,18.427186]],"railHops":19,"chordHops":0,"stationSource":"dtoit_to_eerst_weekday","stationPinsStripped":true,"maxStationOffsetM":67},"geometry":{"type":"LineString","coordinates":[[18.8541004,-33.9238771],[18.8541181,-33.9248848],[18.8540788,-33.9257031],[18.8540646,-33.9259771],[18.854029,-33.9265474],[18.8539861,-33.9270064],[18.8539425,-33.9273959],[18.8538942,-33.9277492],[18.8537816,-33.9284235],[18.8537199,-33.9287468],[18.8534254,-33.9299122],[18.8530075,-33.9312463],[18.8526973,-33.9322107],[18.8523842,-33.9331749],[18.8520499,-33.9342247],[18.8520315,-33.9342826],[18.8519784,-33.9344478],[18.8517988,-33.9349836],[18.851721,-33.9351822],[18.8516258,-33.9353942],[18.8515225,-33.9356061],[18.8513622,-33.9358965],[18.8510209,-33.9365001],[18.8508506,-33.9367967],[18.8505576,-33.9373135],[18.8504682,-33.937472],[18.8502371,-33.9378666],[18.850058,-33.9381763],[18.8499487,-33.9383527],[18.8497469,-33.9386347],[18.8495994,-33.9388311],[18.8492674,-33.9392678],[18.8491394,-33.9394297],[18.8489965,-33.9396027],[18.8488121,-33.9397913],[18.8487082,-33.9398881],[18.8485426,-33.9400322],[18.8483836,-33.9401535],[18.847868,-33.9405023],[18.8469896,-33.9410641],[18.8467039,-33.9412371],[18.8464652,-33.9413673],[18.8462318,-33.9414797],[18.8458302,-33.9416571],[18.8451026,-33.9419741],[18.8449392,-33.9420467],[18.8448069,-33.9421038],[18.8445548,-33.9422029],[18.844294,-33.9422963],[18.8439895,-33.9423998],[18.843604,-33.9425149],[18.8429783,-33.9426969],[18.8423299,-33.9428877],[18.8414863,-33.9431285],[18.840854,-33.9433132],[18.8401613,-33.9435163],[18.8390334,-33.9438424],[18.8386519,-33.9439563],[18.8378486,-33.9442055],[18.8374677,-33.9443384],[18.8370111,-33.9445025],[18.8365048,-33.9446906],[18.8357095,-33.9450121],[18.8351999,-33.9452346],[18.8346333,-33.9454977],[18.8341472,-33.9457297],[18.8300814,-33.9476677],[18.8268676,-33.9491924],[18.8260871,-33.9495662],[18.8248942,-33.9501347],[18.8247869,-33.9501819],[18.82122,-33.9518715],[18.8172217,-33.9537807],[18.8157559,-33.9544771],[18.8151249,-33.9547813],[18.8149345,-33.954872],[18.8106047,-33.95693],[18.8090095,-33.9576897],[18.8082135,-33.9580724],[18.8068597,-33.9587125],[18.8055222,-33.9593533],[18.8050729,-33.9595647],[18.8041426,-33.960004],[18.8033336,-33.9603905],[18.8028538,-33.9606364],[18.8022771,-33.9609133],[18.8013095,-33.9613883],[18.8006299,-33.9617125],[18.8004475,-33.961816],[18.8003211,-33.9618872],[18.8000901,-33.9620048],[18.7999718,-33.9620579],[18.7988392,-33.9626035],[18.7986267,-33.9626925],[18.7983208,-33.9627981],[18.7981499,-33.9628622],[18.7979281,-33.9629566],[18.7968848,-33.963459],[18.7958674,-33.96394],[18.7942191,-33.9647247],[18.793802,-33.9649188],[18.7930973,-33.9652741],[18.7927124,-33.9654766],[18.7918936,-33.9659359],[18.7915349,-33.9661495],[18.7908804,-33.9665605],[18.7888835,-33.9678635],[18.7885576,-33.9680793],[18.7869208,-33.9691526],[18.7865929,-33.96937],[18.7857171,-33.9699288],[18.7849103,-33.970484],[18.7844445,-33.9708331],[18.7840743,-33.9711106],[18.7838363,-33.9712997],[18.7835111,-33.9715594],[18.7831872,-33.9718347],[18.7829932,-33.9720046],[18.7820293,-33.9728711],[18.7815417,-33.9733011],[18.7812299,-33.9735864],[18.7809958,-33.9737988],[18.780448,-33.9742904],[18.7794388,-33.9752001],[18.7791008,-33.9755059],[18.7788565,-33.9757243],[18.7780438,-33.9764631],[18.7775546,-33.9768617],[18.7769967,-33.9772887],[18.7744861,-33.9789975],[18.7740496,-33.97934],[18.7739385,-33.9794161],[18.7737559,-33.9795413],[18.773263,-33.9798793],[18.7726367,-33.9803075],[18.7721975,-33.9806194],[18.7715665,-33.9810982],[18.7711548,-33.9814335],[18.7709817,-33.9815819],[18.7707994,-33.9817382],[18.7704735,-33.9820012],[18.7702777,-33.9821869],[18.7701114,-33.9823615],[18.7698291,-33.9826517],[18.7695466,-33.9829684],[18.7689372,-33.9837086],[18.7682334,-33.9847405],[18.7673922,-33.9862778],[18.7671634,-33.9868658],[18.7668858,-33.9875268],[18.7666374,-33.9880914],[18.7663194,-33.9886476],[18.7658473,-33.9894589],[18.7652636,-33.9902916],[18.7631396,-33.9931437],[18.7595817,-33.9978917],[18.758752,-33.9989966],[18.75824,-33.9996831],[18.7578629,-34.0001907],[18.7574901,-34.0006822],[18.7570931,-34.0012169],[18.7567321,-34.0016646],[18.7565245,-34.0019007],[18.7562241,-34.0022237],[18.7559485,-34.0024994],[18.7557124,-34.0027206],[18.7553718,-34.0030208],[18.7550613,-34.003275],[18.7548514,-34.0034355],[18.7544782,-34.0037098],[18.7539475,-34.0040626],[18.7534107,-34.0043893],[18.7531013,-34.0045573],[18.7527727,-34.0047307],[18.7524616,-34.0048819],[18.7521064,-34.0050439],[18.7513968,-34.0053255],[18.7509184,-34.0054962],[18.750458,-34.0056435],[18.7499818,-34.0057766],[18.7495366,-34.0058892],[18.7491048,-34.0059826],[18.7485951,-34.0060703],[18.7481593,-34.0061371],[18.7476993,-34.0061905],[18.7473274,-34.0062279],[18.7467592,-34.0062627],[18.7462723,-34.006277],[18.7458982,-34.0062761],[18.7453981,-34.006271],[18.7449167,-34.0062371],[18.7444956,-34.0062048],[18.7441268,-34.0061659],[18.7438116,-34.0061214],[18.7436078,-34.0060925],[18.7432349,-34.0060292],[18.742669,-34.0059158],[18.7420092,-34.0057601],[18.7416362,-34.0056646],[18.74123,-34.0055589],[18.7408022,-34.0054377],[18.7402175,-34.0052687],[18.7396528,-34.005092],[18.7390882,-34.0049018],[18.7386873,-34.0047495],[18.738348,-34.004615],[18.7379991,-34.0044795],[18.7376652,-34.0043294],[18.7373944,-34.0042032],[18.7370416,-34.0040281],[18.7366419,-34.0038324],[18.7362271,-34.0036052],[18.7358157,-34.0033811],[18.7341218,-34.0024431],[18.7340076,-34.0023778],[18.7337756,-34.0022486],[18.7333123,-34.0019944],[18.7330883,-34.0018696],[18.7329418,-34.001789],[18.7326791,-34.0016457],[18.7324367,-34.0015105],[18.7322567,-34.0014077],[18.7319655,-34.0012396],[18.7316734,-34.0010623],[18.7312197,-34.0007725],[18.7307571,-34.0004792],[18.7300906,-34.0000539],[18.7297913,-33.9998571],[18.7296055,-33.9997268],[18.7295143,-33.9996607],[18.7294266,-33.9995915],[18.7291971,-33.9994083],[18.7290123,-33.9992495],[18.7286874,-33.998968],[18.7283196,-33.9986467],[18.7280202,-33.9983808],[18.7277259,-33.9981085],[18.7273936,-33.9977822],[18.7270594,-33.997442],[18.7268601,-33.9972258],[18.726731,-33.9970857],[18.7265833,-33.9969201],[18.7264857,-33.9968053],[18.7263613,-33.9966631],[18.7260626,-33.9962978],[18.7260372,-33.9962613],[18.7259091,-33.9961079],[18.7258501,-33.9960318],[18.725431,-33.9954913],[18.7251436,-33.9951093],[18.7248157,-33.9946956],[18.7243919,-33.9941475],[18.7240072,-33.9936385],[18.7233097,-33.9927364],[18.7226279,-33.9918551],[18.7214437,-33.990333],[18.720734,-33.989404],[18.720133,-33.9886373],[18.7190038,-33.9871805],[18.7181978,-33.9861322],[18.7174102,-33.985114],[18.7169468,-33.984514],[18.7145889,-33.9814722],[18.7141885,-33.9809518],[18.7137487,-33.9803835],[18.7127639,-33.9791111],[18.7120054,-33.9781306],[18.7110659,-33.9769162],[18.7094945,-33.9748869],[18.7090935,-33.9743691],[18.7082977,-33.9733504],[18.7075097,-33.9723256],[18.707094,-33.971795],[18.7066743,-33.9712555],[18.7058705,-33.9702169],[18.7058479,-33.9701877],[18.7055068,-33.9697474],[18.7051622,-33.9693037],[18.7047189,-33.9687298],[18.7042804,-33.9681653],[18.7040523,-33.9678704],[18.7038241,-33.9675767],[18.7034143,-33.9669811],[18.7032243,-33.9667316],[18.7029508,-33.9663824],[18.7026735,-33.9660247],[18.7021573,-33.965355],[18.7017077,-33.9647814],[18.7013375,-33.9642895],[18.7009296,-33.9637749],[18.7004952,-33.963212],[18.6997296,-33.9622203],[18.6995724,-33.962016],[18.699438,-33.9618433],[18.6989246,-33.9611768],[18.6982633,-33.9603201],[18.6975353,-33.9593826],[18.6968149,-33.9584522],[18.6958505,-33.9572068],[18.6942506,-33.9551423],[18.6928989,-33.9533969],[18.6925412,-33.9529344],[18.6920693,-33.9523242],[18.6906048,-33.9504336],[18.689438,-33.9489245],[18.6871124,-33.9459157],[18.6847931,-33.9429151],[18.6844388,-33.9424474],[18.6826224,-33.940109],[18.6809977,-33.9380214],[18.6809438,-33.9379516],[18.6805292,-33.9374861],[18.6803395,-33.9372393],[18.6800322,-33.9368455],[18.6797774,-33.9365175],[18.6790965,-33.9356251],[18.6782806,-33.9345698],[18.6775659,-33.9336442],[18.6769609,-33.9328661],[18.6763684,-33.9321027],[18.6761122,-33.9317724],[18.6757067,-33.9312568],[18.6756139,-33.9311427],[18.6754687,-33.9309415],[18.6750013,-33.9303282],[18.6739846,-33.929021],[18.6729714,-33.9277102],[18.6725431,-33.9271542],[18.6721162,-33.9266037],[18.6715282,-33.9258403],[18.6706287,-33.9246788],[18.6698001,-33.9236077],[18.6697304,-33.9235114],[18.6692684,-33.9229249],[18.6689465,-33.922502],[18.6685482,-33.9219863],[18.668284,-33.9216519],[18.6680299,-33.9213191],[18.6679055,-33.9211525],[18.6675268,-33.9206647],[18.6672191,-33.9202672],[18.6669526,-33.919941],[18.666672,-33.919604],[18.6664427,-33.9193496],[18.6662527,-33.9191379],[18.6660694,-33.9189464],[18.6655574,-33.918458],[18.6653093,-33.918222],[18.6650643,-33.9179956],[18.6648715,-33.9178164],[18.6646867,-33.9176528],[18.664572,-33.917558],[18.6643907,-33.9174024],[18.6642191,-33.9172606],[18.6638446,-33.9169589],[18.6636041,-33.916778],[18.6633606,-33.9165932],[18.6630757,-33.9163935],[18.6627053,-33.9161395],[18.6624051,-33.9159535],[18.6621367,-33.9157928],[18.6617769,-33.9155856],[18.6616196,-33.9154966],[18.661379,-33.9153702],[18.6609832,-33.9151693],[18.6605669,-33.9149709],[18.6602088,-33.9148101],[18.6598917,-33.9146774],[18.6596865,-33.9145909],[18.6594659,-33.914503],[18.6589849,-33.9143232],[18.6588774,-33.9142863],[18.65856,-33.9141774],[18.658182,-33.9140603],[18.657937,-33.9139849],[18.6576477,-33.9139036],[18.6572828,-33.9138093],[18.6533439,-33.9127591],[18.6475293,-33.9112117],[18.6423267,-33.9098239],[18.6394441,-33.9090576],[18.6379427,-33.908654],[18.637852,-33.9086316],[18.6369087,-33.9083817],[18.6350294,-33.9078786],[18.6347252,-33.9078006],[18.6343754,-33.9077189],[18.634127,-33.9076744],[18.633932,-33.9076416],[18.6338325,-33.9076258],[18.6335837,-33.907594],[18.6332284,-33.907555],[18.6329588,-33.907382],[18.6328895,-33.9073694],[18.6327037,-33.9073304],[18.6326308,-33.907317],[18.6325152,-33.9073001],[18.632334,-33.9072781],[18.6321107,-33.907258],[18.6315502,-33.9071978],[18.630717,-33.9071086],[18.6306439,-33.9070985],[18.6305237,-33.9070797],[18.630383,-33.9070491],[18.6301101,-33.9069965],[18.6297593,-33.9069232],[18.6294446,-33.9068478],[18.6273349,-33.9063595],[18.625485,-33.9059378],[18.6254655,-33.9059333],[18.6250187,-33.90583],[18.6245125,-33.9057286],[18.624116,-33.9056587],[18.623524,-33.9055753],[18.623137,-33.9055261],[18.6228203,-33.9055009],[18.6225417,-33.9054846],[18.622213,-33.9054614],[18.6221282,-33.9054479],[18.6214183,-33.9053549],[18.6212937,-33.9053391],[18.6208993,-33.9052888],[18.6207789,-33.9052741],[18.6206697,-33.9052671],[18.6205859,-33.9052623],[18.620134,-33.9052567],[18.6200399,-33.9052553],[18.619897,-33.905249],[18.6193384,-33.9052166],[18.6191816,-33.9052148],[18.6189277,-33.9052227],[18.6187948,-33.9052352],[18.6186177,-33.9052527],[18.6182429,-33.9052967],[18.6166642,-33.9055057],[18.6163039,-33.9055538],[18.6158061,-33.9056218],[18.6149889,-33.9057262],[18.6140926,-33.9058461],[18.6134713,-33.905925],[18.6126887,-33.9060302],[18.6112876,-33.9062134],[18.6098655,-33.9063984],[18.6093449,-33.9064696],[18.609148,-33.9064966],[18.6088908,-33.9065123],[18.6086188,-33.9065205],[18.6083603,-33.906543],[18.6082714,-33.9065536],[18.6026999,-33.9072817],[18.6016304,-33.9074227],[18.6000959,-33.9076279],[18.5986006,-33.9078235],[18.5978131,-33.9079275],[18.5962225,-33.908131],[18.5944177,-33.9083688],[18.5927839,-33.9085979],[18.591132,-33.9088362],[18.5906519,-33.9089191],[18.5900101,-33.9090383],[18.5896658,-33.9091038],[18.5894282,-33.9091435],[18.5888013,-33.9092681],[18.5882586,-33.9093681],[18.5878761,-33.9094316],[18.5874438,-33.9094994],[18.586875,-33.9095835],[18.5862094,-33.9096806],[18.5856546,-33.9097555],[18.5850953,-33.9098318],[18.5843081,-33.909926],[18.5837016,-33.9099815],[18.5831225,-33.9100381],[18.5820083,-33.9101328],[18.580724,-33.9103012],[18.5801486,-33.9103804],[18.5794754,-33.9104696],[18.5786907,-33.9105741],[18.5781149,-33.9106201],[18.5776449,-33.9106516],[18.5772459,-33.9106681],[18.5768286,-33.9106811],[18.5765358,-33.9106861],[18.5761802,-33.9106905],[18.5755071,-33.9106863],[18.5743222,-33.9106616],[18.5735111,-33.9106468],[18.5734106,-33.9106434],[18.5725968,-33.9106256],[18.5722074,-33.9106189],[18.5713243,-33.9105998],[18.5704423,-33.9105768],[18.5691204,-33.9105361],[18.5680085,-33.9105029],[18.5675256,-33.9104878],[18.5666898,-33.9104309],[18.5656881,-33.9104005],[18.5653249,-33.9103918],[18.5650114,-33.9103877],[18.5645891,-33.9103838],[18.5641321,-33.9104133],[18.5635506,-33.9104498],[18.5628668,-33.9104995],[18.5622363,-33.9105541],[18.5616049,-33.9106259],[18.5611074,-33.910688],[18.5605417,-33.9107709],[18.5598593,-33.9108901],[18.5594941,-33.9109586],[18.5591023,-33.9110358],[18.5585961,-33.9111493],[18.5582991,-33.9112189],[18.557818,-33.9113355],[18.5574973,-33.9114167],[18.5571523,-33.9115106],[18.5564054,-33.9117326],[18.5557808,-33.9119185],[18.5555012,-33.9120036],[18.5543197,-33.9123715],[18.5529109,-33.9128011],[18.5513379,-33.9132887],[18.5509991,-33.9133887],[18.5489855,-33.9140069],[18.548671,-33.9141081],[18.5471943,-33.9145582],[18.546586597315528,-33.91474607710944],[18.54597914529054,-33.91493442654479],[18.54537328250885,-33.91512275354945],[18.544781124026937,-33.91534278194375],[18.54419527535836,-33.91556244695109],[18.543615733682575,-33.9157948793443],[18.5430454213608,-33.916036681808215],[18.5424682000002,-33.91627924903509],[18.541891726638966,-33.916518127289756],[18.541299695022836,-33.91675101487598],[18.540717799209467,-33.91697976777029],[18.54011840569818,-33.91721200752207],[18.53950175793069,-33.917432077104095],[18.538879408152066,-33.917629987122396],[18.538256894147725,-33.91781113283529],[18.537614394883757,-33.91797896163827],[18.53697999242353,-33.9181321848399],[18.536343362995034,-33.91826905382062],[18.535699263079103,-33.918386027588355],[18.535060775887032,-33.91848970338513],[18.534427442464523,-33.91858113195719],[18.53379883588221,-33.91866171544417],[18.533182490969104,-33.918807397156144],[18.5325713,-33.9189823],[18.5318604,-33.9190717],[18.5313164,-33.919131],[18.5302865,-33.9192562],[18.5288136,-33.9194432],[18.5278826,-33.919564],[18.5269597,-33.9196808],[18.5233955,-33.9201406],[18.5214306,-33.9203816],[18.5190529,-33.9206824],[18.5170792,-33.9209328],[18.5166105,-33.9209935],[18.5162611,-33.9210424],[18.516076,-33.9210714],[18.5158675,-33.9211059],[18.5154316,-33.921176],[18.5147973,-33.9212795],[18.5134547,-33.9214561],[18.5124564,-33.9215814],[18.5115518,-33.9217107],[18.5114602,-33.9217247],[18.5105006,-33.9218637],[18.5102665,-33.921903],[18.5100801,-33.9219419],[18.5099218,-33.9219792],[18.5095472233014,-33.92208740575176],[18.509378672464948,-33.922139919796045],[18.5092084594676,-33.92219240906578],[18.50903824647025,-33.922244898335514],[18.508868033472908,-33.92229738760525],[18.508682412299663,-33.92231548405702],[18.50851218427148,-33.92236795905676],[18.508341956243303,-33.92242043405649],[18.50805910891458,-33.92214851305902],[18.50787015698392,-33.92217426375388],[18.507681205053267,-33.92220001444874],[18.507491920118092,-33.92222583218796],[18.507303334897127,-33.92225244478831],[18.507114749676166,-33.922279057388664],[18.5069191,-33.9222712],[18.5064769,-33.9223364],[18.5056553,-33.922451],[18.5044757,-33.9226163],[18.5039009,-33.9226923],[18.5034191,-33.9227585],[18.5021552,-33.9229395],[18.5018855,-33.9229738],[18.5012852,-33.9230426],[18.5008313,-33.9230869],[18.5001879,-33.9231485],[18.4995005,-33.9232177],[18.4984849,-33.9233166],[18.4978774,-33.9233764],[18.4973674,-33.9234314],[18.4964848,-33.9235126],[18.496062,-33.9235527],[18.4958312,-33.9235729],[18.4949742,-33.9236602],[18.4939946,-33.9237775],[18.49262,-33.9239513],[18.4922629,-33.9239951],[18.4918041,-33.9240147],[18.4914327,-33.9240639],[18.4910672,-33.9241202],[18.4908095,-33.9241667],[18.490395,-33.9242476],[18.4900409,-33.9243146],[18.4897137,-33.9243817],[18.489222,-33.9244737],[18.4886641,-33.9245734],[18.4884387,-33.9246051],[18.4856917,-33.9249533],[18.4871302,-33.9244955],[18.4856427,-33.9246836],[18.4843197,-33.924886],[18.4838671,-33.925147],[18.4835638,-33.9251864],[18.4831409,-33.9252482],[18.4830939,-33.9252599],[18.483045,-33.925271],[18.4828671,-33.9253045],[18.4826601,-33.9253445],[18.4823872,-33.9254012],[18.4821793,-33.9254396],[18.4819718,-33.9254705],[18.4815986,-33.9255181],[18.4813376,-33.925551],[18.4810622,-33.925586],[18.4807657,-33.9256298],[18.4805197,-33.9256739],[18.4802017,-33.9257331],[18.4798867,-33.9257918],[18.4795876,-33.9258573],[18.4794101,-33.9259001],[18.4792311,-33.9259483],[18.4790576,-33.9259984],[18.4788762,-33.9260579],[18.4786777,-33.9261322],[18.4784431,-33.926221],[18.4783005,-33.9262662],[18.4782371,-33.9262844],[18.477985,-33.9263516],[18.4779012,-33.9263776],[18.4777957,-33.9264113],[18.4777747,-33.9264193],[18.4775985,-33.9264735],[18.4774818,-33.9265072],[18.4773931,-33.9265277],[18.4772858,-33.9265454],[18.4772346,-33.9265485],[18.4768603,-33.9265645],[18.4766582,-33.9265857],[18.4765678,-33.926599],[18.4763785,-33.9266342],[18.4762705,-33.9266616],[18.4761784,-33.9266851],[18.476079,-33.92671],[18.4759759,-33.9267374],[18.4758741,-33.9267609],[18.475742,-33.9267851],[18.4756858,-33.926794],[18.475627,-33.9268031],[18.4755366,-33.9268169],[18.4754265,-33.9268378],[18.4753276,-33.9268597],[18.4747278,-33.9269984],[18.4746302,-33.9270224],[18.4745312,-33.9270486],[18.4744341,-33.9270754],[18.4743317,-33.9271066],[18.4735888,-33.9273423],[18.4734912,-33.9273676],[18.4733997,-33.9273875],[18.473269,-33.9274097],[18.473001,-33.927444],[18.4727549,-33.9274754],[18.4725259,-33.9275052],[18.4722977,-33.9275333],[18.4720227,-33.9275677],[18.4717877,-33.9275976],[18.4715601,-33.9276261],[18.4713328,-33.9276556],[18.4712295,-33.927669],[18.4709063,-33.9277085],[18.4707178,-33.9277341],[18.4704463,-33.9277669],[18.4701895,-33.9277995],[18.4700971,-33.9278118],[18.4699706,-33.9278229],[18.4698929,-33.9278268],[18.4696109,-33.9278279],[18.4694986,-33.9278285],[18.4694056,-33.9278325],[18.4693464,-33.9278367],[18.4692963,-33.9278425],[18.4691568,-33.9278611],[18.4691114,-33.9278664],[18.4690587,-33.9278708],[18.46898,-33.9278746],[18.468794,-33.9278771],[18.4685488,-33.9278707],[18.4684506,-33.9278666],[18.4683409,-33.9278591],[18.4682863,-33.9278535],[18.4682326,-33.9278478],[18.4681197,-33.9278296],[18.4680931,-33.9278239],[18.4679513,-33.9277998],[18.4678828,-33.9277904],[18.4675674,-33.9277548],[18.4670734,-33.927699],[18.4668961,-33.9276794],[18.4661252,-33.9275839],[18.4658419,-33.9275478],[18.4656607,-33.9275284],[18.4655115,-33.9275185],[18.4654341,-33.9275099],[18.4653021,-33.9274913],[18.4652252,-33.9274779],[18.4651058,-33.9274623],[18.4650239,-33.9274544],[18.4648672,-33.9274419],[18.4647939,-33.9274346],[18.4646692,-33.927416],[18.4635204,-33.9272232],[18.4631687,-33.9271724],[18.462856,-33.9271394],[18.4627076,-33.9271254],[18.4625407,-33.927113],[18.4623661,-33.9271016],[18.4621807,-33.9270931],[18.4619787,-33.9270847],[18.4617965,-33.9270755],[18.4615406,-33.9270649],[18.4613608,-33.9270534],[18.4611878,-33.927039],[18.461025,-33.9270243],[18.4608331,-33.9270031],[18.4596755,-33.9268648],[18.459553,-33.9268506],[18.4594123,-33.9268292],[18.4593171,-33.926813],[18.4590234,-33.9267566],[18.4589352,-33.9267422],[18.4588016,-33.9267212],[18.4585476,-33.9266902],[18.4584089,-33.926669],[18.4583041,-33.9266511],[18.457928,-33.9265778],[18.4578184,-33.9265589],[18.4576714,-33.9265376],[18.4570848,-33.9264679],[18.4565068,-33.9263944],[18.4553172,-33.9262442],[18.4543514,-33.9261285],[18.4542188,-33.9261084],[18.4541242,-33.9260925],[18.4539189,-33.9260522],[18.4538184,-33.9260342],[18.4536632,-33.92601],[18.4533863,-33.9259768],[18.4528782,-33.9259159],[18.4527243,-33.9258919],[18.4526292,-33.9258742],[18.4524391,-33.9258374],[18.4523377,-33.9258193],[18.452192,-33.9257962],[18.4517236,-33.9257421],[18.4515671,-33.9257178],[18.4514862,-33.9257034],[18.4512721,-33.9256606],[18.4511893,-33.9256468],[18.4510448,-33.9256249],[18.4507278,-33.9255852],[18.4498145,-33.9254767],[18.4488777,-33.9253663],[18.4483639,-33.9253005],[18.4478733,-33.9252434],[18.4475654,-33.9252052],[18.4473764,-33.9251846],[18.4470843,-33.9251655],[18.4468989,-33.925154],[18.446681,-33.9251468],[18.4463249,-33.925149],[18.4460104,-33.9251596],[18.445012,-33.9251774],[18.4442828,-33.9251945],[18.4432628,-33.9252145],[18.4431731,-33.9252168],[18.4430013,-33.9252325],[18.4426233,-33.9252753],[18.4424333,-33.9252857],[18.4423694,-33.9252883],[18.4421286,-33.9253043],[18.4419409,-33.9253209],[18.4417611,-33.9253332],[18.4410418,-33.9253719],[18.4402738,-33.9254143],[18.4395377,-33.9254544],[18.4374128,-33.9255693],[18.43725,-33.9255753],[18.437066,-33.9255783],[18.4369875,-33.9255813],[18.4368862,-33.9255856],[18.4366424,-33.9255962],[18.436231,-33.9255841],[18.4357199,-33.9255646],[18.4352232,-33.9255434],[18.4340069,-33.9254949],[18.4338107,-33.9254956],[18.4336484,-33.9255063],[18.4334445,-33.9255088],[18.4329454,-33.9254874],[18.4326182,-33.9254735],[18.4321996,-33.9254511],[18.4319899,-33.925434],[18.4318142,-33.9254129],[18.4316667,-33.9253917],[18.4315111,-33.9253606],[18.4313137,-33.9253149],[18.43121,-33.925286],[18.4310498,-33.9252359],[18.4308835,-33.9251792],[18.4306761,-33.9250962],[18.4302709,-33.9249306],[18.4295762,-33.9248359],[18.4293683,-33.9247662],[18.4292416,-33.9247252],[18.4290718,-33.9246677],[18.4287039,-33.9245443],[18.4285362,-33.9244865],[18.4283364,-33.9244052],[18.428098,-33.9242854],[18.4278754,-33.9241718],[18.4277769,-33.9241089],[18.4275301,-33.9239402],[18.4274124,-33.923851]]}},{"type":"Feature","properties":{"routeId":"ct-well","source":"manual-edit","license":"ODbL","stations":25,"stationNames":["WELLINGTON","MBEKWENI","DAL JOSAFAT","HUGUENOT","PAARL","KLAPMUTS","MULDERSVLEI","KRAAIFONTEIN","EIKENFONTEIN","BRACKENFELL","STIKLAND","BELLVILLE","TYGERBERG","PAROW","ELSIES RIVER","VASCO","GOODWOOD","THORNTON","MUTUAL","WOLTEMADE","MAITLAND","KOEBERG RD","SALT RIVER","WOODSTOCK","CAPE TOWN"],"stationCoords":[[-33.634618,18.991778],[-33.674584,18.985489],[-33.707292,18.979951],[-33.729909,18.976547],[-33.76515,18.964509],[-33.806037,18.870195],[-33.830997,18.82814],[-33.846888,18.724424],[-33.85715,18.711159],[-33.880927,18.688698],[-33.90477,18.656536],[-33.906263,18.626621],[-33.907469,18.601251],[-33.90972,18.586052],[-33.910637,18.569073],[-33.910963,18.558512],[-33.914524,18.547135],[-33.918998,18.532373],[-33.922093,18.511988],[-33.922195,18.507011],[-33.924652,18.487002],[-33.92571,18.478877],[-33.927546,18.46469],[-33.925058,18.446139],[-33.923631,18.427186]],"railHops":22,"chordHops":0,"stationSource":"well_to_ct_weekday","stationPinsStripped":true,"maxStationOffsetM":91,"manualEdit":true,"manualEditAt":"2026-09-17T02:23:03.469Z"},"geometry":{"type":"LineString","coordinates":[[18.9920039,-33.6347313],[18.9919382,-33.6349893],[18.9918537,-33.6352963],[18.9917397,-33.6357301],[18.9916525,-33.6360489],[18.991562,-33.636409],[18.9914607,-33.6367557],[18.991393,-33.6370412],[18.9913186,-33.6372894],[18.9912355,-33.6376221],[18.9911221,-33.6380425],[18.9910477,-33.6383121],[18.9909417,-33.6387057],[18.9908445,-33.6390864],[18.9907224,-33.6395375],[18.9906159,-33.639949],[18.9905199,-33.6402956],[18.9904831,-33.6404419],[18.9903979,-33.6407417],[18.990365,-33.6408735],[18.9902705,-33.6412196],[18.9902165,-33.6414415],[18.9901023,-33.6418628],[18.9900251,-33.6421401],[18.9899245,-33.6425041],[18.9898973,-33.6426322],[18.9898276,-33.6428904],[18.9897177,-33.6433021],[18.9895872,-33.6437863],[18.9894833,-33.6441704],[18.9893766,-33.6445684],[18.9892781,-33.6449424],[18.989158,-33.6453851],[18.989042,-33.6458278],[18.9889596,-33.6461303],[18.9888992,-33.6463687],[18.9888134,-33.6466824],[18.9887343,-33.6469738],[18.988629,-33.6473774],[18.9885411,-33.6477385],[18.9884312,-33.6481276],[18.9883011,-33.6486172],[18.9881857,-33.6490732],[18.9880718,-33.6494768],[18.9879551,-33.6499178],[18.9878277,-33.6503822],[18.9877405,-33.6507104],[18.9876258,-33.6511363],[18.9874984,-33.6516102],[18.9873797,-33.6520601],[18.9872644,-33.6524843],[18.9871444,-33.6529336],[18.9870123,-33.6534215],[18.9868547,-33.6540209],[18.9867139,-33.6545456],[18.98662,-33.6548917],[18.9864644,-33.6554789],[18.9863806,-33.6557959],[18.9862968,-33.6561074],[18.9862016,-33.6564808],[18.9861312,-33.6567358],[18.9860272,-33.6571628],[18.9859334,-33.6575624],[18.9858784,-33.6578214],[18.9858073,-33.6581792],[18.9857664,-33.6584024],[18.9857047,-33.6587284],[18.9856564,-33.6590387],[18.9856035,-33.659377],[18.9855632,-33.6596622],[18.9855257,-33.6599686],[18.9854821,-33.6603364],[18.9854418,-33.6607784],[18.9854076,-33.6612344],[18.9853815,-33.661735],[18.9853735,-33.6619879],[18.9853641,-33.6624985],[18.9853674,-33.6630511],[18.9853735,-33.6635902],[18.9853835,-33.6641606],[18.9853895,-33.6646919],[18.9853942,-33.6651032],[18.9854043,-33.6657221],[18.9854123,-33.6662278],[18.9854237,-33.666811],[18.9854258,-33.6673088],[18.9854325,-33.667892],[18.9854385,-33.6683903],[18.9854633,-33.6698798],[18.9854714,-33.6702928],[18.9854787,-33.6709251],[18.9854874,-33.67153],[18.9854995,-33.6722605],[18.9855022,-33.6726372],[18.9855022,-33.67291],[18.9854935,-33.6733861],[18.9854807,-33.6737265],[18.985462,-33.6740496],[18.9854264,-33.674563],[18.9853741,-33.6751355],[18.985299,-33.6760225],[18.9852467,-33.6765819],[18.9851998,-33.6771354],[18.9851408,-33.6778564],[18.985067,-33.678699],[18.9850646,-33.6787261],[18.9850602,-33.6787756],[18.9850442,-33.6789557],[18.9849879,-33.6796242],[18.9849249,-33.6803027],[18.9848725,-33.6809187],[18.9848424,-33.6812892],[18.9848068,-33.681686],[18.9847639,-33.6821781],[18.9847022,-33.6828951],[18.9846446,-33.6836249],[18.9845802,-33.684338],[18.9844675,-33.6856403],[18.984383,-33.6865822],[18.9843187,-33.6873745],[18.9842878,-33.6876992],[18.9842382,-33.6882794],[18.9841685,-33.6890327],[18.9841081,-33.6895449],[18.9840665,-33.689903],[18.9840062,-33.6903795],[18.9839284,-33.6908872],[18.9838614,-33.6913001],[18.9837219,-33.6920154],[18.9836133,-33.6924829],[18.9835261,-33.6928377],[18.9834054,-33.693274],[18.9832874,-33.6936779],[18.9831693,-33.6940629],[18.9830191,-33.6945483],[18.9828354,-33.695143],[18.9826329,-33.6957902],[18.98248,-33.6962934],[18.9822815,-33.6969115],[18.9821152,-33.697465],[18.9820208,-33.6977724],[18.9819382,-33.6980519],[18.9818376,-33.6983866],[18.9817907,-33.6985495],[18.9817183,-33.6988195],[18.9816438,-33.6991375],[18.9815446,-33.699629],[18.9814903,-33.6999313],[18.9814393,-33.7002298],[18.9813367,-33.7008462],[18.9812965,-33.7010208],[18.9812556,-33.7011625],[18.9811951,-33.7014144],[18.9811736,-33.7015421],[18.9811228,-33.701765],[18.981092,-33.7018822],[18.9810383,-33.702035],[18.9810068,-33.7021059],[18.9809632,-33.7022152],[18.9808937,-33.7023877],[18.9808517,-33.7024709],[18.9808164,-33.7025572],[18.9807131,-33.7028121],[18.980644,-33.7030604],[18.9805964,-33.7032439],[18.9805582,-33.7033995],[18.9804959,-33.7037008],[18.9801673,-33.705622],[18.9799614,-33.7068352],[18.9799232,-33.7070227],[18.9798917,-33.7071593],[18.9798508,-33.7073161],[18.9798213,-33.7074477],[18.9797965,-33.7075989],[18.9797898,-33.7076831],[18.9797864,-33.7078577],[18.9797951,-33.7079648],[18.9798072,-33.7081383],[18.9798263,-33.7084204],[18.9798361,-33.7086007],[18.9798374,-33.7086214],[18.9798471,-33.7087472],[18.9798501,-33.7088038],[18.9798551,-33.7088975],[18.9798632,-33.7089904],[18.9798622,-33.7091335],[18.9798561,-33.7092316],[18.9798317,-33.7094825],[18.9798109,-33.7096049],[18.9794438,-33.7117618],[18.9789583,-33.7146522],[18.9788986,-33.7150008],[18.9787853,-33.7156735],[18.9786813,-33.7162982],[18.9785922,-33.716856],[18.9784862,-33.7175024],[18.9783836,-33.7181561],[18.9783458,-33.7184264],[18.97832,-33.7186082],[18.9782777,-33.7188644],[18.9782099,-33.7193502],[18.9781643,-33.7196564],[18.9781194,-33.7199866],[18.978041,-33.720502],[18.977995,-33.7207867],[18.9779545,-33.7210815],[18.9778854,-33.7215226],[18.9777918,-33.722133],[18.977768,-33.722304],[18.9777077,-33.7227011],[18.977638,-33.7231484],[18.9775528,-33.7237089],[18.9774469,-33.724406],[18.9773933,-33.7247495],[18.9772932,-33.7254052],[18.9772745,-33.7255281],[18.9772175,-33.7257702],[18.9770912,-33.7261503],[18.9770553,-33.7262414],[18.9769862,-33.7264199],[18.9769446,-33.7265275],[18.9769091,-33.7266474],[18.976889,-33.7267646],[18.9768776,-33.72689],[18.9768782,-33.7269597],[18.9768755,-33.7270746],[18.9768655,-33.727199],[18.9768447,-33.7273485],[18.9767495,-33.7279597],[18.9766583,-33.7286122],[18.9765604,-33.7292284],[18.9764712,-33.7297906],[18.9764471,-33.7299305],[18.9764109,-33.7300817],[18.9763579,-33.7302824],[18.9763317,-33.7304525],[18.9763299,-33.7305294],[18.9763357,-33.7306382],[18.9763518,-33.7308551],[18.976374,-33.7311106],[18.9763813,-33.7313919],[18.9763344,-33.7317034],[18.9763203,-33.7319314],[18.9763089,-33.7320809],[18.9762902,-33.732295],[18.9762422,-33.7326147],[18.9761374,-33.7332922],[18.9760141,-33.7341344],[18.9759394,-33.7345772],[18.9758096,-33.7354396],[18.9757187,-33.7360376],[18.9756521,-33.7365005],[18.9755239,-33.7373292],[18.9754103,-33.7380675],[18.9753145,-33.7386775],[18.9751676,-33.7396364],[18.9750776,-33.7402553],[18.9749525,-33.7410526],[18.9748552,-33.7417088],[18.9747692,-33.7422433],[18.9747318,-33.7424962],[18.9746928,-33.7427526],[18.9746183,-33.7432447],[18.9744625,-33.7442528],[18.9743992,-33.7446159],[18.9743281,-33.744958],[18.9742919,-33.7451174],[18.9742349,-33.7453477],[18.9741833,-33.7455434],[18.9740292,-33.7460623],[18.9738545,-33.7465697],[18.9736515,-33.7470907],[18.9734941,-33.7474567],[18.9732764,-33.7479159],[18.9731892,-33.7480821],[18.9730621,-33.7483223],[18.9729761,-33.7484748],[18.9728896,-33.7486275],[18.9726786,-33.7489798],[18.9725699,-33.7491508],[18.972452,-33.7493347],[18.9721682,-33.7497459],[18.9718841,-33.7501324],[18.9717055,-33.7503663],[18.971427,-33.7507036],[18.9712338,-33.7509285],[18.970995,-33.7511989],[18.9706054,-33.7516027],[18.9702804,-33.7519167],[18.9699498,-33.7522283],[18.9697784,-33.7523768],[18.9694912,-33.7526232],[18.9692253,-33.752848],[18.9684711,-33.7534985],[18.9681625,-33.7537697],[18.9679244,-33.7539811],[18.9677319,-33.7541608],[18.9675337,-33.7543561],[18.9674212,-33.7544727],[18.9672157,-33.7546921],[18.9669336,-33.7550144],[18.9667194,-33.7552787],[18.9665997,-33.7554454],[18.9664771,-33.7556075],[18.9663056,-33.7558579],[18.9661598,-33.7560852],[18.9659637,-33.7564063],[18.9657022,-33.7568808],[18.9655072,-33.7572902],[18.9653759,-33.7575913],[18.9652737,-33.7578488],[18.9651266,-33.758266],[18.9650379,-33.7585518],[18.9649427,-33.7589136],[18.9648934,-33.7591153],[18.9648442,-33.7593424],[18.9648079,-33.7595496],[18.964756,-33.7598278],[18.9647431,-33.7599372],[18.9646876,-33.7602726],[18.9646497,-33.7605376],[18.9646304,-33.7607331],[18.9646199,-33.7610471],[18.9646293,-33.7613902],[18.964638,-33.7616261],[18.9646478,-33.7619159],[18.9646541,-33.7620445],[18.9646862,-33.7623225],[18.964707,-33.7624412],[18.9647372,-33.7625873],[18.9647907,-33.7628238],[18.9648205,-33.7629538],[18.9648445,-33.7631336],[18.9648535,-33.7632698],[18.9648559,-33.7634073],[18.9648586,-33.7639152],[18.9648533,-33.7647666],[18.9648529,-33.7650239],[18.9648475,-33.7653408],[18.9648333,-33.7657034],[18.9647914,-33.7661836],[18.9647246,-33.7667654],[18.9647065,-33.7669102],[18.964693,-33.7670416],[18.9646453,-33.7672751],[18.964606,-33.7674678],[18.9645525,-33.7679455],[18.9644056,-33.7692289],[18.9643201,-33.7698805],[18.9642665,-33.7701556],[18.9642004,-33.7704292],[18.9638166,-33.7718],[18.9637408,-33.7720525],[18.9636557,-33.7723086],[18.9635698,-33.7725419],[18.9634748,-33.7727819],[18.9633773,-33.772995],[18.9632725,-33.7732075],[18.9631587,-33.7734153],[18.9630316,-33.7736309],[18.9626319,-33.7742362],[18.9620334,-33.7751045],[18.96166,-33.7756493],[18.9612807,-33.7761866],[18.9609124,-33.7766665],[18.960526,-33.7771393],[18.9601842,-33.7775388],[18.9598247,-33.7779312],[18.9593614,-33.7784289],[18.959093,-33.7786888],[18.9582903,-33.7794967],[18.9560178,-33.7817732],[18.9545327,-33.7832533],[18.9537692,-33.7840178],[18.9531609,-33.7846059],[18.9525725,-33.7851229],[18.9524838,-33.7851967],[18.9515492,-33.7859476],[18.9510486,-33.7863182],[18.9505678,-33.7866576],[18.9503492,-33.7868067],[18.9498664,-33.7871199],[18.9494105,-33.7874024],[18.9487522,-33.7877821],[18.9479432,-33.7882139],[18.947498,-33.788434],[18.9467004,-33.7888076],[18.9456029,-33.7892662],[18.9444632,-33.7896881],[18.9432614,-33.7900733],[18.9424245,-33.7903132],[18.9416241,-33.7905207],[18.9408383,-33.7906938],[18.9399911,-33.7908724],[18.9378058,-33.7912985],[18.9365987,-33.7915354],[18.935233,-33.7918061],[18.9348078,-33.7918936],[18.9344591,-33.7919666],[18.9332822,-33.7922486],[18.9325393,-33.7924431],[18.9322562,-33.7925252],[18.931068,-33.7928745],[18.9300774,-33.7932141],[18.9291598,-33.7935517],[18.9281692,-33.7939482],[18.9271078,-33.7944205],[18.9259049,-33.7949782],[18.9244133,-33.7956752],[18.9231978,-33.796249],[18.9220282,-33.7967957],[18.9209032,-33.7973285],[18.9194636,-33.7980074],[18.9181021,-33.7985925],[18.9169034,-33.7990609],[18.9157641,-33.7994687],[18.9148004,-33.7997742],[18.9139482,-33.8000316],[18.913385,-33.8001849],[18.9127931,-33.800336],[18.9117214,-33.8005862],[18.9106454,-33.8008109],[18.9100496,-33.8009249],[18.9094388,-33.8010317],[18.9088782,-33.8011243],[18.9083062,-33.8012135],[18.9079481,-33.8012659],[18.9073862,-33.8013375],[18.906947,-33.8013901],[18.9062456,-33.8014596],[18.9058346,-33.8014954],[18.9051921,-33.8015395],[18.9041595,-33.8016013],[18.9037029,-33.8016163],[18.9030042,-33.8016342],[18.9024168,-33.8016386],[18.9018984,-33.8016364],[18.9012956,-33.8016236],[18.9005128,-33.8015953],[18.8998814,-33.801559],[18.8985291,-33.8014764],[18.8965035,-33.8013476],[18.8940489,-33.8011945],[18.8932081,-33.801155],[18.892398,-33.8011355],[18.8917865,-33.8011332],[18.8913929,-33.801141],[18.8910187,-33.8011527],[18.8907062,-33.8011706],[18.8904172,-33.8011862],[18.890039,-33.8012157],[18.8896984,-33.8012458],[18.8893718,-33.8012798],[18.8890535,-33.8013096],[18.8884612,-33.8013826],[18.8878198,-33.801486],[18.8872344,-33.8015979],[18.8866923,-33.8017108],[18.8860988,-33.8018473],[18.88547,-33.8020124],[18.880077,-33.8034668],[18.8778222,-33.8040797],[18.8748316,-33.8048977],[18.8721334,-33.8056303],[18.8722454,-33.8055637],[18.8712066,-33.805846],[18.8703369,-33.8060832],[18.8697279,-33.8062462],[18.8669218,-33.807014],[18.8666921,-33.8070755],[18.8638951,-33.8078293],[18.8636018,-33.8079071],[18.8629142,-33.8080942],[18.8623186,-33.8082387],[18.8617264,-33.8083595],[18.8614587,-33.8084012],[18.8610736,-33.8084535],[18.8608693,-33.8084736],[18.8606125,-33.808497],[18.8604209,-33.8085109],[18.8600667,-33.808526],[18.8597777,-33.8085349],[18.8594893,-33.808536],[18.8592164,-33.8085316],[18.8590045,-33.8085249],[18.8586129,-33.8085026],[18.8582414,-33.8084692],[18.8577868,-33.8084168],[18.857365,-33.8083488],[18.8571344,-33.808307],[18.8568672,-33.8082509],[18.8565027,-33.8081669],[18.8562452,-33.8080981],[18.8560258,-33.8080253],[18.8558067,-33.8079638],[18.8555371,-33.8078754],[18.8549082,-33.8076451],[18.8541905,-33.8073665],[18.8536254,-33.8071476],[18.8527836,-33.8068187],[18.8517289,-33.806413],[18.8511485,-33.8062048],[18.8505372,-33.806014],[18.8499811,-33.8058638],[18.8493657,-33.8057338],[18.848771,-33.8056418],[18.8484289,-33.8055899],[18.8479663,-33.805555],[18.8475246,-33.8055332],[18.8468961,-33.8055282],[18.8462672,-33.8055408],[18.8456275,-33.8055909],[18.8450222,-33.8056759],[18.8443957,-33.8057853],[18.8438247,-33.8059297],[18.8432093,-33.8061072],[18.8426438,-33.8063086],[18.8420743,-33.8065349],[18.8415194,-33.8067959],[18.8409974,-33.8070599],[18.8404905,-33.8073531],[18.8397823,-33.8078216],[18.8392246,-33.8082906],[18.8387468,-33.8086931],[18.838411,-33.8090284],[18.8380703,-33.8094092],[18.8377,-33.809897],[18.8373243,-33.8104317],[18.8370226,-33.8109415],[18.8367887,-33.8113724],[18.8366805,-33.8116246],[18.8365531,-33.8119444],[18.8363642,-33.8125203],[18.8357873,-33.8143165],[18.8355989,-33.8149089],[18.8354057,-33.8155155],[18.8353333,-33.8157389],[18.8352542,-33.8159879],[18.8351293,-33.8163484],[18.8342808,-33.8190193],[18.8335034,-33.8214424],[18.8333406,-33.8219698],[18.8331736,-33.8224885],[18.8330104,-33.8229726],[18.8328248,-33.8234633],[18.8326854,-33.8237759],[18.8325329,-33.8240976],[18.83234,-33.8244789],[18.8321332,-33.8248626],[18.8319498,-33.8251724],[18.8317553,-33.8254883],[18.8313458,-33.8261001],[18.831147,-33.8263808],[18.830835,-33.8269015],[18.8307356,-33.8270448],[18.8304768,-33.8274086],[18.8300863,-33.8279677],[18.8296342,-33.8286164],[18.8294607,-33.8288645],[18.829287,-33.8291144],[18.8290642,-33.8294393],[18.8287988,-33.8298464],[18.8284946,-33.8303298],[18.8280211,-33.8311553],[18.8277242,-33.8316891],[18.8276046,-33.831927],[18.8274748,-33.8321623],[18.8274523,-33.8321971],[18.827262,-33.8324912],[18.8271338,-33.8326589],[18.826985,-33.832831],[18.8268113,-33.8330081],[18.8265806,-33.8332159],[18.8263567,-33.833388],[18.8262118,-33.8334866],[18.8260225,-33.8336054],[18.8258149,-33.8337267],[18.8254883,-33.8338849],[18.8251732,-33.8340124],[18.8249546,-33.8340859],[18.8247353,-33.8341478],[18.8243638,-33.8342285],[18.8239561,-33.8342814],[18.8237261,-33.8342993],[18.8234539,-33.8343054],[18.8231514,-33.8342948],[18.8228846,-33.8342731],[18.8227196,-33.8342497],[18.822499,-33.834209],[18.8222107,-33.8341478],[18.8201956,-33.8336275],[18.8181794,-33.8331133],[18.8173264,-33.832896],[18.8170736,-33.8328444],[18.8168094,-33.8327976],[18.8163346,-33.8327252],[18.8159812,-33.832694],[18.815648,-33.8326751],[18.8153402,-33.8326673],[18.815017,-33.8326778],[18.8146797,-33.8326929],[18.8142344,-33.8327263],[18.8137476,-33.8327831],[18.8128115,-33.8328823],[18.8116541,-33.8330048],[18.8110386,-33.8330566],[18.810649,-33.8330733],[18.8102681,-33.8330839],[18.8099268,-33.8330833],[18.8094219,-33.8330694],[18.8089076,-33.8330315],[18.8083483,-33.8329781],[18.8064329,-33.8327962],[18.7966099,-33.8318603],[18.7938601,-33.8315899],[18.7926346,-33.8314764],[18.7915,-33.8313733],[18.7912244,-33.8313538],[18.7909247,-33.8313338],[18.790639,-33.831331],[18.7903527,-33.8313349],[18.7901616,-33.8313444],[18.7898538,-33.83136],[18.7894535,-33.8313845],[18.775055,-33.8323729],[18.7731296,-33.8324693],[18.7707453,-33.8326273],[18.7685489,-33.8327731],[18.7659037,-33.8329473],[18.7642515,-33.8330591],[18.7625895,-33.8331685],[18.759698,-33.833363],[18.7586798,-33.8334286],[18.7576284,-33.8334991],[18.7571017,-33.8335347],[18.7568276,-33.8335582],[18.7565808,-33.8335841],[18.7562931,-33.8336214],[18.7558581,-33.8336968],[18.7556045,-33.8337502],[18.7553714,-33.8338061],[18.7551929,-33.8338531],[18.7549705,-33.8339179],[18.7546974,-33.8340046],[18.7544243,-33.834097],[18.7542654,-33.8341529],[18.7539298,-33.8342825],[18.7535933,-33.8344113],[18.7530072,-33.8346293],[18.7527873,-33.8347117],[18.7524102,-33.8348561],[18.7520308,-33.8349995],[18.7515558,-33.8351875],[18.7513656,-33.8352709],[18.7511696,-33.8353625],[18.7509033,-33.835497],[18.750717,-33.8355966],[18.7504605,-33.8357489],[18.7499104,-33.836073],[18.7493164,-33.8364311],[18.7489341,-33.8366562],[18.7484162,-33.8369747],[18.74779,-33.8373457],[18.7475052,-33.8375199],[18.7468498,-33.8379072],[18.7464243,-33.8381401],[18.7460898,-33.8383052],[18.7458616,-33.8384116],[18.7455565,-33.8385389],[18.7453058,-33.8386403],[18.745023,-33.8387432],[18.7447469,-33.8388299],[18.7445499,-33.8388874],[18.7442518,-33.8389639],[18.7436761,-33.8391047],[18.7413088,-33.8396684],[18.7407002,-33.8398126],[18.7400818,-33.8399592],[18.7391889,-33.8401659],[18.7384349,-33.8403445],[18.7375448,-33.8405542],[18.7373638,-33.8405998],[18.737187,-33.8406462],[18.7369588,-33.84071],[18.7368211,-33.8407511],[18.7366557,-33.8408047],[18.7364794,-33.8408673],[18.7361226,-33.8410007],[18.7354805,-33.8412435],[18.7348173,-33.8414938],[18.7344954,-33.8416164],[18.7335103,-33.8419823],[18.7329675,-33.8421915],[18.7323608,-33.8424205],[18.731878,-33.8426049],[18.7315945,-33.8427113],[18.7309939,-33.8429373],[18.7301385,-33.8432606],[18.7297631,-33.8434001],[18.7294532,-33.8435184],[18.7291523,-33.843632],[18.7288927,-33.8437344],[18.7287432,-33.8437952],[18.7286029,-33.843859],[18.7284122,-33.8439425],[18.7282175,-33.8440353],[18.7280334,-33.8441289],[18.7278019,-33.8442539],[18.7276097,-33.844365],[18.7273395,-33.8445322],[18.7271453,-33.8446617],[18.7269245,-33.8448176],[18.7262782,-33.845313],[18.7249733,-33.8463273],[18.7245411,-33.846662],[18.7240083,-33.847077],[18.7232988,-33.8476283],[18.7219234,-33.848697],[18.7213746,-33.8491215],[18.7211174,-33.8493244],[18.7209755,-33.8494327],[18.7209092,-33.8494833],[18.7205815,-33.8497391],[18.7201982,-33.8500357],[18.7198277,-33.8503217],[18.719434,-33.8506303],[18.7190394,-33.850938],[18.7186822,-33.8512151],[18.7184157,-33.8514245],[18.7180276,-33.8517246],[18.7171497,-33.852407],[18.7166016,-33.8528314],[18.7152672,-33.8539035],[18.7122435,-33.8563545],[18.7105256,-33.8577751],[18.7103735,-33.8579009],[18.7096695,-33.8584836],[18.7089638,-33.8590881],[18.7079824,-33.859879],[18.7074531,-33.8603113],[18.7065538,-33.8610533],[18.7058689,-33.861615],[18.7051862,-33.8621783],[18.7045878,-33.8626714],[18.7040738,-33.8631087],[18.7039559,-33.8632184],[18.7038328,-33.8633351],[18.7036267,-33.8635515],[18.7034533,-33.8637394],[18.7031306,-33.8641289],[18.7028985,-33.8644272],[18.7025306,-33.8649012],[18.7021645,-33.8653706],[18.7017146,-33.8659467],[18.7013826,-33.8663733],[18.7011282,-33.8667035],[18.700911,-33.8669807],[18.7006579,-33.8673048],[18.7004109,-33.8676232],[18.6986425,-33.8698964],[18.6977554,-33.8710379],[18.6968678,-33.8721777],[18.696092,-33.8731747],[18.6954019,-33.8740625],[18.6950468,-33.8745199],[18.6940681,-33.8757759],[18.6932154,-33.8768755],[18.6927203,-33.877501],[18.6924793,-33.8777875],[18.6922214,-33.8780654],[18.6918727,-33.8783996],[18.6915415,-33.8786732],[18.691293,-33.8788629],[18.6910132,-33.8790728],[18.6906348,-33.8793547],[18.6899392,-33.8798817],[18.6892466,-33.8804242],[18.6889596,-33.8806368],[18.687363,-33.8818193],[18.6866868,-33.8823326],[18.6864198,-33.8825303],[18.6860083,-33.8828431],[18.6858842,-33.8829351],[18.6856701,-33.8830806],[18.6853591,-33.8832846],[18.684898,-33.883632],[18.6837242,-33.8845061],[18.6826923,-33.8852892],[18.6809696,-33.8865879],[18.679226,-33.8878782],[18.675867,-33.8904359],[18.6756531,-33.890595],[18.6723754,-33.893061],[18.6688287,-33.8957388],[18.6663495,-33.8976036],[18.6652703,-33.8984044],[18.6617141,-33.9010799],[18.6588517,-33.9032519],[18.6581757,-33.9037668],[18.658098,-33.9038231],[18.657399,-33.9043296],[18.657032,-33.904559],[18.6565531,-33.9048172],[18.6562124,-33.9049852],[18.6560135,-33.9050757],[18.6557853,-33.9051742],[18.655536,-33.9052816],[18.655039,-33.9054646],[18.6545778,-33.9056137],[18.6543255,-33.9056776],[18.6541185,-33.9057143],[18.6538451,-33.9057476],[18.6535806,-33.9057764],[18.6474314,-33.906335],[18.6461974,-33.9064402],[18.6441651,-33.9066284],[18.6440758,-33.9066371],[18.6431627,-33.9067135],[18.6426429,-33.9067643],[18.6421321,-33.9068079],[18.6407999,-33.906927],[18.6405121,-33.9069481],[18.6393399,-33.9070496],[18.6381657,-33.9071623],[18.6375926,-33.9072105],[18.6361712,-33.9073335],[18.6354601,-33.9073997],[18.6349438,-33.9074326],[18.6347425,-33.9074397],[18.6345075,-33.9074412],[18.634051,-33.9074366],[18.6336602,-33.9074151],[18.6331729,-33.9073712],[18.6325152,-33.9073001],[18.632334,-33.9072781],[18.6321107,-33.907258],[18.6315502,-33.9071978],[18.630717,-33.9071086],[18.6306439,-33.9070985],[18.6305237,-33.9070797],[18.630383,-33.9070491],[18.6301101,-33.9069965],[18.6297593,-33.9069232],[18.6294446,-33.9068478],[18.6273349,-33.9063595],[18.625485,-33.9059378],[18.6254655,-33.9059333],[18.6250187,-33.90583],[18.6245125,-33.9057286],[18.624116,-33.9056587],[18.623524,-33.9055753],[18.623137,-33.9055261],[18.6228203,-33.9055009],[18.6225417,-33.9054846],[18.622213,-33.9054614],[18.6221282,-33.9054479],[18.6214183,-33.9053549],[18.6212937,-33.9053391],[18.6208993,-33.9052888],[18.6207789,-33.9052741],[18.6206697,-33.9052671],[18.6205859,-33.9052623],[18.620134,-33.9052567],[18.6200399,-33.9052553],[18.619897,-33.905249],[18.6193384,-33.9052166],[18.6191816,-33.9052148],[18.6189277,-33.9052227],[18.6187948,-33.9052352],[18.6186177,-33.9052527],[18.6182429,-33.9052967],[18.6166642,-33.9055057],[18.6163039,-33.9055538],[18.6158061,-33.9056218],[18.6149889,-33.9057262],[18.6140926,-33.9058461],[18.6134713,-33.905925],[18.6126887,-33.9060302],[18.6112876,-33.9062134],[18.6098655,-33.9063984],[18.6093449,-33.9064696],[18.609148,-33.9064966],[18.6088908,-33.9065123],[18.6086188,-33.9065205],[18.6083603,-33.906543],[18.6082714,-33.9065536],[18.6026999,-33.9072817],[18.6016304,-33.9074227],[18.6000959,-33.9076279],[18.5986006,-33.9078235],[18.5978131,-33.9079275],[18.5962225,-33.908131],[18.5944177,-33.9083688],[18.5927839,-33.9085979],[18.591132,-33.9088362],[18.5906519,-33.9089191],[18.5900101,-33.9090383],[18.5896658,-33.9091038],[18.5894282,-33.9091435],[18.5888013,-33.9092681],[18.5882586,-33.9093681],[18.5878761,-33.9094316],[18.5874438,-33.9094994],[18.586875,-33.9095835],[18.5862094,-33.9096806],[18.5856546,-33.9097555],[18.5850953,-33.9098318],[18.5843081,-33.909926],[18.5837016,-33.9099815],[18.5831225,-33.9100381],[18.5820083,-33.9101328],[18.580724,-33.9103012],[18.5801486,-33.9103804],[18.5794754,-33.9104696],[18.5786907,-33.9105741],[18.5781149,-33.9106201],[18.5776449,-33.9106516],[18.5772459,-33.9106681],[18.5768286,-33.9106811],[18.5765358,-33.9106861],[18.5761802,-33.9106905],[18.5755071,-33.9106863],[18.5743222,-33.9106616],[18.5735111,-33.9106468],[18.5734106,-33.9106434],[18.5725968,-33.9106256],[18.5722074,-33.9106189],[18.5713243,-33.9105998],[18.5704423,-33.9105768],[18.5691204,-33.9105361],[18.5680085,-33.9105029],[18.5675256,-33.9104878],[18.5666898,-33.9104309],[18.5656881,-33.9104005],[18.5653249,-33.9103918],[18.5650114,-33.9103877],[18.5645891,-33.9103838],[18.5641321,-33.9104133],[18.5635506,-33.9104498],[18.5628668,-33.9104995],[18.5622363,-33.9105541],[18.5616049,-33.9106259],[18.5611074,-33.910688],[18.5605417,-33.9107709],[18.5598593,-33.9108901],[18.5594941,-33.9109586],[18.5591023,-33.9110358],[18.5585961,-33.9111493],[18.5582991,-33.9112189],[18.557818,-33.9113355],[18.5574973,-33.9114167],[18.5571523,-33.9115106],[18.5564054,-33.9117326],[18.5557808,-33.9119185],[18.5555012,-33.9120036],[18.5543197,-33.9123715],[18.5529109,-33.9128011],[18.5513379,-33.9132887],[18.5509991,-33.9133887],[18.5489855,-33.9140069],[18.548671,-33.9141081],[18.5471943,-33.9145582],[18.546586597315528,-33.91474607710944],[18.54597914529054,-33.91493442654479],[18.54537328250885,-33.91512275354945],[18.544781124026937,-33.91534278194375],[18.54419527535836,-33.91556244695109],[18.543615733682575,-33.9157948793443],[18.5430454213608,-33.916036681808215],[18.5424682000002,-33.91627924903509],[18.541891726638966,-33.916518127289756],[18.541299695022836,-33.91675101487598],[18.540717799209467,-33.91697976777029],[18.54011840569818,-33.91721200752207],[18.53950175793069,-33.917432077104095],[18.538879408152066,-33.917629987122396],[18.538256894147725,-33.91781113283529],[18.537614394883757,-33.91797896163827],[18.53697999242353,-33.9181321848399],[18.536343362995034,-33.91826905382062],[18.535699263079103,-33.918386027588355],[18.535060775887032,-33.91848970338513],[18.534427442464523,-33.91858113195719],[18.53379883588221,-33.91866171544417],[18.533182490969104,-33.918807397156144],[18.5325713,-33.9189823],[18.5318604,-33.9190717],[18.5313164,-33.919131],[18.5302865,-33.9192562],[18.5288136,-33.9194432],[18.5278826,-33.919564],[18.5269597,-33.9196808],[18.5233955,-33.9201406],[18.5214306,-33.9203816],[18.5190529,-33.9206824],[18.5170792,-33.9209328],[18.5166105,-33.9209935],[18.5162611,-33.9210424],[18.516076,-33.9210714],[18.5158675,-33.9211059],[18.5154316,-33.921176],[18.5147973,-33.9212795],[18.5134547,-33.9214561],[18.5124564,-33.9215814],[18.5115518,-33.9217107],[18.5114602,-33.9217247],[18.510503768920902,-33.92183128207108],[18.51026237010956,-33.92186689320378],[18.510101437568668,-33.92189360154354],[18.509892225265506,-33.921911407098726],[18.509661555290226,-33.92193366403747],[18.509484529495243,-33.9219559209704],[18.50933969020844,-33.92197817789752],[18.509184122085575,-33.92200043481883],[18.50902318954468,-33.922027143116715],[18.5088461637497,-33.922049400025216],[18.508615493774418,-33.92207165692791],[18.508422374725345,-33.92209836520348],[18.50805910891458,-33.92214851305902],[18.50787015698392,-33.92217426375388],[18.507681205053267,-33.92220001444874],[18.507491920118092,-33.92222583218796],[18.507303334897127,-33.92225244478831],[18.507114749676166,-33.922279057388664],[18.50690692663193,-33.9223098054228],[18.506458997726444,-33.92235431908632],[18.5056553,-33.922451],[18.5044757,-33.9226163],[18.5039009,-33.9226923],[18.5034191,-33.9227585],[18.5021552,-33.9229395],[18.5018855,-33.9229738],[18.5012852,-33.9230426],[18.5008313,-33.9230869],[18.5001879,-33.9231485],[18.4995005,-33.9232177],[18.4984849,-33.9233166],[18.4978774,-33.9233764],[18.4973674,-33.9234314],[18.4964848,-33.9235126],[18.496062,-33.9235527],[18.4958312,-33.9235729],[18.4949742,-33.9236602],[18.4939946,-33.9237775],[18.49262,-33.9239513],[18.4922629,-33.9239951],[18.4918041,-33.9240147],[18.4914327,-33.9240639],[18.4910672,-33.9241202],[18.4908095,-33.9241667],[18.490395,-33.9242476],[18.4900409,-33.9243146],[18.4897137,-33.9243817],[18.489222,-33.9244737],[18.4886641,-33.9245734],[18.4884387,-33.9246051],[18.4856917,-33.9249533],[18.48524004220963,-33.92501841949507],[18.484679460525516,-33.92504957807126],[18.484255671501163,-33.92509409030318],[18.4838671,-33.925147],[18.4835638,-33.9251864],[18.4831409,-33.9252482],[18.4830939,-33.9252599],[18.483045,-33.925271],[18.4828671,-33.9253045],[18.4826601,-33.9253445],[18.4823872,-33.9254012],[18.4821793,-33.9254396],[18.4819718,-33.9254705],[18.4815986,-33.9255181],[18.4813376,-33.925551],[18.4810622,-33.925586],[18.4807657,-33.9256298],[18.4805197,-33.9256739],[18.4802017,-33.9257331],[18.4798867,-33.9257918],[18.4795876,-33.9258573],[18.4794101,-33.9259001],[18.4792311,-33.9259483],[18.4790576,-33.9259984],[18.4788762,-33.9260579],[18.4786777,-33.9261322],[18.4784431,-33.926221],[18.4783005,-33.9262662],[18.4782371,-33.9262844],[18.477985,-33.9263516],[18.4779012,-33.9263776],[18.4777957,-33.9264113],[18.4777747,-33.9264193],[18.4775985,-33.9264735],[18.4774818,-33.9265072],[18.4773931,-33.9265277],[18.4772858,-33.9265454],[18.4772346,-33.9265485],[18.4768603,-33.9265645],[18.4766582,-33.9265857],[18.4765678,-33.926599],[18.4763785,-33.9266342],[18.4762705,-33.9266616],[18.4761784,-33.9266851],[18.476079,-33.92671],[18.4759759,-33.9267374],[18.4758741,-33.9267609],[18.475742,-33.9267851],[18.4756858,-33.926794],[18.475627,-33.9268031],[18.4755366,-33.9268169],[18.4754265,-33.9268378],[18.4753276,-33.9268597],[18.4747278,-33.9269984],[18.4746302,-33.9270224],[18.4745312,-33.9270486],[18.4744341,-33.9270754],[18.4743317,-33.9271066],[18.4735888,-33.9273423],[18.4734912,-33.9273676],[18.4733997,-33.9273875],[18.473269,-33.9274097],[18.473001,-33.927444],[18.4727549,-33.9274754],[18.4725259,-33.9275052],[18.4722977,-33.9275333],[18.4720227,-33.9275677],[18.4717877,-33.9275976],[18.4715601,-33.9276261],[18.4713328,-33.9276556],[18.4712295,-33.927669],[18.4709063,-33.9277085],[18.4707178,-33.9277341],[18.4704463,-33.9277669],[18.4701895,-33.9277995],[18.4700971,-33.9278118],[18.4699706,-33.9278229],[18.4698929,-33.9278268],[18.4696109,-33.9278279],[18.4694986,-33.9278285],[18.4694056,-33.9278325],[18.4693464,-33.9278367],[18.4692963,-33.9278425],[18.4691568,-33.9278611],[18.4691114,-33.9278664],[18.4690587,-33.9278708],[18.46898,-33.9278746],[18.468794,-33.9278771],[18.4685488,-33.9278707],[18.4684506,-33.9278666],[18.4683409,-33.9278591],[18.4682863,-33.9278535],[18.4682326,-33.9278478],[18.4681197,-33.9278296],[18.4680931,-33.9278239],[18.4679513,-33.9277998],[18.4678828,-33.9277904],[18.4675674,-33.9277548],[18.4670734,-33.927699],[18.4668961,-33.9276794],[18.4661252,-33.9275839],[18.4658419,-33.9275478],[18.4656607,-33.9275284],[18.4655115,-33.9275185],[18.4654341,-33.9275099],[18.4653021,-33.9274913],[18.4652252,-33.9274779],[18.4651058,-33.9274623],[18.4650239,-33.9274544],[18.4648672,-33.9274419],[18.4647939,-33.9274346],[18.4646692,-33.927416],[18.4635204,-33.9272232],[18.4631687,-33.9271724],[18.462856,-33.9271394],[18.4627076,-33.9271254],[18.4625407,-33.927113],[18.4623661,-33.9271016],[18.4621807,-33.9270931],[18.4619787,-33.9270847],[18.4617965,-33.9270755],[18.4615406,-33.9270649],[18.4613608,-33.9270534],[18.4611878,-33.927039],[18.461025,-33.9270243],[18.4608331,-33.9270031],[18.4596755,-33.9268648],[18.459553,-33.9268506],[18.4594123,-33.9268292],[18.4593171,-33.926813],[18.4590234,-33.9267566],[18.4589352,-33.9267422],[18.4588016,-33.9267212],[18.4585476,-33.9266902],[18.4584089,-33.926669],[18.4583041,-33.9266511],[18.457928,-33.9265778],[18.4578184,-33.9265589],[18.4576714,-33.9265376],[18.4570848,-33.9264679],[18.4565068,-33.9263944],[18.4553172,-33.9262442],[18.4543514,-33.9261285],[18.4542188,-33.9261084],[18.4541242,-33.9260925],[18.4539189,-33.9260522],[18.4538184,-33.9260342],[18.4536632,-33.92601],[18.4533863,-33.9259768],[18.4528782,-33.9259159],[18.4527243,-33.9258919],[18.4526292,-33.9258742],[18.4524391,-33.9258374],[18.4523377,-33.9258193],[18.452192,-33.9257962],[18.4517236,-33.9257421],[18.4515671,-33.9257178],[18.4514862,-33.9257034],[18.4512721,-33.9256606],[18.4511893,-33.9256468],[18.4510448,-33.9256249],[18.4507278,-33.9255852],[18.4498145,-33.9254767],[18.4488777,-33.9253663],[18.4483639,-33.9253005],[18.4478733,-33.9252434],[18.4475654,-33.9252052],[18.4473764,-33.9251846],[18.4470843,-33.9251655],[18.4468989,-33.925154],[18.446681,-33.9251468],[18.4463249,-33.925149],[18.4460104,-33.9251596],[18.445012,-33.9251774],[18.4442828,-33.9251945],[18.4432628,-33.9252145],[18.4431731,-33.9252168],[18.4430013,-33.9252325],[18.4426233,-33.9252753],[18.4424333,-33.9252857],[18.4423694,-33.9252883],[18.4421286,-33.9253043],[18.4419409,-33.9253209],[18.4417611,-33.9253332],[18.4410418,-33.9253719],[18.4402738,-33.9254143],[18.4395377,-33.9254544],[18.4374128,-33.9255693],[18.43725,-33.9255753],[18.437066,-33.9255783],[18.4369875,-33.9255813],[18.4368862,-33.9255856],[18.4366424,-33.9255962],[18.436231,-33.9255841],[18.4357199,-33.9255646],[18.4352232,-33.9255434],[18.4340069,-33.9254949],[18.4338107,-33.9254956],[18.4336484,-33.9255063],[18.4334445,-33.9255088],[18.4329454,-33.9254874],[18.4326182,-33.9254735],[18.4321996,-33.9254511],[18.4319899,-33.925434],[18.4318142,-33.9254129],[18.4316667,-33.9253917],[18.4315111,-33.9253606],[18.4313137,-33.9253149],[18.43121,-33.925286],[18.4310498,-33.9252359],[18.4308835,-33.9251792],[18.4306761,-33.9250962],[18.4302709,-33.9249306],[18.4295762,-33.9248359],[18.4293683,-33.9247662],[18.4292416,-33.9247252],[18.4290718,-33.9246677],[18.4287039,-33.9245443],[18.4285362,-33.9244865],[18.4283364,-33.9244052],[18.428098,-33.9242854],[18.4278754,-33.9241718],[18.4277769,-33.9241089],[18.4275301,-33.9239402],[18.4274124,-33.923851]]}},{"type":"Feature","properties":{"routeId":"ct-malm","source":"manual-edit","license":"ODbL","stations":19,"stationNames":["CAPE TOWN","ESPLANADE","YSTERPLAAT","CENTURY CITY","MONTE VISTA","AVONDALE","OOSTERZEE","BELLVILLE","STIKLAND","BRACKENFELL","EIKENFONTEIN","KRAAIFONTEIN","FISANTKRAAL","MELLISH","MIKPUNT","KLIPHEUWEL","KALBASKRAAL","ABBOTSDALE","MALMESBURY"],"stationCoords":[[-33.923631,18.427186],[-33.92364,18.446037],[-33.919902,18.476775],[-33.901117,18.511648],[-33.891667,18.549616],[-33.89778,18.592875],[-33.900001,18.607403],[-33.906263,18.626621],[-33.90477,18.656536],[-33.880927,18.688698],[-33.85715,18.711159],[-33.846888,18.724424],[-33.786264,18.711699],[-33.762434,18.717704],[-33.723878,18.707949],[-33.699155,18.700347],[-33.572554,18.647601],[-33.492604,18.681903],[-33.467954,18.722366]],"railHops":18,"chordHops":0,"stationSource":"malm_to_ct_weekday","stationPinsStripped":true,"maxStationOffsetM":91,"manualEdit":true,"manualEditAt":"2026-09-17T02:20:48.346Z","stationOrderOverride":true},"geometry":{"type":"LineString","coordinates":[[18.42739284038544,-33.92348050703526],[18.427695930004123,-33.923694169471844],[18.427878320217136,-33.92380990306792],[18.42806071043015,-33.92391895958187],[18.428213596343998,-33.9240124364827],[18.428328931331638,-33.924076979997224],[18.4284625,-33.9241604],[18.4286824,-33.924265],[18.4289151,-33.9243635],[18.4291013,-33.9244411],[18.4295113,-33.9245712],[18.4296473,-33.9246291],[18.4297992,-33.9246932],[18.4299429,-33.9247513],[18.4301114,-33.924822],[18.4304975,-33.924976],[18.430677,-33.9250284],[18.431063,-33.9251093],[18.431361,-33.9251611],[18.431704,-33.9252265],[18.4320207,-33.9252832],[18.4322172,-33.9253005],[18.4323772,-33.9253051],[18.4334297,-33.9253455],[18.433909,-33.9253698],[18.4342782,-33.9253845],[18.435604,-33.9254387],[18.4360211,-33.9254502],[18.4363132,-33.9254539],[18.4365153,-33.9254519],[18.4367641,-33.9254447],[18.43706,-33.925431],[18.4388428,-33.9253317],[18.4392296,-33.9253139],[18.4394624,-33.9253284],[18.4395426,-33.9253308],[18.4396638,-33.9253293],[18.4398949,-33.9253171],[18.4400817,-33.9252993],[18.4402664,-33.9252765],[18.4404311,-33.9252544],[18.4406015,-33.9252239],[18.4407684,-33.9251863],[18.4409288,-33.9251425],[18.4411869,-33.9250618],[18.4420655,-33.9247803],[18.4425646,-33.9246119],[18.4431635,-33.9244251],[18.4434273,-33.9243399],[18.4436394,-33.9242827],[18.4438133,-33.9242392],[18.4440561,-33.9241883],[18.4443695,-33.9241338],[18.4446725,-33.9240932],[18.4459386,-33.9239296],[18.4462498,-33.923889],[18.4466199,-33.92384],[18.4468177,-33.9238094],[18.4470933,-33.9237596],[18.4479115,-33.9235975],[18.4483557,-33.923508],[18.448532,-33.9234725],[18.4490257,-33.9233722],[18.4496937,-33.9232274],[18.4520461,-33.9226629],[18.452732,-33.9225087],[18.453015,-33.9224406],[18.4533721,-33.922369],[18.4535521,-33.9223349],[18.4539011,-33.9222719],[18.4541177,-33.9222475],[18.4543499,-33.9222181],[18.4547447,-33.9221944],[18.4550793,-33.9221785],[18.4554,-33.9221695],[18.4561775,-33.9221531],[18.4562682,-33.9221524],[18.4564609,-33.9221374],[18.4566138,-33.9221229],[18.4568144,-33.922107],[18.4569276,-33.9221046],[18.4571805,-33.9220834],[18.4574145,-33.9220579],[18.4576115,-33.9220413],[18.4576974,-33.9220406],[18.4578966,-33.9220261],[18.4580019,-33.9220138],[18.4582245,-33.9219953],[18.458442,-33.9219943],[18.4591001,-33.9219843],[18.4593174,-33.9219882],[18.4594501,-33.9219932],[18.4596714,-33.9220088],[18.4599443,-33.9220371],[18.460293,-33.9220805],[18.4609452,-33.9221508],[18.4631066,-33.9224372],[18.4634772,-33.9224798],[18.4638931,-33.9225229],[18.4641398,-33.9225351],[18.4642987,-33.9225423],[18.464575,-33.9225457],[18.4647313,-33.9225468],[18.4649029,-33.922539],[18.4651155,-33.9225284],[18.4653917,-33.9225073],[18.4657237,-33.9224722],[18.4661367,-33.922426],[18.466871,-33.922342],[18.4669181,-33.9223366],[18.4683598,-33.9221702],[18.4686777,-33.9221272],[18.4690393,-33.9220732],[18.4721402,-33.9213808],[18.4733908,-33.9210924],[18.4736181,-33.9210336],[18.4738624,-33.9209666],[18.4741284,-33.9208867],[18.4743478,-33.920814],[18.4747865,-33.9206564],[18.4753535,-33.9204263],[18.4767132,-33.9198661],[18.4780289,-33.9193206],[18.4784633,-33.9191568],[18.4788024,-33.9190436],[18.478958,-33.9189974],[18.4792396,-33.9189179],[18.4796609,-33.9188173],[18.4799745,-33.9187436],[18.4804124,-33.9186468],[18.4806551,-33.9185939],[18.4810648,-33.9185016],[18.4814578,-33.9184125],[18.4820512,-33.9182589],[18.4835539,-33.9179002],[18.4855193,-33.9174315],[18.4864463,-33.9172118],[18.4868868,-33.9171045],[18.4873125,-33.9170082],[18.4874649,-33.9169721],[18.4880062,-33.9168404],[18.488223,-33.9167894],[18.4884831,-33.9167259],[18.4890022,-33.9166024],[18.4896056,-33.9164594],[18.4896671,-33.916446],[18.4900801,-33.9163481],[18.4905951,-33.9162257],[18.4911221,-33.9161016],[18.4912086,-33.916081],[18.4918946,-33.9159552],[18.4927732,-33.9157457],[18.4936615,-33.9155355],[18.4941698,-33.9154258],[18.4948049,-33.9152361],[18.4950421,-33.91515],[18.4952547,-33.9150624],[18.4954545,-33.9149697],[18.4956672,-33.9148549],[18.4958508,-33.9147443],[18.4960056,-33.9146393],[18.4962109,-33.91449],[18.4963767,-33.914354],[18.4966212,-33.914135],[18.4968198,-33.913953],[18.4969218,-33.9138592],[18.4973059,-33.9135061],[18.4977658,-33.9130811],[18.4988123,-33.9120965],[18.4996767,-33.9112243],[18.5001611,-33.9107371],[18.5006423,-33.9102708],[18.5039665,-33.9072032],[18.507499,-33.9039515],[18.5078544,-33.9036243],[18.5079919,-33.9034974],[18.5082373,-33.903287],[18.5084385,-33.9031234],[18.5086716,-33.9029515],[18.5089614,-33.9027621],[18.509245,-33.9025931],[18.5097616,-33.9023033],[18.510473,-33.9019109],[18.5123408,-33.9008749],[18.5128688,-33.9005834],[18.5130278,-33.9004912],[18.5134315,-33.9002685],[18.5138529,-33.9000337],[18.5142574,-33.8998029],[18.5144588,-33.8996819],[18.5146103,-33.8995851],[18.5147967,-33.8994587],[18.5150207,-33.8992912],[18.5151897,-33.8991526],[18.5153426,-33.8990218],[18.5155323,-33.8988482],[18.5157165,-33.8986712],[18.5161003,-33.8982894],[18.5164813,-33.8979103],[18.5170846,-33.8973108],[18.517261,-33.897135],[18.5174376,-33.8969586],[18.5177599,-33.8966577],[18.5179371,-33.8965228],[18.5180525,-33.8964368],[18.5182306,-33.8963084],[18.5183727,-33.8961982],[18.5185822,-33.8960432],[18.5189779,-33.8957682],[18.5192186,-33.8956228],[18.5194884,-33.8954577],[18.5197383,-33.89533],[18.5199341,-33.8952415],[18.5200722,-33.8951831],[18.5202801,-33.8951013],[18.5204545,-33.8950417],[18.520657,-33.8949766],[18.5208628,-33.8949165],[18.5210466,-33.8948714],[18.5213327,-33.8948085],[18.5216095,-33.8947583],[18.5218053,-33.894731],[18.5220423,-33.8947077],[18.5221738,-33.8946983],[18.5223816,-33.8946866],[18.5225681,-33.8946807],[18.5227484,-33.894681],[18.5229583,-33.8946877],[18.523189,-33.8947028],[18.5234076,-33.8947211],[18.5236121,-33.8947425],[18.5238106,-33.8947639],[18.5244778,-33.8948408],[18.5252972,-33.8949343],[18.5255238,-33.8949588],[18.5257586,-33.8949846],[18.525976,-33.8950068],[18.5262758,-33.8950261],[18.5264543,-33.8950306],[18.5266096,-33.8950317],[18.5267134,-33.8950297],[18.5268359,-33.895032],[18.5270067,-33.8950213],[18.5271813,-33.895004],[18.527352,-33.8949833],[18.5275523,-33.8949575],[18.5276974,-33.8949347],[18.5278795,-33.8949021],[18.5301389,-33.8945138],[18.5307208,-33.8944074],[18.5313476,-33.8942987],[18.5327627,-33.8940572],[18.535722,-33.8935512],[18.5365739,-33.8934063],[18.5375013,-33.8932483],[18.5408639,-33.8926738],[18.5423889,-33.89242],[18.542593717575077,-33.892389138432954],[18.542835116386417,-33.89233125031985],[18.543205261230472,-33.89228226803961],[18.543457388877872,-33.892242191607586],[18.543693423271183,-33.89219766221658],[18.543924093246464,-33.89214867985962],[18.544170856475834,-33.89213086808649],[18.544390797615055,-33.8921041504198],[18.544567823410038,-33.89208633863737],[18.54471802711487,-33.89206407390409],[18.544878959655765,-33.89203735621647],[18.5453069,-33.8920064],[18.5455406,-33.8919758],[18.5456931,-33.8919622],[18.5474661,-33.8917949],[18.5475945,-33.8917819],[18.54887,-33.8916661],[18.5504244,-33.8915202],[18.5520262,-33.8913624],[18.5533756,-33.8912346],[18.5538464,-33.8911831],[18.5543597,-33.8911162],[18.5548831,-33.8910371],[18.5553894,-33.8909525],[18.5571127,-33.8906605],[18.5644802,-33.8894187],[18.5653018,-33.8892842],[18.5655314,-33.8892546],[18.5658346,-33.8892191],[18.5660561,-33.8891976],[18.5662952,-33.8891779],[18.5664974,-33.8891675],[18.5668766,-33.8891573],[18.567169,-33.8891573],[18.5674813,-33.8891684],[18.5679902,-33.8891986],[18.5682264,-33.8892185],[18.5684886,-33.8892463],[18.5686918,-33.8892742],[18.5689327,-33.8893125],[18.5693846,-33.8893959],[18.5699034,-33.8895138],[18.5704995,-33.8896839],[18.5709353,-33.8898341],[18.5714474,-33.8900335],[18.5722372,-33.8903945],[18.5765192,-33.8924402],[18.576733,-33.8925317],[18.576961,-33.8926125],[18.5774419,-33.8928505],[18.578739,-33.8934723],[18.5799211,-33.8940389],[18.580021,-33.8940865],[18.5808842,-33.8944819],[18.5851347,-33.8964178],[18.5855661,-33.8966011],[18.5860374,-33.8967713],[18.5863203,-33.8968621],[18.5867899,-33.8969841],[18.5871437,-33.8970591],[18.5875042,-33.8971197],[18.5880381,-33.8971917],[18.5895505,-33.8973602],[18.5915744,-33.8975923],[18.5931443,-33.8977685],[18.5943749,-33.8979032],[18.594533,-33.8979205],[18.5995219,-33.898479],[18.6013621,-33.8986856],[18.6014191,-33.8986916],[18.6027475,-33.8988418],[18.6034682,-33.8989228],[18.604136,-33.8989921],[18.604423,-33.8990334],[18.6047129,-33.8990772],[18.6048722,-33.8991067],[18.6050233,-33.8991365],[18.6054039,-33.8992238],[18.6055278,-33.8992588],[18.6056694,-33.8992975],[18.6057959,-33.8993365],[18.6061268,-33.8994508],[18.6064509,-33.899574],[18.6068291,-33.8997443],[18.6071583,-33.8999081],[18.6074757,-33.9000902],[18.6078139,-33.9003089],[18.6080741,-33.9004953],[18.6081968,-33.900582],[18.6083347,-33.9006849],[18.6095532,-33.901578],[18.610084,-33.9019703],[18.6107893,-33.9024919],[18.6110152,-33.9026621],[18.6115371,-33.9030152],[18.6118531,-33.9032045],[18.6123672,-33.9034883],[18.6127716,-33.9036791],[18.6135677,-33.9040115],[18.6139042,-33.9041477],[18.6142108,-33.9042593],[18.6144619,-33.9043473],[18.6147126,-33.9044244],[18.6149359,-33.904484],[18.6150973,-33.9045262],[18.6152496,-33.9045547],[18.6155249,-33.9045939],[18.6158573,-33.904624],[18.6162354,-33.9046377],[18.6168925,-33.9046463],[18.6175742,-33.9046525],[18.6182205,-33.90466],[18.6189082,-33.9046625],[18.6194245,-33.9046733],[18.6198293,-33.9047242],[18.6205073,-33.9048177],[18.6207412,-33.9048591],[18.6209335,-33.9048997],[18.6212985,-33.9049937],[18.6215024,-33.9050377],[18.6225138,-33.905194],[18.6226324,-33.9052189],[18.6226998,-33.9052354],[18.6231092,-33.9053394],[18.6238516,-33.9055207],[18.6245272,-33.905683],[18.6250437,-33.9057991],[18.6254772,-33.9058987],[18.6254968,-33.9059032],[18.6258101,-33.9059754],[18.629457,-33.9068162],[18.629676997661594,-33.9068621599865],[18.629738688468937,-33.90689332520227],[18.62991034984589,-33.90694452517486],[18.630092740058902,-33.90698014252895],[18.630285859107975,-33.907033568532206],[18.630680143833164,-33.90710480315109],[18.6310899,-33.907189],[18.6311825,-33.9071992],[18.6323244,-33.9073173],[18.6327535,-33.9073647],[18.63307,-33.907399],[18.6336593,-33.9074524],[18.6340626,-33.9074803],[18.6342926,-33.9074862],[18.634523,-33.9074856],[18.6347535,-33.9074794],[18.6349892,-33.9074689],[18.6354555,-33.9074322],[18.6361731,-33.9073692],[18.6374879,-33.9072581],[18.6381657,-33.9071623],[18.6393399,-33.9070496],[18.6405121,-33.9069481],[18.6407999,-33.906927],[18.6421321,-33.9068079],[18.6426429,-33.9067643],[18.6431627,-33.9067135],[18.6440758,-33.9066371],[18.6441651,-33.9066284],[18.6461974,-33.9064402],[18.6474314,-33.906335],[18.6535806,-33.9057764],[18.6538451,-33.9057476],[18.6541185,-33.9057143],[18.6543255,-33.9056776],[18.6545778,-33.9056137],[18.655039,-33.9054646],[18.655536,-33.9052816],[18.6557853,-33.9051742],[18.6560135,-33.9050757],[18.6562124,-33.9049852],[18.6565531,-33.9048172],[18.657032,-33.904559],[18.657399,-33.9043296],[18.658098,-33.9038231],[18.6581757,-33.9037668],[18.6588517,-33.9032519],[18.6617141,-33.9010799],[18.6652703,-33.8984044],[18.6663495,-33.8976036],[18.6688287,-33.8957388],[18.6723754,-33.893061],[18.6756531,-33.890595],[18.675867,-33.8904359],[18.679226,-33.8878782],[18.6809696,-33.8865879],[18.6826923,-33.8852892],[18.6837242,-33.8845061],[18.684898,-33.883632],[18.6853591,-33.8832846],[18.6856701,-33.8830806],[18.6858842,-33.8829351],[18.6860083,-33.8828431],[18.6864198,-33.8825303],[18.6866868,-33.8823326],[18.687363,-33.8818193],[18.6889596,-33.8806368],[18.6892466,-33.8804242],[18.6899392,-33.8798817],[18.6906348,-33.8793547],[18.6910132,-33.8790728],[18.691293,-33.8788629],[18.6915415,-33.8786732],[18.6918727,-33.8783996],[18.6922214,-33.8780654],[18.6924793,-33.8777875],[18.6927203,-33.877501],[18.6932154,-33.8768755],[18.6940681,-33.8757759],[18.6950468,-33.8745199],[18.6954019,-33.8740625],[18.696092,-33.8731747],[18.6968678,-33.8721777],[18.6977554,-33.8710379],[18.6986425,-33.8698964],[18.7004109,-33.8676232],[18.7006579,-33.8673048],[18.700911,-33.8669807],[18.7011282,-33.8667035],[18.7013826,-33.8663733],[18.7017146,-33.8659467],[18.7021645,-33.8653706],[18.7025306,-33.8649012],[18.7028985,-33.8644272],[18.7031306,-33.8641289],[18.7034533,-33.8637394],[18.7036267,-33.8635515],[18.7038328,-33.8633351],[18.7039559,-33.8632184],[18.7040738,-33.8631087],[18.7045878,-33.8626714],[18.7051862,-33.8621783],[18.7058689,-33.861615],[18.7065538,-33.8610533],[18.7074531,-33.8603113],[18.7079824,-33.859879],[18.7089638,-33.8590881],[18.7096695,-33.8584836],[18.7103735,-33.8579009],[18.7105256,-33.8577751],[18.7122435,-33.8563545],[18.7152672,-33.8539035],[18.7166016,-33.8528314],[18.7171497,-33.852407],[18.7180276,-33.8517246],[18.7184157,-33.8514245],[18.7186822,-33.8512151],[18.7190394,-33.850938],[18.719434,-33.8506303],[18.7198277,-33.8503217],[18.7201982,-33.8500357],[18.7205815,-33.8497391],[18.7209092,-33.8494833],[18.7209755,-33.8494327],[18.7210242,-33.8493873],[18.721112,-33.8493129],[18.7212396,-33.8491955],[18.7214613,-33.8490014],[18.7215793,-33.84891],[18.7218678,-33.8486589],[18.7221679,-33.8483481],[18.7222972,-33.8482411],[18.7223298,-33.8482125],[18.7230742,-33.8475753],[18.7233927,-33.8473094],[18.7239484,-33.8468768],[18.7248199,-33.8461957],[18.7254299,-33.8457274],[18.7259816,-33.845299],[18.7261265,-33.8451828],[18.72634,-33.8450101],[18.7263583,-33.8449937],[18.726487,-33.8448888],[18.7265423,-33.844842],[18.7266237,-33.8447659],[18.7267588,-33.8446121],[18.7268192,-33.8445237],[18.7268893,-33.8443981],[18.7269366,-33.8443073],[18.7269795,-33.8442096],[18.7270338,-33.8440834],[18.72706,-33.8440088],[18.7270797,-33.8439503],[18.7271307,-33.8437894],[18.7271555,-33.843693],[18.7272024,-33.8434658],[18.7272189,-33.8433523],[18.7272306,-33.8431971],[18.727236,-33.8431069],[18.7272387,-33.8430203],[18.727239,-33.8429039],[18.7272333,-33.8428044],[18.7272273,-33.8427164],[18.7272165,-33.8426067],[18.7272025,-33.8425051],[18.7271726,-33.8423692],[18.7271267,-33.8421695],[18.7270828,-33.8420141],[18.7268709,-33.8413255],[18.7268163,-33.8411605],[18.7266786,-33.8407111],[18.7265357,-33.8402532],[18.7261126,-33.8388993],[18.7257481,-33.8377113],[18.7250033,-33.8353256],[18.7243844,-33.8333388],[18.7242566,-33.8329307],[18.7236325,-33.8309026],[18.723396,-33.8301716],[18.7225391,-33.8274247],[18.7219919,-33.82567],[18.7218149,-33.825094],[18.7216741,-33.8246662],[18.7215527,-33.8243319],[18.721255,-33.8235905],[18.7210659,-33.8231844],[18.7208077,-33.8226474],[18.7205831,-33.8222206],[18.7194324,-33.8201884],[18.7189349,-33.8193104],[18.7176642,-33.8170748],[18.7168092,-33.8155751],[18.7152682,-33.8128725],[18.7141838,-33.8109616],[18.7135704,-33.8098655],[18.7129121,-33.8087633],[18.7123804,-33.8078014],[18.7119337,-33.8070147],[18.7112264,-33.8057472],[18.7106116,-33.8046655],[18.7103222,-33.8041521],[18.710219,-33.8039567],[18.7101538,-33.8038217],[18.7101122,-33.8037381],[18.7100512,-33.8036072],[18.7099622,-33.8034],[18.7098666,-33.8031484],[18.7097822,-33.8029012],[18.7097094,-33.8026398],[18.7096465,-33.802378],[18.7096095,-33.8021391],[18.7095676,-33.8019088],[18.7095415,-33.8016889],[18.7095258,-33.8014638],[18.7095205,-33.8012021],[18.7095205,-33.8009561],[18.7095233,-33.8008315],[18.7095258,-33.8007257],[18.7095467,-33.8004849],[18.7095729,-33.8002179],[18.7096252,-33.7998358],[18.7097465,-33.7988669],[18.7098962,-33.7976767],[18.7100122,-33.79669],[18.7100747,-33.7961891],[18.7101415,-33.7956817],[18.7102661,-33.7946934],[18.7103998,-33.7936639],[18.7105305,-33.7926313],[18.7106251,-33.7918848],[18.7106598,-33.7916473],[18.7106924,-33.7914164],[18.710752,-33.7910607],[18.7108019,-33.7907708],[18.7109058,-33.790218],[18.7109888,-33.7897032],[18.7110363,-33.7893604],[18.7110667,-33.7891251],[18.7110901,-33.7889403],[18.711125,-33.7886608],[18.7111636,-33.7883734],[18.711187,-33.788184],[18.7112134,-33.7879659],[18.7112711,-33.7875388],[18.7113078,-33.7872494],[18.7113822,-33.7866785],[18.7114657,-33.7860104],[18.7114776,-33.7859344],[18.7116263,-33.7847773],[18.7116573,-33.7845612],[18.7116861,-33.7843702],[18.7117625,-33.783956],[18.7118114,-33.7837028],[18.7118691,-33.7833975],[18.7119087,-33.7831964],[18.7119433,-33.7830132],[18.7119778,-33.7828216],[18.7120743,-33.7823972],[18.7122069,-33.7818913],[18.712348,-33.7813951],[18.712518,-33.780794],[18.7128997,-33.7794495],[18.7132238,-33.7783132],[18.7133487,-33.7778947],[18.7133607,-33.7778532],[18.7133779,-33.7777936],[18.713393,-33.7777414],[18.7136377,-33.7768775],[18.714201,-33.7748994],[18.714831,-33.7726813],[18.714993,-33.7721154],[18.7151532,-33.7715562],[18.7154906,-33.7703862],[18.7160786,-33.7683087],[18.7166746,-33.7662271],[18.7174341,-33.7635569],[18.7175285,-33.7632329],[18.7176069,-33.7629477],[18.7184286,-33.7600757],[18.7185665,-33.7595879],[18.7186726,-33.7591641],[18.7186958,-33.7590471],[18.718726,-33.7588779],[18.718747,-33.7587267],[18.7187783,-33.7585323],[18.7187923,-33.7583627],[18.718812,-33.7580254],[18.7188159,-33.7578001],[18.718808,-33.7575621],[18.7187936,-33.7573269],[18.7187785,-33.757203],[18.7187509,-33.7569945],[18.7187161,-33.7567795],[18.718682,-33.7565961],[18.7186387,-33.7564073],[18.7185862,-33.756201],[18.7185159,-33.7559751],[18.7184464,-33.7557688],[18.7183879,-33.755616],[18.7183111,-33.7554249],[18.7182396,-33.7552667],[18.7181267,-33.7550276],[18.7180026,-33.7547897],[18.7179161,-33.7546208],[18.7176723,-33.7541713],[18.7169395,-33.752816],[18.7160813,-33.751229],[18.7158167,-33.7507417],[18.7151094,-33.7494246],[18.7143839,-33.7480828],[18.714163,-33.7476467],[18.7139748,-33.7473045],[18.7138285,-33.7470162],[18.7136905,-33.7467361],[18.7135377,-33.7463608],[18.7134373,-33.7460688],[18.7133022,-33.7456517],[18.7130624,-33.744848],[18.7127699,-33.7438744],[18.7124204,-33.7428367],[18.7122515,-33.7422999],[18.7120886,-33.7417769],[18.7117216,-33.7405668],[18.7112111,-33.7389552],[18.7110265,-33.738318],[18.7109141,-33.7379755],[18.7108323,-33.7376586],[18.7107096,-33.7371833],[18.7095827,-33.7318495],[18.7084992,-33.7267327],[18.7079818,-33.7243338],[18.7079586,-33.724222],[18.7077778,-33.7233728],[18.7076061,-33.7225553],[18.707514,-33.7221193],[18.7074054,-33.7216088],[18.7073033,-33.7211404],[18.7071839,-33.7205644],[18.7070728,-33.7200449],[18.7069741,-33.7195861],[18.7068331,-33.7189307],[18.7067111,-33.7183608],[18.7065726,-33.7176978],[18.7064573,-33.7171459],[18.7063586,-33.7166816],[18.7061811,-33.7158509],[18.7061139,-33.7155205],[18.7060592,-33.7151796],[18.7060368,-33.7149975],[18.706021,-33.7148409],[18.7060078,-33.7146663],[18.7060011,-33.7144959],[18.7059995,-33.7143062],[18.7060056,-33.7140916],[18.7060132,-33.7139477],[18.7060275,-33.7137394],[18.7060692,-33.7133134],[18.706104,-33.7129877],[18.7061363,-33.7126545],[18.7061878,-33.7121329],[18.7062641,-33.7113822],[18.7063113,-33.7109013],[18.7063702,-33.7103279],[18.7063951,-33.7100802],[18.7064465,-33.7095752],[18.7064806,-33.7092412],[18.7065077,-33.7089454],[18.7065372,-33.7086207],[18.7065544,-33.7082911],[18.7065502,-33.7080448],[18.7065378,-33.7078785],[18.7065046,-33.7076425],[18.7064673,-33.7074314],[18.7064167,-33.7072389],[18.7063437,-33.7069967],[18.7062508,-33.7067504],[18.7061438,-33.7065144],[18.7060169,-33.7062853],[18.7058966,-33.7060914],[18.7057755,-33.7059113],[18.7055806,-33.705656],[18.7053318,-33.70534],[18.7050332,-33.7049688],[18.7047578,-33.7046279],[18.7045445,-33.7043693],[18.7042736,-33.7040335],[18.7040209,-33.7037192],[18.7037673,-33.7034017],[18.7035825,-33.7031602],[18.7033851,-33.7029294],[18.7032126,-33.7026924],[18.7030718,-33.7025302],[18.702938,-33.702335],[18.7028307,-33.7022071],[18.7028034,-33.7021686],[18.7026263,-33.70196],[18.7025598,-33.7018854],[18.7023533,-33.7016373],[18.7020912,-33.7013455],[18.7019344,-33.7011605],[18.7017048,-33.7008947],[18.701528,-33.7006727],[18.7011639,-33.7002172],[18.7007729,-33.699722],[18.70032,-33.6991695],[18.6999695,-33.6987309],[18.6997771,-33.6984838],[18.6996692,-33.6983423],[18.6995697,-33.6981988],[18.6994884,-33.6980753],[18.6994071,-33.6979407],[18.6993159,-33.6977848],[18.699218,-33.6976012],[18.69916,-33.6974839],[18.6990986,-33.6973486],[18.6990276,-33.6971754],[18.6989716,-33.697034],[18.6989212,-33.6969022],[18.6988947,-33.6968257],[18.6988473,-33.6966896],[18.6987987,-33.696527],[18.6987833,-33.6964797],[18.6987362,-33.6963546],[18.6987063,-33.696248],[18.6986197,-33.6960192],[18.6985775,-33.6959139],[18.6984541,-33.6956117],[18.6983539,-33.6953713],[18.6982612,-33.6951184],[18.6980832,-33.69463],[18.6967696,-33.690833],[18.6949752,-33.6856694],[18.6945127,-33.6843484],[18.6935933,-33.6817061],[18.6930795,-33.6802257],[18.6925168,-33.678614],[18.692392,-33.678257],[18.6922637,-33.6778631],[18.6922004,-33.6776512],[18.6921372,-33.6774307],[18.6920426,-33.6770702],[18.6917559,-33.675956],[18.691615,-33.6754293],[18.6914729,-33.674868],[18.6910102,-33.6730766],[18.6907084,-33.6719126],[18.6905878,-33.6714382],[18.690443,-33.6708154],[18.6903853,-33.6705151],[18.6903115,-33.6700989],[18.6902611,-33.6697528],[18.6902069,-33.6693455],[18.6901559,-33.668885],[18.6900862,-33.6682003],[18.6900366,-33.6677103],[18.6900218,-33.667486],[18.6900137,-33.6672928],[18.6900077,-33.6670255],[18.6900084,-33.6668749],[18.6900271,-33.6664452],[18.6900398,-33.6662782],[18.6900545,-33.6661171],[18.6900928,-33.6657771],[18.6901325,-33.665429],[18.6902105,-33.6648417],[18.6902678,-33.6644008],[18.6903156,-33.6639884],[18.6903889,-33.6634352],[18.6904208,-33.6631208],[18.6904537,-33.6629041],[18.6904371,-33.6627756],[18.690433,-33.6625853],[18.6904197,-33.6623492],[18.6903956,-33.662117],[18.6903627,-33.66192],[18.6903285,-33.6617364],[18.6902903,-33.6615773],[18.6902467,-33.6614182],[18.6901958,-33.6612575],[18.69013,-33.6610772],[18.6900523,-33.6608841],[18.6899839,-33.6607284],[18.6899108,-33.6605827],[18.6898209,-33.6604153],[18.6897337,-33.6602663],[18.6896123,-33.6600704],[18.6894462,-33.6598735],[18.6890341,-33.6593299],[18.6876883,-33.657615],[18.6873469,-33.6571934],[18.6869043,-33.6566368],[18.6866598,-33.6563315],[18.6859137,-33.6553915],[18.6852952,-33.6546139],[18.6847472,-33.6539279],[18.683944,-33.6529116],[18.6828045,-33.6514786],[18.6825204,-33.6511299],[18.6820146,-33.6505074],[18.6807707,-33.6489282],[18.6799179,-33.6478196],[18.6793472,-33.6471414],[18.6789126,-33.6465838],[18.6785747,-33.646006],[18.6782548,-33.645363],[18.6775789,-33.6440617],[18.6767753,-33.6425109],[18.6765956,-33.6421837],[18.6753821,-33.6398631],[18.6751589,-33.6394294],[18.6744289,-33.6380348],[18.6734812,-33.6362288],[18.6732502,-33.6357767],[18.6728215,-33.6349668],[18.6725043,-33.6343423],[18.6721076,-33.6335927],[18.6717277,-33.6328674],[18.6713687,-33.6321849],[18.6710062,-33.6314833],[18.6709056,-33.6312926],[18.6705957,-33.630696],[18.6703361,-33.6301943],[18.6700262,-33.6295962],[18.6700211,-33.6295863],[18.6696838,-33.6289376],[18.6694524,-33.6284992],[18.6690788,-33.6277822],[18.6688887,-33.6274159],[18.6687442,-33.627166],[18.6686515,-33.6270167],[18.6685072,-33.6268032],[18.6683837,-33.6266337],[18.6682856,-33.6265023],[18.668161,-33.6263354],[18.6680579,-33.6261951],[18.6678703,-33.6259472],[18.6672433,-33.625113],[18.6666249,-33.6242881],[18.6658458,-33.6232503],[18.6648162,-33.6218778],[18.6639173,-33.6206729],[18.6637027,-33.6203948],[18.663527,-33.6201519],[18.6633406,-33.619876],[18.6632155,-33.6196771],[18.6631026,-33.6194662],[18.6630064,-33.619272],[18.662894,-33.6190334],[18.6627908,-33.6187866],[18.6626714,-33.6184611],[18.6626332,-33.6183477],[18.6626011,-33.6181272],[18.6624602,-33.6176907],[18.6623663,-33.6171292],[18.6623364,-33.6165286],[18.6623236,-33.6157717],[18.6623108,-33.6148122],[18.6622961,-33.6124169],[18.6622511,-33.6096661],[18.6622596,-33.6090975],[18.6623108,-33.6086319],[18.6624389,-33.6080668],[18.6626138,-33.6075942],[18.6628272,-33.6071854],[18.6633521,-33.6062045],[18.6644616,-33.603944],[18.6652639,-33.6024228],[18.6654345,-33.6019181],[18.6655412,-33.6015627],[18.6656522,-33.6011433],[18.6657205,-33.6007487],[18.6657461,-33.6003613],[18.6657589,-33.599885],[18.6657375,-33.599494],[18.6656991,-33.5991422],[18.6656223,-33.5986765],[18.6655028,-33.5981682],[18.665362,-33.597763],[18.6651964,-33.5973933],[18.6651742,-33.5973436],[18.6648883,-33.5967536],[18.6646408,-33.5963803],[18.664389,-33.596032],[18.6640733,-33.5956481],[18.6623663,-33.5935509],[18.65995,-33.5905645],[18.659904,-33.5905187],[18.657815,-33.5879454],[18.6577458,-33.5878601],[18.6572058,-33.5872016],[18.656831,-33.5867377],[18.6565832,-33.586442],[18.6564225,-33.5862547],[18.6561043,-33.585908],[18.6557524,-33.5855346],[18.6551496,-33.5848807],[18.6549859,-33.5847061],[18.6548931,-33.5846028],[18.6548054,-33.5845117],[18.6546264,-33.5843123],[18.6521655,-33.5816676],[18.6509278,-33.5803293],[18.6505652,-33.5799373],[18.6501613,-33.5795014],[18.6499471,-33.5792548],[18.6497781,-33.5790349],[18.649658,-33.5788686],[18.6495103,-33.5786442],[18.6494101,-33.5784817],[18.6493038,-33.5782988],[18.649202,-33.5781153],[18.6490382,-33.5777591],[18.6490138,-33.5776986],[18.648856,-33.5773328],[18.6487592,-33.5770398],[18.6485455,-33.5762873],[18.6484316,-33.5758595],[18.6483789,-33.5757259],[18.648307,-33.5755405],[18.6482474,-33.5753225],[18.6481189,-33.5748509],[18.64792,-33.5741166],[18.6476951,-33.5732639],[18.6474893,-33.5724959],[18.6473631,-33.5720096],[18.6473233,-33.5718324],[18.647295,-33.571652],[18.6472503,-33.5714289],[18.6471687,-33.5711239],[18.6471346,-33.5709879],[18.6470595,-33.5707208],[18.6470109,-33.5705479],[18.6469452,-33.5702582],[18.6468529,-33.5697944],[18.6468042,-33.5694258],[18.646814,-33.5690024],[18.6468358,-33.5685953],[18.6468827,-33.56833],[18.6469095,-33.5681866],[18.6469814,-33.5678947],[18.6471515,-33.5672795],[18.6472149,-33.5670701],[18.6473041,-33.5667405],[18.6473705,-33.5664933],[18.6474387,-33.566268],[18.6476123,-33.5656253],[18.6480401,-33.5641008],[18.6484562,-33.5625907],[18.6486582,-33.561838],[18.6487239,-33.5616123],[18.6487744,-33.5614759],[18.6488479,-33.5612949],[18.648958,-33.5610386],[18.6491646,-33.5606574],[18.6493237,-33.5604101],[18.6495027,-33.5601628],[18.6497857,-33.5598096],[18.6502432,-33.5592856],[18.6510358,-33.558358],[18.6518664,-33.5573988],[18.6522703,-33.5569385],[18.6527905,-33.5563278],[18.6530001,-33.5560881],[18.6545424,-33.5543099],[18.6571235,-33.5513203],[18.6578977,-33.5504192],[18.6586302,-33.5495729],[18.6593248,-33.5487683],[18.6605533,-33.5473389],[18.6612255,-33.5465713],[18.6637188,-33.5436732],[18.664671,-33.5425121],[18.6651172,-33.5418922],[18.6654953,-33.5413163],[18.6658185,-33.5407891],[18.6661657,-33.5401386],[18.6665061,-33.5394738],[18.6669736,-33.5384337],[18.6672452,-33.5378147],[18.6674686,-33.5373849],[18.6677024,-33.5369751],[18.6680771,-33.5364249],[18.6702533,-33.5332011],[18.6710921,-33.5319746],[18.6715218,-33.531327],[18.6720719,-33.5305532],[18.6725876,-33.5297935],[18.6729795,-33.5291633],[18.6731287,-33.5288874],[18.6736327,-33.5279138],[18.6742343,-33.5266787],[18.6752588,-33.5245665],[18.6757332,-33.5235405],[18.6758579,-33.5231683],[18.6758968,-33.523014],[18.6759746,-33.5226707],[18.6760185,-33.5222307],[18.6760256,-33.5221072],[18.6760363,-33.5218154],[18.6760323,-33.5216088],[18.6760185,-33.5208263],[18.6760426,-33.5204337],[18.6760976,-33.5200439],[18.6761629,-33.5197602],[18.6762454,-33.5194363],[18.6763795,-33.5190522],[18.6766098,-33.5183042],[18.6772046,-33.5163953],[18.6775381,-33.5153634],[18.6777168,-33.5148676],[18.6778763,-33.5145322],[18.6780131,-33.5142906],[18.6781727,-33.5140312],[18.6783296,-33.5138199],[18.6785093,-33.5135963],[18.6787789,-33.5132675],[18.6788341,-33.5131822],[18.6791298,-33.5128526],[18.6798173,-33.5119841],[18.6799377,-33.5117863],[18.6801955,-33.5113219],[18.6802259,-33.511256],[18.6803605,-33.5109464],[18.6805083,-33.510505],[18.6805977,-33.5101094],[18.6806562,-33.509691],[18.680663,-33.5093154],[18.6806562,-33.5089514],[18.680608,-33.508596],[18.6805565,-33.5082692],[18.6804499,-33.5078707],[18.6802574,-33.5073892],[18.6800511,-33.5069993],[18.6797898,-33.506555],[18.6793085,-33.5058498],[18.6788169,-33.5051074],[18.6785797,-33.5046659],[18.6784113,-33.5042904],[18.6782497,-33.5037744],[18.6781534,-33.5034132],[18.6781053,-33.5031352],[18.6780834,-33.5028527],[18.6780783,-33.5022194],[18.6780989,-33.5020232],[18.6781264,-33.5017777],[18.6781755,-33.5015355],[18.6782335,-33.501323],[18.6783651,-33.5009018],[18.6787346,-33.4999491],[18.6792986,-33.4985179],[18.6796146,-33.4976341],[18.6801726,-33.496137],[18.6806885,-33.4947831],[18.6809266,-33.4941844],[18.6811467,-33.4937391],[18.6814028,-33.493333],[18.6817744,-33.4928215],[18.6825982,-33.4918731],[18.6830758,-33.4913925],[18.6836116,-33.4908121],[18.684882,-33.4894102],[18.6857154,-33.4885216],[18.6862501,-33.4879678],[18.6865836,-33.487638],[18.6874427,-33.4869484],[18.6898051,-33.4855369],[18.6907231,-33.4849648],[18.691754,-33.4843709],[18.6919903,-33.4842214],[18.6937999,-33.4831582],[18.6944963,-33.4827255],[18.6945142,-33.4827156],[18.697305,-33.4810773],[18.6988632,-33.4801534],[18.6993177,-33.4799036],[18.6997182,-33.479708],[18.7001691,-33.4795485],[18.7005948,-33.4794161],[18.7009989,-33.4792988],[18.7011442,-33.4792717],[18.7015328,-33.4792055],[18.7018864,-33.4791634],[18.7023085,-33.4791423],[18.70303,-33.4791243],[18.703867,-33.4791213],[18.7048014,-33.4791032],[18.7052956,-33.4790791],[18.7059125,-33.4789889],[18.7063274,-33.4789196],[18.7067639,-33.4788234],[18.707186,-33.478712],[18.7078607,-33.4784833],[18.7085517,-33.4781982],[18.7090656,-33.4779146],[18.7096505,-33.4775765],[18.7102218,-33.4771361],[18.7104092,-33.4769917],[18.7105758,-33.4768633],[18.7109246,-33.4765348],[18.7111248,-33.4763354],[18.7113357,-33.4761326],[18.713261,-33.4741717],[18.7134549,-33.4739752],[18.7135411,-33.4738853],[18.7139342,-33.4734854],[18.7143442,-33.4730698],[18.7149486,-33.4724615],[18.7155435,-33.4718484],[18.7158475,-33.4715279],[18.7165165,-33.4708651],[18.7168984,-33.4704749],[18.7172656,-33.4701104],[18.717501,-33.4699031],[18.7178231,-33.4696454],[18.7181359,-33.4694337],[18.7184173,-33.4692642],[18.7187109,-33.4691049],[18.7189218,-33.4690052],[18.7191656,-33.4688926],[18.7193435,-33.4688209],[18.7194639,-33.4687697],[18.7196157,-33.4687103],[18.7201248,-33.4685549],[18.7209613,-33.468347],[18.7225008,-33.4679585]]}}]}